date,sst,clim_91-20,ano_91-20,status
1979-01-01,20.084,20.238,-0.154,FINAL
1979-01-02,20.081,20.242,-0.161,FINAL
1979-01-03,20.087,20.247,-0.16,FINAL
1979-01-04,20.101,20.252,-0.151,FINAL
1979-01-05,20.116,20.256,-0.14,FINAL
1979-01-06,20.132,20.261,-0.13,FINAL
1979-01-07,20.145,20.266,-0.121,FINAL
1979-01-08,20.153,20.271,-0.118,FINAL
1979-01-09,20.156,20.276,-0.12,FINAL
1979-01-10,20.155,20.281,-0.126,FINAL
1979-01-11,20.152,20.286,-0.134,FINAL
1979-01-12,20.145,20.291,-0.147,FINAL
1979-01-13,20.134,20.297,-0.163,FINAL
1979-01-14,20.126,20.302,-0.176,FINAL
1979-01-15,20.126,20.307,-0.181,FINAL
1979-01-16,20.131,20.313,-0.181,FINAL
1979-01-17,20.136,20.318,-0.183,FINAL
1979-01-18,20.138,20.324,-0.186,FINAL
1979-01-19,20.138,20.329,-0.191,FINAL
1979-01-20,20.14,20.335,-0.195,FINAL
1979-01-21,20.144,20.341,-0.196,FINAL
1979-01-22,20.151,20.346,-0.195,FINAL
1979-01-23,20.162,20.352,-0.19,FINAL
1979-01-24,20.173,20.358,-0.185,FINAL
1979-01-25,20.183,20.364,-0.181,FINAL
1979-01-26,20.193,20.37,-0.176,FINAL
1979-01-27,20.205,20.375,-0.17,FINAL
1979-01-28,20.219,20.381,-0.162,FINAL
1979-01-29,20.235,20.387,-0.152,FINAL
1979-01-30,20.246,20.392,-0.147,FINAL
1979-01-31,20.253,20.398,-0.145,FINAL
1979-02-01,20.256,20.404,-0.147,FINAL
1979-02-02,20.259,20.409,-0.15,FINAL
1979-02-03,20.257,20.415,-0.157,FINAL
1979-02-04,20.254,20.42,-0.166,FINAL
1979-02-05,20.25,20.425,-0.175,FINAL
1979-02-06,20.248,20.43,-0.182,FINAL
1979-02-07,20.25,20.436,-0.185,FINAL
1979-02-08,20.259,20.44,-0.181,FINAL
1979-02-09,20.273,20.445,-0.172,FINAL
1979-02-10,20.288,20.45,-0.162,FINAL
1979-02-11,20.299,20.455,-0.156,FINAL
1979-02-12,20.301,20.459,-0.159,FINAL
1979-02-13,20.296,20.463,-0.168,FINAL
1979-02-14,20.289,20.468,-0.179,FINAL
1979-02-15,20.28,20.472,-0.192,FINAL
1979-02-16,20.271,20.476,-0.205,FINAL
1979-02-17,20.259,20.48,-0.221,FINAL
1979-02-18,20.25,20.483,-0.233,FINAL
1979-02-19,20.25,20.487,-0.237,FINAL
1979-02-20,20.254,20.49,-0.236,FINAL
1979-02-21,20.261,20.493,-0.232,FINAL
1979-02-22,20.269,20.497,-0.227,FINAL
1979-02-23,20.276,20.5,-0.223,FINAL
1979-02-24,20.282,20.503,-0.22,FINAL
1979-02-25,20.29,20.505,-0.215,FINAL
1979-02-26,20.297,20.508,-0.211,FINAL
1979-02-27,20.303,20.51,-0.207,FINAL
1979-02-28,20.307,20.513,-0.206,FINAL
1979-03-01,20.306,20.515,-0.209,FINAL
1979-03-02,20.304,20.517,-0.214,FINAL
1979-03-03,20.303,20.52,-0.216,FINAL
1979-03-04,20.307,20.522,-0.215,FINAL
1979-03-05,20.315,20.523,-0.208,FINAL
1979-03-06,20.325,20.525,-0.2,FINAL
1979-03-07,20.334,20.527,-0.193,FINAL
1979-03-08,20.339,20.529,-0.189,FINAL
1979-03-09,20.339,20.53,-0.191,FINAL
1979-03-10,20.334,20.531,-0.198,FINAL
1979-03-11,20.327,20.533,-0.206,FINAL
1979-03-12,20.319,20.534,-0.215,FINAL
1979-03-13,20.309,20.535,-0.226,FINAL
1979-03-14,20.296,20.536,-0.24,FINAL
1979-03-15,20.287,20.537,-0.25,FINAL
1979-03-16,20.285,20.538,-0.252,FINAL
1979-03-17,20.287,20.538,-0.251,FINAL
1979-03-18,20.289,20.539,-0.25,FINAL
1979-03-19,20.285,20.539,-0.254,FINAL
1979-03-20,20.276,20.54,-0.264,FINAL
1979-03-21,20.263,20.54,-0.277,FINAL
1979-03-22,20.254,20.54,-0.286,FINAL
1979-03-23,20.253,20.54,-0.287,FINAL
1979-03-24,20.265,20.54,-0.275,FINAL
1979-03-25,20.284,20.539,-0.255,FINAL
1979-03-26,20.301,20.539,-0.238,FINAL
1979-03-27,20.318,20.538,-0.22,FINAL
1979-03-28,20.339,20.538,-0.199,FINAL
1979-03-29,20.366,20.537,-0.171,FINAL
1979-03-30,20.388,20.536,-0.148,FINAL
1979-03-31,20.395,20.535,-0.14,FINAL
1979-04-01,20.389,20.534,-0.144,FINAL
1979-04-02,20.383,20.532,-0.15,FINAL
1979-04-03,20.377,20.531,-0.154,FINAL
1979-04-04,20.374,20.529,-0.156,FINAL
1979-04-05,20.37,20.528,-0.158,FINAL
1979-04-06,20.363,20.526,-0.162,FINAL
1979-04-07,20.354,20.524,-0.17,FINAL
1979-04-08,20.341,20.522,-0.181,FINAL
1979-04-09,20.331,20.52,-0.189,FINAL
1979-04-10,20.326,20.517,-0.192,FINAL
1979-04-11,20.323,20.515,-0.193,FINAL
1979-04-12,20.317,20.513,-0.196,FINAL
1979-04-13,20.304,20.51,-0.206,FINAL
1979-04-14,20.287,20.508,-0.22,FINAL
1979-04-15,20.277,20.505,-0.228,FINAL
1979-04-16,20.265,20.502,-0.237,FINAL
1979-04-17,20.258,20.5,-0.242,FINAL
1979-04-18,20.256,20.497,-0.241,FINAL
1979-04-19,20.261,20.494,-0.232,FINAL
1979-04-20,20.27,20.491,-0.221,FINAL
1979-04-21,20.281,20.488,-0.207,FINAL
1979-04-22,20.291,20.485,-0.194,FINAL
1979-04-23,20.298,20.482,-0.183,FINAL
1979-04-24,20.3,20.479,-0.179,FINAL
1979-04-25,20.295,20.476,-0.181,FINAL
1979-04-26,20.285,20.473,-0.187,FINAL
1979-04-27,20.273,20.469,-0.196,FINAL
1979-04-28,20.26,20.466,-0.206,FINAL
1979-04-29,20.251,20.463,-0.212,FINAL
1979-04-30,20.249,20.46,-0.211,FINAL
1979-05-01,20.249,20.457,-0.208,FINAL
1979-05-02,20.243,20.453,-0.21,FINAL
1979-05-03,20.23,20.45,-0.22,FINAL
1979-05-04,20.213,20.447,-0.234,FINAL
1979-05-05,20.2,20.444,-0.244,FINAL
1979-05-06,20.189,20.441,-0.252,FINAL
1979-05-07,20.179,20.437,-0.259,FINAL
1979-05-08,20.168,20.434,-0.266,FINAL
1979-05-09,20.162,20.431,-0.269,FINAL
1979-05-10,20.16,20.428,-0.268,FINAL
1979-05-11,20.162,20.425,-0.263,FINAL
1979-05-12,20.166,20.421,-0.255,FINAL
1979-05-13,20.17,20.418,-0.248,FINAL
1979-05-14,20.171,20.415,-0.244,FINAL
1979-05-15,20.169,20.412,-0.243,FINAL
1979-05-16,20.169,20.409,-0.24,FINAL
1979-05-17,20.165,20.406,-0.241,FINAL
1979-05-18,20.16,20.403,-0.243,FINAL
1979-05-19,20.155,20.4,-0.245,FINAL
1979-05-20,20.147,20.397,-0.25,FINAL
1979-05-21,20.141,20.394,-0.253,FINAL
1979-05-22,20.138,20.392,-0.254,FINAL
1979-05-23,20.139,20.389,-0.25,FINAL
1979-05-24,20.143,20.386,-0.243,FINAL
1979-05-25,20.146,20.383,-0.237,FINAL
1979-05-26,20.15,20.381,-0.231,FINAL
1979-05-27,20.155,20.378,-0.224,FINAL
1979-05-28,20.16,20.376,-0.216,FINAL
1979-05-29,20.162,20.374,-0.211,FINAL
1979-05-30,20.157,20.371,-0.214,FINAL
1979-05-31,20.15,20.369,-0.219,FINAL
1979-06-01,20.157,20.367,-0.211,FINAL
1979-06-02,20.157,20.365,-0.208,FINAL
1979-06-03,20.158,20.363,-0.205,FINAL
1979-06-04,20.156,20.361,-0.205,FINAL
1979-06-05,20.155,20.36,-0.205,FINAL
1979-06-06,20.16,20.358,-0.198,FINAL
1979-06-07,20.175,20.357,-0.181,FINAL
1979-06-08,20.193,20.355,-0.162,FINAL
1979-06-09,20.207,20.354,-0.147,FINAL
1979-06-10,20.216,20.353,-0.137,FINAL
1979-06-11,20.223,20.352,-0.129,FINAL
1979-06-12,20.229,20.351,-0.122,FINAL
1979-06-13,20.23,20.35,-0.12,FINAL
1979-06-14,20.225,20.349,-0.125,FINAL
1979-06-15,20.211,20.349,-0.137,FINAL
1979-06-16,20.197,20.348,-0.151,FINAL
1979-06-17,20.181,20.348,-0.167,FINAL
1979-06-18,20.169,20.347,-0.178,FINAL
1979-06-19,20.164,20.347,-0.183,FINAL
1979-06-20,20.161,20.347,-0.186,FINAL
1979-06-21,20.157,20.347,-0.191,FINAL
1979-06-22,20.146,20.347,-0.201,FINAL
1979-06-23,20.134,20.348,-0.213,FINAL
1979-06-24,20.127,20.348,-0.221,FINAL
1979-06-25,20.123,20.348,-0.225,FINAL
1979-06-26,20.119,20.349,-0.23,FINAL
1979-06-27,20.113,20.349,-0.236,FINAL
1979-06-28,20.111,20.35,-0.239,FINAL
1979-06-29,20.115,20.351,-0.236,FINAL
1979-06-30,20.12,20.352,-0.232,FINAL
1979-07-01,20.124,20.353,-0.229,FINAL
1979-07-02,20.12,20.354,-0.234,FINAL
1979-07-03,20.112,20.355,-0.243,FINAL
1979-07-04,20.104,20.356,-0.252,FINAL
1979-07-05,20.097,20.358,-0.261,FINAL
1979-07-06,20.09,20.359,-0.268,FINAL
1979-07-07,20.087,20.36,-0.273,FINAL
1979-07-08,20.087,20.362,-0.275,FINAL
1979-07-09,20.091,20.363,-0.273,FINAL
1979-07-10,20.097,20.365,-0.268,FINAL
1979-07-11,20.106,20.367,-0.26,FINAL
1979-07-12,20.117,20.369,-0.252,FINAL
1979-07-13,20.126,20.37,-0.245,FINAL
1979-07-14,20.13,20.372,-0.242,FINAL
1979-07-15,20.132,20.374,-0.243,FINAL
1979-07-16,20.139,20.376,-0.238,FINAL
1979-07-17,20.145,20.378,-0.233,FINAL
1979-07-18,20.152,20.38,-0.228,FINAL
1979-07-19,20.157,20.383,-0.226,FINAL
1979-07-20,20.16,20.385,-0.225,FINAL
1979-07-21,20.162,20.387,-0.225,FINAL
1979-07-22,20.164,20.389,-0.225,FINAL
1979-07-23,20.167,20.391,-0.224,FINAL
1979-07-24,20.171,20.394,-0.223,FINAL
1979-07-25,20.173,20.396,-0.223,FINAL
1979-07-26,20.173,20.398,-0.225,FINAL
1979-07-27,20.169,20.401,-0.231,FINAL
1979-07-28,20.164,20.403,-0.239,FINAL
1979-07-29,20.16,20.405,-0.245,FINAL
1979-07-30,20.157,20.407,-0.25,FINAL
1979-07-31,20.155,20.41,-0.255,FINAL
1979-08-01,20.152,20.412,-0.26,FINAL
1979-08-02,20.15,20.414,-0.264,FINAL
1979-08-03,20.15,20.416,-0.266,FINAL
1979-08-04,20.153,20.418,-0.265,FINAL
1979-08-05,20.16,20.42,-0.26,FINAL
1979-08-06,20.174,20.422,-0.248,FINAL
1979-08-07,20.189,20.424,-0.234,FINAL
1979-08-08,20.204,20.426,-0.221,FINAL
1979-08-09,20.218,20.427,-0.209,FINAL
1979-08-10,20.225,20.429,-0.203,FINAL
1979-08-11,20.226,20.43,-0.204,FINAL
1979-08-12,20.222,20.431,-0.209,FINAL
1979-08-13,20.215,20.432,-0.218,FINAL
1979-08-14,20.205,20.433,-0.229,FINAL
1979-08-15,20.19,20.434,-0.244,FINAL
1979-08-16,20.172,20.435,-0.262,FINAL
1979-08-17,20.154,20.435,-0.281,FINAL
1979-08-18,20.145,20.436,-0.291,FINAL
1979-08-19,20.142,20.436,-0.294,FINAL
1979-08-20,20.142,20.436,-0.293,FINAL
1979-08-21,20.144,20.436,-0.292,FINAL
1979-08-22,20.147,20.435,-0.288,FINAL
1979-08-23,20.154,20.434,-0.281,FINAL
1979-08-24,20.163,20.433,-0.271,FINAL
1979-08-25,20.173,20.432,-0.26,FINAL
1979-08-26,20.184,20.431,-0.247,FINAL
1979-08-27,20.19,20.429,-0.239,FINAL
1979-08-28,20.189,20.428,-0.238,FINAL
1979-08-29,20.185,20.426,-0.24,FINAL
1979-08-30,20.183,20.423,-0.241,FINAL
1979-08-31,20.186,20.421,-0.235,FINAL
1979-09-01,20.191,20.418,-0.228,FINAL
1979-09-02,20.192,20.415,-0.223,FINAL
1979-09-03,20.194,20.412,-0.219,FINAL
1979-09-04,20.196,20.409,-0.213,FINAL
1979-09-05,20.203,20.405,-0.202,FINAL
1979-09-06,20.21,20.401,-0.191,FINAL
1979-09-07,20.213,20.397,-0.184,FINAL
1979-09-08,20.214,20.393,-0.179,FINAL
1979-09-09,20.213,20.389,-0.175,FINAL
1979-09-10,20.215,20.384,-0.169,FINAL
1979-09-11,20.216,20.379,-0.163,FINAL
1979-09-12,20.216,20.375,-0.159,FINAL
1979-09-13,20.212,20.37,-0.157,FINAL
1979-09-14,20.207,20.364,-0.158,FINAL
1979-09-15,20.198,20.359,-0.161,FINAL
1979-09-16,20.189,20.354,-0.164,FINAL
1979-09-17,20.182,20.348,-0.166,FINAL
1979-09-18,20.174,20.343,-0.169,FINAL
1979-09-19,20.166,20.337,-0.172,FINAL
1979-09-20,20.154,20.331,-0.178,FINAL
1979-09-21,20.145,20.326,-0.181,FINAL
1979-09-22,20.142,20.32,-0.178,FINAL
1979-09-23,20.14,20.314,-0.174,FINAL
1979-09-24,20.136,20.308,-0.172,FINAL
1979-09-25,20.126,20.303,-0.176,FINAL
1979-09-26,20.115,20.297,-0.182,FINAL
1979-09-27,20.105,20.291,-0.186,FINAL
1979-09-28,20.096,20.286,-0.19,FINAL
1979-09-29,20.087,20.28,-0.193,FINAL
1979-09-30,20.076,20.274,-0.198,FINAL
1979-10-01,20.068,20.269,-0.201,FINAL
1979-10-02,20.064,20.264,-0.199,FINAL
1979-10-03,20.062,20.258,-0.197,FINAL
1979-10-04,20.058,20.253,-0.195,FINAL
1979-10-05,20.051,20.248,-0.197,FINAL
1979-10-06,20.038,20.243,-0.205,FINAL
1979-10-07,20.025,20.238,-0.213,FINAL
1979-10-08,20.014,20.233,-0.22,FINAL
1979-10-09,20.007,20.229,-0.222,FINAL
1979-10-10,20.008,20.224,-0.216,FINAL
1979-10-11,20.016,20.22,-0.204,FINAL
1979-10-12,20.026,20.216,-0.19,FINAL
1979-10-13,20.036,20.211,-0.176,FINAL
1979-10-14,20.044,20.207,-0.163,FINAL
1979-10-15,20.051,20.203,-0.152,FINAL
1979-10-16,20.051,20.199,-0.148,FINAL
1979-10-17,20.044,20.196,-0.152,FINAL
1979-10-18,20.029,20.192,-0.163,FINAL
1979-10-19,20.015,20.189,-0.174,FINAL
1979-10-20,20.003,20.185,-0.182,FINAL
1979-10-21,19.995,20.182,-0.187,FINAL
1979-10-22,19.991,20.178,-0.188,FINAL
1979-10-23,19.988,20.175,-0.187,FINAL
1979-10-24,19.988,20.172,-0.184,FINAL
1979-10-25,19.986,20.169,-0.182,FINAL
1979-10-26,19.982,20.166,-0.184,FINAL
1979-10-27,19.974,20.163,-0.189,FINAL
1979-10-28,19.968,20.16,-0.192,FINAL
1979-10-29,19.968,20.157,-0.189,FINAL
1979-10-30,19.979,20.154,-0.175,FINAL
1979-10-31,19.996,20.152,-0.155,FINAL
1979-11-01,20.012,20.149,-0.137,FINAL
1979-11-02,20.025,20.146,-0.122,FINAL
1979-11-03,20.036,20.144,-0.108,FINAL
1979-11-04,20.046,20.142,-0.096,FINAL
1979-11-05,20.048,20.139,-0.091,FINAL
1979-11-06,20.04,20.137,-0.097,FINAL
1979-11-07,20.027,20.135,-0.108,FINAL
1979-11-08,20.012,20.133,-0.12,FINAL
1979-11-09,20.0,20.131,-0.131,FINAL
1979-11-10,19.993,20.129,-0.136,FINAL
1979-11-11,19.991,20.127,-0.136,FINAL
1979-11-12,19.992,20.125,-0.133,FINAL
1979-11-13,19.996,20.124,-0.128,FINAL
1979-11-14,19.999,20.123,-0.123,FINAL
1979-11-15,20.006,20.121,-0.115,FINAL
1979-11-16,20.015,20.12,-0.105,FINAL
1979-11-17,20.022,20.119,-0.097,FINAL
1979-11-18,20.023,20.119,-0.095,FINAL
1979-11-19,20.012,20.118,-0.105,FINAL
1979-11-20,19.995,20.118,-0.123,FINAL
1979-11-21,19.977,20.117,-0.14,FINAL
1979-11-22,19.96,20.117,-0.157,FINAL
1979-11-23,19.944,20.117,-0.174,FINAL
1979-11-24,19.927,20.118,-0.191,FINAL
1979-11-25,19.916,20.118,-0.202,FINAL
1979-11-26,19.916,20.119,-0.203,FINAL
1979-11-27,19.923,20.12,-0.197,FINAL
1979-11-28,19.935,20.121,-0.186,FINAL
1979-11-29,19.951,20.123,-0.171,FINAL
1979-11-30,19.964,20.124,-0.16,FINAL
1979-12-01,19.968,20.126,-0.158,FINAL
1979-12-02,19.973,20.128,-0.154,FINAL
1979-12-03,19.982,20.13,-0.148,FINAL
1979-12-04,19.996,20.132,-0.136,FINAL
1979-12-05,20.007,20.135,-0.128,FINAL
1979-12-06,20.009,20.137,-0.128,FINAL
1979-12-07,20.009,20.14,-0.13,FINAL
1979-12-08,20.014,20.143,-0.129,FINAL
1979-12-09,20.03,20.146,-0.116,FINAL
1979-12-10,20.052,20.149,-0.097,FINAL
1979-12-11,20.072,20.152,-0.08,FINAL
1979-12-12,20.088,20.156,-0.068,FINAL
1979-12-13,20.099,20.159,-0.06,FINAL
1979-12-14,20.105,20.163,-0.058,FINAL
1979-12-15,20.102,20.167,-0.064,FINAL
1979-12-16,20.093,20.17,-0.078,FINAL
1979-12-17,20.08,20.174,-0.095,FINAL
1979-12-18,20.069,20.178,-0.109,FINAL
1979-12-19,20.064,20.182,-0.118,FINAL
1979-12-20,20.067,20.186,-0.119,FINAL
1979-12-21,20.076,20.19,-0.114,FINAL
1979-12-22,20.089,20.194,-0.105,FINAL
1979-12-23,20.106,20.198,-0.092,FINAL
1979-12-24,20.126,20.203,-0.076,FINAL
1979-12-25,20.144,20.207,-0.063,FINAL
1979-12-26,20.155,20.211,-0.056,FINAL
1979-12-27,20.162,20.216,-0.054,FINAL
1979-12-28,20.167,20.22,-0.053,FINAL
1979-12-29,20.174,20.224,-0.05,FINAL
1979-12-30,20.18,20.229,-0.049,FINAL
1979-12-31,20.182,20.233,-0.051,FINAL
1980-01-01,20.182,20.238,-0.056,FINAL
1980-01-02,20.183,20.242,-0.059,FINAL
1980-01-03,20.186,20.247,-0.061,FINAL
1980-01-04,20.19,20.252,-0.061,FINAL
1980-01-05,20.194,20.256,-0.062,FINAL
1980-01-06,20.2,20.261,-0.062,FINAL
1980-01-07,20.208,20.266,-0.058,FINAL
1980-01-08,20.222,20.271,-0.049,FINAL
1980-01-09,20.237,20.276,-0.039,FINAL
1980-01-10,20.25,20.281,-0.031,FINAL
1980-01-11,20.261,20.286,-0.025,FINAL
1980-01-12,20.271,20.291,-0.02,FINAL
1980-01-13,20.279,20.297,-0.018,FINAL
1980-01-14,20.285,20.302,-0.016,FINAL
1980-01-15,20.288,20.307,-0.019,FINAL
1980-01-16,20.293,20.313,-0.019,FINAL
1980-01-17,20.292,20.318,-0.026,FINAL
1980-01-18,20.287,20.324,-0.037,FINAL
1980-01-19,20.28,20.329,-0.05,FINAL
1980-01-20,20.279,20.335,-0.056,FINAL
1980-01-21,20.28,20.341,-0.061,FINAL
1980-01-22,20.282,20.346,-0.064,FINAL
1980-01-23,20.285,20.352,-0.067,FINAL
1980-01-24,20.291,20.358,-0.067,FINAL
1980-01-25,20.298,20.364,-0.066,FINAL
1980-01-26,20.308,20.37,-0.062,FINAL
1980-01-27,20.319,20.375,-0.057,FINAL
1980-01-28,20.331,20.381,-0.05,FINAL
1980-01-29,20.342,20.387,-0.045,FINAL
1980-01-30,20.352,20.392,-0.04,FINAL
1980-01-31,20.359,20.398,-0.039,FINAL
1980-02-01,20.363,20.404,-0.041,FINAL
1980-02-02,20.362,20.409,-0.047,FINAL
1980-02-03,20.357,20.415,-0.057,FINAL
1980-02-04,20.351,20.42,-0.069,FINAL
1980-02-05,20.348,20.425,-0.078,FINAL
1980-02-06,20.344,20.43,-0.087,FINAL
1980-02-07,20.341,20.436,-0.094,FINAL
1980-02-08,20.344,20.44,-0.097,FINAL
1980-02-09,20.352,20.445,-0.094,FINAL
1980-02-10,20.363,20.45,-0.087,FINAL
1980-02-11,20.373,20.455,-0.081,FINAL
1980-02-12,20.38,20.459,-0.079,FINAL
1980-02-13,20.381,20.463,-0.082,FINAL
1980-02-14,20.379,20.468,-0.088,FINAL
1980-02-15,20.377,20.472,-0.094,FINAL
1980-02-16,20.375,20.476,-0.101,FINAL
1980-02-17,20.377,20.48,-0.103,FINAL
1980-02-18,20.378,20.483,-0.105,FINAL
1980-02-19,20.381,20.487,-0.105,FINAL
1980-02-20,20.386,20.49,-0.104,FINAL
1980-02-21,20.394,20.493,-0.1,FINAL
1980-02-22,20.403,20.497,-0.094,FINAL
1980-02-23,20.411,20.5,-0.089,FINAL
1980-02-24,20.417,20.503,-0.086,FINAL
1980-02-25,20.42,20.505,-0.085,FINAL
1980-02-26,20.424,20.508,-0.084,FINAL
1980-02-27,20.431,20.51,-0.079,FINAL
1980-02-28,20.441,20.513,-0.072,FINAL
1980-02-29,20.446,20.514,-0.068,FINAL
1980-03-01,20.451,20.515,-0.064,FINAL
1980-03-02,20.455,20.517,-0.063,FINAL
1980-03-03,20.457,20.52,-0.062,FINAL
1980-03-04,20.459,20.522,-0.063,FINAL
1980-03-05,20.459,20.523,-0.065,FINAL
1980-03-06,20.458,20.525,-0.067,FINAL
1980-03-07,20.456,20.527,-0.071,FINAL
1980-03-08,20.452,20.529,-0.076,FINAL
1980-03-09,20.45,20.53,-0.081,FINAL
1980-03-10,20.451,20.531,-0.08,FINAL
1980-03-11,20.457,20.533,-0.076,FINAL
1980-03-12,20.462,20.534,-0.072,FINAL
1980-03-13,20.463,20.535,-0.072,FINAL
1980-03-14,20.456,20.536,-0.08,FINAL
1980-03-15,20.443,20.537,-0.094,FINAL
1980-03-16,20.43,20.538,-0.108,FINAL
1980-03-17,20.418,20.538,-0.121,FINAL
1980-03-18,20.408,20.539,-0.131,FINAL
1980-03-19,20.403,20.539,-0.137,FINAL
1980-03-20,20.406,20.54,-0.133,FINAL
1980-03-21,20.417,20.54,-0.123,FINAL
1980-03-22,20.431,20.54,-0.109,FINAL
1980-03-23,20.442,20.54,-0.097,FINAL
1980-03-24,20.448,20.54,-0.091,FINAL
1980-03-25,20.443,20.539,-0.097,FINAL
1980-03-26,20.429,20.539,-0.11,FINAL
1980-03-27,20.415,20.538,-0.124,FINAL
1980-03-28,20.404,20.538,-0.134,FINAL
1980-03-29,20.402,20.537,-0.135,FINAL
1980-03-30,20.409,20.536,-0.127,FINAL
1980-03-31,20.419,20.535,-0.116,FINAL
1980-04-01,20.43,20.534,-0.103,FINAL
1980-04-02,20.445,20.532,-0.088,FINAL
1980-04-03,20.457,20.531,-0.073,FINAL
1980-04-04,20.463,20.529,-0.067,FINAL
1980-04-05,20.458,20.528,-0.07,FINAL
1980-04-06,20.448,20.526,-0.078,FINAL
1980-04-07,20.439,20.524,-0.085,FINAL
1980-04-08,20.435,20.522,-0.087,FINAL
1980-04-09,20.438,20.52,-0.082,FINAL
1980-04-10,20.443,20.517,-0.075,FINAL
1980-04-11,20.447,20.515,-0.068,FINAL
1980-04-12,20.449,20.513,-0.064,FINAL
1980-04-13,20.444,20.51,-0.066,FINAL
1980-04-14,20.437,20.508,-0.07,FINAL
1980-04-15,20.435,20.505,-0.07,FINAL
1980-04-16,20.426,20.502,-0.076,FINAL
1980-04-17,20.412,20.5,-0.088,FINAL
1980-04-18,20.39,20.497,-0.107,FINAL
1980-04-19,20.369,20.494,-0.125,FINAL
1980-04-20,20.355,20.491,-0.136,FINAL
1980-04-21,20.345,20.488,-0.142,FINAL
1980-04-22,20.336,20.485,-0.149,FINAL
1980-04-23,20.32,20.482,-0.162,FINAL
1980-04-24,20.306,20.479,-0.173,FINAL
1980-04-25,20.301,20.476,-0.175,FINAL
1980-04-26,20.299,20.473,-0.173,FINAL
1980-04-27,20.298,20.469,-0.171,FINAL
1980-04-28,20.292,20.466,-0.175,FINAL
1980-04-29,20.281,20.463,-0.182,FINAL
1980-04-30,20.271,20.46,-0.189,FINAL
1980-05-01,20.265,20.457,-0.192,FINAL
1980-05-02,20.26,20.453,-0.193,FINAL
1980-05-03,20.262,20.45,-0.188,FINAL
1980-05-04,20.266,20.447,-0.181,FINAL
1980-05-05,20.272,20.444,-0.172,FINAL
1980-05-06,20.277,20.441,-0.163,FINAL
1980-05-07,20.284,20.437,-0.153,FINAL
1980-05-08,20.29,20.434,-0.144,FINAL
1980-05-09,20.294,20.431,-0.137,FINAL
1980-05-10,20.292,20.428,-0.136,FINAL
1980-05-11,20.286,20.425,-0.138,FINAL
1980-05-12,20.278,20.421,-0.143,FINAL
1980-05-13,20.27,20.418,-0.148,FINAL
1980-05-14,20.26,20.415,-0.155,FINAL
1980-05-15,20.25,20.412,-0.162,FINAL
1980-05-16,20.244,20.409,-0.166,FINAL
1980-05-17,20.238,20.406,-0.168,FINAL
1980-05-18,20.238,20.403,-0.165,FINAL
1980-05-19,20.243,20.4,-0.157,FINAL
1980-05-20,20.25,20.397,-0.147,FINAL
1980-05-21,20.258,20.394,-0.136,FINAL
1980-05-22,20.266,20.392,-0.126,FINAL
1980-05-23,20.272,20.389,-0.116,FINAL
1980-05-24,20.275,20.386,-0.111,FINAL
1980-05-25,20.272,20.383,-0.112,FINAL
1980-05-26,20.264,20.381,-0.117,FINAL
1980-05-27,20.256,20.378,-0.123,FINAL
1980-05-28,20.248,20.376,-0.128,FINAL
1980-05-29,20.241,20.374,-0.133,FINAL
1980-05-30,20.235,20.371,-0.137,FINAL
1980-05-31,20.23,20.369,-0.139,FINAL
1980-06-01,20.24,20.367,-0.127,FINAL
1980-06-02,20.239,20.365,-0.126,FINAL
1980-06-03,20.241,20.363,-0.122,FINAL
1980-06-04,20.246,20.361,-0.116,FINAL
1980-06-05,20.249,20.36,-0.111,FINAL
1980-06-06,20.25,20.358,-0.108,FINAL
1980-06-07,20.245,20.357,-0.112,FINAL
1980-06-08,20.235,20.355,-0.12,FINAL
1980-06-09,20.224,20.354,-0.129,FINAL
1980-06-10,20.213,20.353,-0.139,FINAL
1980-06-11,20.201,20.352,-0.15,FINAL
1980-06-12,20.188,20.351,-0.162,FINAL
1980-06-13,20.179,20.35,-0.171,FINAL
1980-06-14,20.175,20.349,-0.175,FINAL
1980-06-15,20.169,20.349,-0.179,FINAL
1980-06-16,20.171,20.348,-0.177,FINAL
1980-06-17,20.17,20.348,-0.178,FINAL
1980-06-18,20.169,20.347,-0.178,FINAL
1980-06-19,20.169,20.347,-0.179,FINAL
1980-06-20,20.168,20.347,-0.179,FINAL
1980-06-21,20.17,20.347,-0.177,FINAL
1980-06-22,20.174,20.347,-0.173,FINAL
1980-06-23,20.18,20.348,-0.167,FINAL
1980-06-24,20.186,20.348,-0.162,FINAL
1980-06-25,20.19,20.348,-0.158,FINAL
1980-06-26,20.191,20.349,-0.157,FINAL
1980-06-27,20.188,20.349,-0.162,FINAL
1980-06-28,20.18,20.35,-0.17,FINAL
1980-06-29,20.172,20.351,-0.179,FINAL
1980-06-30,20.163,20.352,-0.189,FINAL
1980-07-01,20.154,20.353,-0.198,FINAL
1980-07-02,20.145,20.354,-0.209,FINAL
1980-07-03,20.142,20.355,-0.213,FINAL
1980-07-04,20.148,20.356,-0.209,FINAL
1980-07-05,20.155,20.358,-0.203,FINAL
1980-07-06,20.159,20.359,-0.2,FINAL
1980-07-07,20.154,20.36,-0.207,FINAL
1980-07-08,20.141,20.362,-0.221,FINAL
1980-07-09,20.13,20.363,-0.233,FINAL
1980-07-10,20.119,20.365,-0.246,FINAL
1980-07-11,20.11,20.367,-0.257,FINAL
1980-07-12,20.103,20.369,-0.266,FINAL
1980-07-13,20.103,20.37,-0.268,FINAL
1980-07-14,20.111,20.372,-0.262,FINAL
1980-07-15,20.122,20.374,-0.253,FINAL
1980-07-16,20.137,20.376,-0.24,FINAL
1980-07-17,20.147,20.378,-0.232,FINAL
1980-07-18,20.147,20.38,-0.233,FINAL
1980-07-19,20.147,20.383,-0.236,FINAL
1980-07-20,20.144,20.385,-0.241,FINAL
1980-07-21,20.142,20.387,-0.245,FINAL
1980-07-22,20.143,20.389,-0.246,FINAL
1980-07-23,20.15,20.391,-0.242,FINAL
1980-07-24,20.157,20.394,-0.236,FINAL
1980-07-25,20.165,20.396,-0.231,FINAL
1980-07-26,20.17,20.398,-0.228,FINAL
1980-07-27,20.168,20.401,-0.233,FINAL
1980-07-28,20.16,20.403,-0.243,FINAL
1980-07-29,20.15,20.405,-0.255,FINAL
1980-07-30,20.14,20.407,-0.267,FINAL
1980-07-31,20.132,20.41,-0.278,FINAL
1980-08-01,20.124,20.412,-0.288,FINAL
1980-08-02,20.123,20.414,-0.291,FINAL
1980-08-03,20.13,20.416,-0.286,FINAL
1980-08-04,20.14,20.418,-0.279,FINAL
1980-08-05,20.15,20.42,-0.27,FINAL
1980-08-06,20.157,20.422,-0.265,FINAL
1980-08-07,20.161,20.424,-0.263,FINAL
1980-08-08,20.163,20.426,-0.263,FINAL
1980-08-09,20.163,20.427,-0.264,FINAL
1980-08-10,20.161,20.429,-0.268,FINAL
1980-08-11,20.157,20.43,-0.273,FINAL
1980-08-12,20.153,20.431,-0.278,FINAL
1980-08-13,20.15,20.432,-0.282,FINAL
1980-08-14,20.148,20.433,-0.285,FINAL
1980-08-15,20.148,20.434,-0.287,FINAL
1980-08-16,20.154,20.435,-0.281,FINAL
1980-08-17,20.161,20.435,-0.274,FINAL
1980-08-18,20.173,20.436,-0.262,FINAL
1980-08-19,20.183,20.436,-0.252,FINAL
1980-08-20,20.188,20.436,-0.248,FINAL
1980-08-21,20.18,20.436,-0.255,FINAL
1980-08-22,20.165,20.435,-0.27,FINAL
1980-08-23,20.151,20.434,-0.283,FINAL
1980-08-24,20.136,20.433,-0.297,FINAL
1980-08-25,20.12,20.432,-0.312,FINAL
1980-08-26,20.1,20.431,-0.331,FINAL
1980-08-27,20.086,20.429,-0.343,FINAL
1980-08-28,20.084,20.428,-0.344,FINAL
1980-08-29,20.088,20.426,-0.338,FINAL
1980-08-30,20.092,20.423,-0.331,FINAL
1980-08-31,20.093,20.421,-0.328,FINAL
1980-09-01,20.091,20.418,-0.327,FINAL
1980-09-02,20.089,20.415,-0.326,FINAL
1980-09-03,20.087,20.412,-0.325,FINAL
1980-09-04,20.086,20.409,-0.323,FINAL
1980-09-05,20.081,20.405,-0.324,FINAL
1980-09-06,20.077,20.401,-0.325,FINAL
1980-09-07,20.071,20.397,-0.326,FINAL
1980-09-08,20.066,20.393,-0.327,FINAL
1980-09-09,20.063,20.389,-0.326,FINAL
1980-09-10,20.064,20.384,-0.32,FINAL
1980-09-11,20.066,20.379,-0.314,FINAL
1980-09-12,20.065,20.375,-0.309,FINAL
1980-09-13,20.066,20.37,-0.304,FINAL
1980-09-14,20.069,20.364,-0.295,FINAL
1980-09-15,20.079,20.359,-0.28,FINAL
1980-09-16,20.089,20.354,-0.264,FINAL
1980-09-17,20.095,20.348,-0.253,FINAL
1980-09-18,20.098,20.343,-0.245,FINAL
1980-09-19,20.098,20.337,-0.239,FINAL
1980-09-20,20.095,20.331,-0.237,FINAL
1980-09-21,20.09,20.326,-0.236,FINAL
1980-09-22,20.082,20.32,-0.238,FINAL
1980-09-23,20.071,20.314,-0.243,FINAL
1980-09-24,20.058,20.308,-0.25,FINAL
1980-09-25,20.043,20.303,-0.259,FINAL
1980-09-26,20.035,20.297,-0.262,FINAL
1980-09-27,20.034,20.291,-0.257,FINAL
1980-09-28,20.034,20.286,-0.251,FINAL
1980-09-29,20.028,20.28,-0.251,FINAL
1980-09-30,20.009,20.274,-0.265,FINAL
1980-10-01,19.982,20.269,-0.287,FINAL
1980-10-02,19.958,20.264,-0.306,FINAL
1980-10-03,19.937,20.258,-0.322,FINAL
1980-10-04,19.919,20.253,-0.334,FINAL
1980-10-05,19.907,20.248,-0.341,FINAL
1980-10-06,19.902,20.243,-0.341,FINAL
1980-10-07,19.906,20.238,-0.332,FINAL
1980-10-08,19.916,20.233,-0.317,FINAL
1980-10-09,19.929,20.229,-0.299,FINAL
1980-10-10,19.943,20.224,-0.281,FINAL
1980-10-11,19.949,20.22,-0.271,FINAL
1980-10-12,19.946,20.216,-0.269,FINAL
1980-10-13,19.939,20.211,-0.272,FINAL
1980-10-14,19.932,20.207,-0.275,FINAL
1980-10-15,19.932,20.203,-0.271,FINAL
1980-10-16,19.936,20.199,-0.263,FINAL
1980-10-17,19.94,20.196,-0.255,FINAL
1980-10-18,19.938,20.192,-0.254,FINAL
1980-10-19,19.936,20.189,-0.252,FINAL
1980-10-20,19.929,20.185,-0.256,FINAL
1980-10-21,19.919,20.182,-0.263,FINAL
1980-10-22,19.908,20.178,-0.27,FINAL
1980-10-23,19.896,20.175,-0.279,FINAL
1980-10-24,19.882,20.172,-0.29,FINAL
1980-10-25,19.864,20.169,-0.304,FINAL
1980-10-26,19.847,20.166,-0.319,FINAL
1980-10-27,19.836,20.163,-0.327,FINAL
1980-10-28,19.829,20.16,-0.331,FINAL
1980-10-29,19.828,20.157,-0.329,FINAL
1980-10-30,19.832,20.154,-0.322,FINAL
1980-10-31,19.839,20.152,-0.313,FINAL
1980-11-01,19.847,20.149,-0.302,FINAL
1980-11-02,19.855,20.146,-0.291,FINAL
1980-11-03,19.865,20.144,-0.279,FINAL
1980-11-04,19.875,20.142,-0.266,FINAL
1980-11-05,19.882,20.139,-0.257,FINAL
1980-11-06,19.881,20.137,-0.256,FINAL
1980-11-07,19.877,20.135,-0.258,FINAL
1980-11-08,19.87,20.133,-0.263,FINAL
1980-11-09,19.865,20.131,-0.266,FINAL
1980-11-10,19.862,20.129,-0.267,FINAL
1980-11-11,19.86,20.127,-0.267,FINAL
1980-11-12,19.858,20.125,-0.267,FINAL
1980-11-13,19.856,20.124,-0.268,FINAL
1980-11-14,19.853,20.123,-0.27,FINAL
1980-11-15,19.852,20.121,-0.27,FINAL
1980-11-16,19.852,20.12,-0.268,FINAL
1980-11-17,19.851,20.119,-0.268,FINAL
1980-11-18,19.849,20.119,-0.269,FINAL
1980-11-19,19.843,20.118,-0.275,FINAL
1980-11-20,19.832,20.118,-0.285,FINAL
1980-11-21,19.822,20.117,-0.295,FINAL
1980-11-22,19.815,20.117,-0.303,FINAL
1980-11-23,19.812,20.117,-0.306,FINAL
1980-11-24,19.815,20.118,-0.303,FINAL
1980-11-25,19.824,20.118,-0.294,FINAL
1980-11-26,19.835,20.119,-0.284,FINAL
1980-11-27,19.849,20.12,-0.271,FINAL
1980-11-28,19.863,20.121,-0.258,FINAL
1980-11-29,19.88,20.123,-0.243,FINAL
1980-11-30,19.89,20.124,-0.234,FINAL
1980-12-01,19.89,20.126,-0.235,FINAL
1980-12-02,19.888,20.128,-0.24,FINAL
1980-12-03,19.886,20.13,-0.244,FINAL
1980-12-04,19.891,20.132,-0.242,FINAL
1980-12-05,19.9,20.135,-0.235,FINAL
1980-12-06,19.908,20.137,-0.229,FINAL
1980-12-07,19.916,20.14,-0.224,FINAL
1980-12-08,19.923,20.143,-0.219,FINAL
1980-12-09,19.929,20.146,-0.216,FINAL
1980-12-10,19.933,20.149,-0.216,FINAL
1980-12-11,19.934,20.152,-0.218,FINAL
1980-12-12,19.933,20.156,-0.223,FINAL
1980-12-13,19.931,20.159,-0.228,FINAL
1980-12-14,19.929,20.163,-0.234,FINAL
1980-12-15,19.931,20.167,-0.236,FINAL
1980-12-16,19.937,20.17,-0.233,FINAL
1980-12-17,19.943,20.174,-0.231,FINAL
1980-12-18,19.948,20.178,-0.231,FINAL
1980-12-19,19.946,20.182,-0.236,FINAL
1980-12-20,19.941,20.186,-0.245,FINAL
1980-12-21,19.938,20.19,-0.252,FINAL
1980-12-22,19.936,20.194,-0.258,FINAL
1980-12-23,19.934,20.198,-0.265,FINAL
1980-12-24,19.931,20.203,-0.272,FINAL
1980-12-25,19.928,20.207,-0.279,FINAL
1980-12-26,19.929,20.211,-0.283,FINAL
1980-12-27,19.933,20.216,-0.282,FINAL
1980-12-28,19.942,20.22,-0.278,FINAL
1980-12-29,19.956,20.224,-0.268,FINAL
1980-12-30,19.972,20.229,-0.257,FINAL
1980-12-31,19.986,20.233,-0.248,FINAL
1981-01-01,19.996,20.238,-0.242,FINAL
1981-01-02,20.009,20.242,-0.233,FINAL
1981-01-03,20.023,20.247,-0.224,FINAL
1981-01-04,20.036,20.252,-0.216,FINAL
1981-01-05,20.045,20.256,-0.212,FINAL
1981-01-06,20.049,20.261,-0.212,FINAL
1981-01-07,20.047,20.266,-0.219,FINAL
1981-01-08,20.038,20.271,-0.233,FINAL
1981-01-09,20.028,20.276,-0.248,FINAL
1981-01-10,20.02,20.281,-0.261,FINAL
1981-01-11,20.014,20.286,-0.272,FINAL
1981-01-12,20.008,20.291,-0.283,FINAL
1981-01-13,20.0,20.297,-0.297,FINAL
1981-01-14,19.997,20.302,-0.305,FINAL
1981-01-15,20.003,20.307,-0.304,FINAL
1981-01-16,20.016,20.313,-0.297,FINAL
1981-01-17,20.026,20.318,-0.293,FINAL
1981-01-18,20.03,20.324,-0.294,FINAL
1981-01-19,20.028,20.329,-0.302,FINAL
1981-01-20,20.026,20.335,-0.309,FINAL
1981-01-21,20.023,20.341,-0.318,FINAL
1981-01-22,20.023,20.346,-0.324,FINAL
1981-01-23,20.024,20.352,-0.328,FINAL
1981-01-24,20.029,20.358,-0.329,FINAL
1981-01-25,20.036,20.364,-0.327,FINAL
1981-01-26,20.046,20.37,-0.323,FINAL
1981-01-27,20.059,20.375,-0.316,FINAL
1981-01-28,20.074,20.381,-0.307,FINAL
1981-01-29,20.089,20.387,-0.298,FINAL
1981-01-30,20.103,20.392,-0.289,FINAL
1981-01-31,20.114,20.398,-0.284,FINAL
1981-02-01,20.121,20.404,-0.283,FINAL
1981-02-02,20.121,20.409,-0.288,FINAL
1981-02-03,20.117,20.415,-0.298,FINAL
1981-02-04,20.108,20.42,-0.312,FINAL
1981-02-05,20.1,20.425,-0.325,FINAL
1981-02-06,20.093,20.43,-0.338,FINAL
1981-02-07,20.088,20.436,-0.347,FINAL
1981-02-08,20.088,20.44,-0.352,FINAL
1981-02-09,20.094,20.445,-0.352,FINAL
1981-02-10,20.104,20.45,-0.346,FINAL
1981-02-11,20.117,20.455,-0.337,FINAL
1981-02-12,20.132,20.459,-0.327,FINAL
1981-02-13,20.143,20.463,-0.321,FINAL
1981-02-14,20.148,20.468,-0.32,FINAL
1981-02-15,20.152,20.472,-0.32,FINAL
1981-02-16,20.159,20.476,-0.317,FINAL
1981-02-17,20.169,20.48,-0.31,FINAL
1981-02-18,20.181,20.483,-0.302,FINAL
1981-02-19,20.191,20.487,-0.296,FINAL
1981-02-20,20.198,20.49,-0.292,FINAL
1981-02-21,20.204,20.493,-0.29,FINAL
1981-02-22,20.208,20.497,-0.289,FINAL
1981-02-23,20.21,20.5,-0.29,FINAL
1981-02-24,20.209,20.503,-0.293,FINAL
1981-02-25,20.207,20.505,-0.299,FINAL
1981-02-26,20.204,20.508,-0.304,FINAL
1981-02-27,20.2,20.51,-0.31,FINAL
1981-02-28,20.198,20.513,-0.315,FINAL
1981-03-01,20.197,20.515,-0.318,FINAL
1981-03-02,20.2,20.517,-0.318,FINAL
1981-03-03,20.203,20.52,-0.316,FINAL
1981-03-04,20.209,20.522,-0.313,FINAL
1981-03-05,20.212,20.523,-0.312,FINAL
1981-03-06,20.211,20.525,-0.314,FINAL
1981-03-07,20.212,20.527,-0.315,FINAL
1981-03-08,20.219,20.529,-0.31,FINAL
1981-03-09,20.235,20.53,-0.295,FINAL
1981-03-10,20.256,20.531,-0.276,FINAL
1981-03-11,20.271,20.533,-0.262,FINAL
1981-03-12,20.283,20.534,-0.251,FINAL
1981-03-13,20.295,20.535,-0.24,FINAL
1981-03-14,20.31,20.536,-0.226,FINAL
1981-03-15,20.319,20.537,-0.218,FINAL
1981-03-16,20.319,20.538,-0.218,FINAL
1981-03-17,20.313,20.538,-0.225,FINAL
1981-03-18,20.306,20.539,-0.233,FINAL
1981-03-19,20.302,20.539,-0.238,FINAL
1981-03-20,20.304,20.54,-0.236,FINAL
1981-03-21,20.311,20.54,-0.228,FINAL
1981-03-22,20.317,20.54,-0.223,FINAL
1981-03-23,20.317,20.54,-0.222,FINAL
1981-03-24,20.305,20.54,-0.234,FINAL
1981-03-25,20.285,20.539,-0.254,FINAL
1981-03-26,20.265,20.539,-0.274,FINAL
1981-03-27,20.246,20.538,-0.292,FINAL
1981-03-28,20.231,20.538,-0.306,FINAL
1981-03-29,20.222,20.537,-0.315,FINAL
1981-03-30,20.221,20.536,-0.314,FINAL
1981-03-31,20.23,20.535,-0.305,FINAL
1981-04-01,20.242,20.534,-0.292,FINAL
1981-04-02,20.257,20.532,-0.275,FINAL
1981-04-03,20.269,20.531,-0.262,FINAL
1981-04-04,20.27,20.529,-0.259,FINAL
1981-04-05,20.26,20.528,-0.268,FINAL
1981-04-06,20.247,20.526,-0.279,FINAL
1981-04-07,20.238,20.524,-0.286,FINAL
1981-04-08,20.243,20.522,-0.279,FINAL
1981-04-09,20.256,20.52,-0.264,FINAL
1981-04-10,20.268,20.517,-0.249,FINAL
1981-04-11,20.28,20.515,-0.235,FINAL
1981-04-12,20.294,20.513,-0.218,FINAL
1981-04-13,20.311,20.51,-0.199,FINAL
1981-04-14,20.323,20.508,-0.185,FINAL
1981-04-15,20.328,20.505,-0.178,FINAL
1981-04-16,20.321,20.502,-0.182,FINAL
1981-04-17,20.312,20.5,-0.188,FINAL
1981-04-18,20.308,20.497,-0.188,FINAL
1981-04-19,20.306,20.494,-0.188,FINAL
1981-04-20,20.301,20.491,-0.189,FINAL
1981-04-21,20.297,20.488,-0.191,FINAL
1981-04-22,20.296,20.485,-0.189,FINAL
1981-04-23,20.301,20.482,-0.181,FINAL
1981-04-24,20.308,20.479,-0.171,FINAL
1981-04-25,20.311,20.476,-0.165,FINAL
1981-04-26,20.314,20.473,-0.159,FINAL
1981-04-27,20.318,20.469,-0.151,FINAL
1981-04-28,20.329,20.466,-0.138,FINAL
1981-04-29,20.338,20.463,-0.125,FINAL
1981-04-30,20.34,20.46,-0.12,FINAL
1981-05-01,20.341,20.457,-0.115,FINAL
1981-05-02,20.339,20.453,-0.114,FINAL
1981-05-03,20.339,20.45,-0.111,FINAL
1981-05-04,20.338,20.447,-0.109,FINAL
1981-05-05,20.333,20.444,-0.111,FINAL
1981-05-06,20.326,20.441,-0.115,FINAL
1981-05-07,20.32,20.437,-0.117,FINAL
1981-05-08,20.318,20.434,-0.116,FINAL
1981-05-09,20.319,20.431,-0.112,FINAL
1981-05-10,20.321,20.428,-0.107,FINAL
1981-05-11,20.322,20.425,-0.102,FINAL
1981-05-12,20.323,20.421,-0.099,FINAL
1981-05-13,20.321,20.418,-0.097,FINAL
1981-05-14,20.32,20.415,-0.095,FINAL
1981-05-15,20.318,20.412,-0.094,FINAL
1981-05-16,20.319,20.409,-0.09,FINAL
1981-05-17,20.309,20.406,-0.097,FINAL
1981-05-18,20.287,20.403,-0.116,FINAL
1981-05-19,20.265,20.4,-0.136,FINAL
1981-05-20,20.247,20.397,-0.15,FINAL
1981-05-21,20.232,20.394,-0.162,FINAL
1981-05-22,20.218,20.392,-0.174,FINAL
1981-05-23,20.2,20.389,-0.189,FINAL
1981-05-24,20.187,20.386,-0.199,FINAL
1981-05-25,20.183,20.383,-0.2,FINAL
1981-05-26,20.186,20.381,-0.195,FINAL
1981-05-27,20.19,20.378,-0.188,FINAL
1981-05-28,20.193,20.376,-0.182,FINAL
1981-05-29,20.193,20.374,-0.181,FINAL
1981-05-30,20.19,20.371,-0.182,FINAL
1981-05-31,20.186,20.369,-0.183,FINAL
1981-06-01,20.194,20.367,-0.173,FINAL
1981-06-02,20.195,20.365,-0.17,FINAL
1981-06-03,20.198,20.363,-0.165,FINAL
1981-06-04,20.2,20.361,-0.161,FINAL
1981-06-05,20.201,20.36,-0.158,FINAL
1981-06-06,20.201,20.358,-0.157,FINAL
1981-06-07,20.198,20.357,-0.158,FINAL
1981-06-08,20.194,20.355,-0.161,FINAL
1981-06-09,20.188,20.354,-0.165,FINAL
1981-06-10,20.182,20.353,-0.171,FINAL
1981-06-11,20.174,20.352,-0.177,FINAL
1981-06-12,20.166,20.351,-0.185,FINAL
1981-06-13,20.158,20.35,-0.192,FINAL
1981-06-14,20.152,20.349,-0.197,FINAL
1981-06-15,20.148,20.349,-0.201,FINAL
1981-06-16,20.147,20.348,-0.201,FINAL
1981-06-17,20.145,20.348,-0.202,FINAL
1981-06-18,20.147,20.347,-0.2,FINAL
1981-06-19,20.149,20.347,-0.198,FINAL
1981-06-20,20.152,20.347,-0.195,FINAL
1981-06-21,20.156,20.347,-0.191,FINAL
1981-06-22,20.162,20.347,-0.185,FINAL
1981-06-23,20.169,20.348,-0.178,FINAL
1981-06-24,20.174,20.348,-0.173,FINAL
1981-06-25,20.177,20.348,-0.172,FINAL
1981-06-26,20.175,20.349,-0.174,FINAL
1981-06-27,20.169,20.349,-0.181,FINAL
1981-06-28,20.161,20.35,-0.19,FINAL
1981-06-29,20.152,20.351,-0.199,FINAL
1981-06-30,20.143,20.352,-0.209,FINAL
1981-07-01,20.135,20.353,-0.218,FINAL
1981-07-02,20.124,20.354,-0.229,FINAL
1981-07-03,20.115,20.355,-0.24,FINAL
1981-07-04,20.11,20.356,-0.246,FINAL
1981-07-05,20.109,20.358,-0.248,FINAL
1981-07-06,20.115,20.359,-0.243,FINAL
1981-07-07,20.128,20.36,-0.233,FINAL
1981-07-08,20.145,20.362,-0.217,FINAL
1981-07-09,20.162,20.363,-0.201,FINAL
1981-07-10,20.177,20.365,-0.188,FINAL
1981-07-11,20.188,20.367,-0.179,FINAL
1981-07-12,20.193,20.369,-0.176,FINAL
1981-07-13,20.189,20.37,-0.182,FINAL
1981-07-14,20.179,20.372,-0.193,FINAL
1981-07-15,20.166,20.374,-0.208,FINAL
1981-07-16,20.153,20.376,-0.223,FINAL
1981-07-17,20.138,20.378,-0.24,FINAL
1981-07-18,20.127,20.38,-0.253,FINAL
1981-07-19,20.125,20.383,-0.257,FINAL
1981-07-20,20.129,20.385,-0.256,FINAL
1981-07-21,20.136,20.387,-0.251,FINAL
1981-07-22,20.144,20.389,-0.245,FINAL
1981-07-23,20.154,20.391,-0.237,FINAL
1981-07-24,20.168,20.394,-0.226,FINAL
1981-07-25,20.179,20.396,-0.217,FINAL
1981-07-26,20.185,20.398,-0.214,FINAL
1981-07-27,20.181,20.401,-0.22,FINAL
1981-07-28,20.171,20.403,-0.232,FINAL
1981-07-29,20.161,20.405,-0.244,FINAL
1981-07-30,20.151,20.407,-0.256,FINAL
1981-07-31,20.136,20.41,-0.273,FINAL
1981-08-01,20.116,20.412,-0.296,FINAL
1981-08-02,20.103,20.414,-0.311,FINAL
1981-08-03,20.102,20.416,-0.314,FINAL
1981-08-04,20.108,20.418,-0.31,FINAL
1981-08-05,20.112,20.42,-0.308,FINAL
1981-08-06,20.107,20.422,-0.315,FINAL
1981-08-07,20.095,20.424,-0.329,FINAL
1981-08-08,20.086,20.426,-0.34,FINAL
1981-08-09,20.079,20.427,-0.348,FINAL
1981-08-10,20.077,20.429,-0.352,FINAL
1981-08-11,20.077,20.43,-0.353,FINAL
1981-08-12,20.084,20.431,-0.348,FINAL
1981-08-13,20.095,20.432,-0.337,FINAL
1981-08-14,20.108,20.433,-0.325,FINAL
1981-08-15,20.12,20.434,-0.314,FINAL
1981-08-16,20.131,20.435,-0.304,FINAL
1981-08-17,20.132,20.435,-0.303,FINAL
1981-08-18,20.127,20.436,-0.308,FINAL
1981-08-19,20.118,20.436,-0.318,FINAL
1981-08-20,20.109,20.436,-0.327,FINAL
1981-08-21,20.102,20.436,-0.334,FINAL
1981-08-22,20.098,20.435,-0.337,FINAL
1981-08-23,20.099,20.434,-0.335,FINAL
1981-08-24,20.103,20.433,-0.331,FINAL
1981-08-25,20.107,20.432,-0.325,FINAL
1981-08-26,20.111,20.431,-0.32,FINAL
1981-08-27,20.113,20.429,-0.317,FINAL
1981-08-28,20.112,20.428,-0.315,FINAL
1981-08-29,20.111,20.426,-0.315,FINAL
1981-08-30,20.111,20.423,-0.313,FINAL
1981-08-31,20.111,20.421,-0.31,FINAL
1981-09-01,20.109,20.418,-0.309,FINAL
1981-09-02,20.105,20.415,-0.31,FINAL
1981-09-03,20.101,20.412,-0.311,FINAL
1981-09-04,20.102,20.409,-0.307,FINAL
1981-09-05,20.108,20.405,-0.297,FINAL
1981-09-06,20.117,20.401,-0.284,FINAL
1981-09-07,20.122,20.397,-0.275,FINAL
1981-09-08,20.126,20.393,-0.267,FINAL
1981-09-09,20.131,20.389,-0.258,FINAL
1981-09-10,20.139,20.384,-0.245,FINAL
1981-09-11,20.144,20.379,-0.236,FINAL
1981-09-12,20.144,20.375,-0.23,FINAL
1981-09-13,20.141,20.37,-0.228,FINAL
1981-09-14,20.135,20.364,-0.23,FINAL
1981-09-15,20.127,20.359,-0.232,FINAL
1981-09-16,20.117,20.354,-0.237,FINAL
1981-09-17,20.107,20.348,-0.241,FINAL
1981-09-18,20.098,20.343,-0.245,FINAL
1981-09-19,20.089,20.337,-0.249,FINAL
1981-09-20,20.082,20.331,-0.25,FINAL
1981-09-21,20.078,20.326,-0.248,FINAL
1981-09-22,20.077,20.32,-0.243,FINAL
1981-09-23,20.077,20.314,-0.237,FINAL
1981-09-24,20.079,20.308,-0.23,FINAL
1981-09-25,20.081,20.303,-0.222,FINAL
1981-09-26,20.079,20.297,-0.218,FINAL
1981-09-27,20.072,20.291,-0.219,FINAL
1981-09-28,20.065,20.286,-0.221,FINAL
1981-09-29,20.061,20.28,-0.219,FINAL
1981-09-30,20.063,20.274,-0.211,FINAL
1981-10-01,20.071,20.269,-0.198,FINAL
1981-10-02,20.079,20.264,-0.185,FINAL
1981-10-03,20.084,20.258,-0.174,FINAL
1981-10-04,20.087,20.253,-0.166,FINAL
1981-10-05,20.087,20.248,-0.161,FINAL
1981-10-06,20.08,20.243,-0.163,FINAL
1981-10-07,20.067,20.238,-0.171,FINAL
1981-10-08,20.051,20.233,-0.182,FINAL
1981-10-09,20.038,20.229,-0.191,FINAL
1981-10-10,20.03,20.224,-0.195,FINAL
1981-10-11,20.03,20.22,-0.19,FINAL
1981-10-12,20.037,20.216,-0.179,FINAL
1981-10-13,20.044,20.211,-0.167,FINAL
1981-10-14,20.049,20.207,-0.158,FINAL
1981-10-15,20.047,20.203,-0.156,FINAL
1981-10-16,20.038,20.199,-0.162,FINAL
1981-10-17,20.026,20.196,-0.17,FINAL
1981-10-18,20.005,20.192,-0.187,FINAL
1981-10-19,19.988,20.189,-0.2,FINAL
1981-10-20,19.969,20.185,-0.216,FINAL
1981-10-21,19.957,20.182,-0.225,FINAL
1981-10-22,19.955,20.178,-0.224,FINAL
1981-10-23,19.956,20.175,-0.219,FINAL
1981-10-24,19.954,20.172,-0.218,FINAL
1981-10-25,19.944,20.169,-0.225,FINAL
1981-10-26,19.928,20.166,-0.237,FINAL
1981-10-27,19.916,20.163,-0.247,FINAL
1981-10-28,19.905,20.16,-0.255,FINAL
1981-10-29,19.895,20.157,-0.262,FINAL
1981-10-30,19.886,20.154,-0.269,FINAL
1981-10-31,19.88,20.152,-0.272,FINAL
1981-11-01,19.88,20.149,-0.269,FINAL
1981-11-02,19.883,20.146,-0.263,FINAL
1981-11-03,19.889,20.144,-0.255,FINAL
1981-11-04,19.893,20.142,-0.249,FINAL
1981-11-05,19.895,20.139,-0.245,FINAL
1981-11-06,19.894,20.137,-0.243,FINAL
1981-11-07,19.892,20.135,-0.243,FINAL
1981-11-08,19.89,20.133,-0.243,FINAL
1981-11-09,19.889,20.131,-0.242,FINAL
1981-11-10,19.89,20.129,-0.239,FINAL
1981-11-11,19.891,20.127,-0.236,FINAL
1981-11-12,19.891,20.125,-0.234,FINAL
1981-11-13,19.89,20.124,-0.234,FINAL
1981-11-14,19.886,20.123,-0.237,FINAL
1981-11-15,19.882,20.121,-0.239,FINAL
1981-11-16,19.878,20.12,-0.242,FINAL
1981-11-17,19.872,20.119,-0.247,FINAL
1981-11-18,19.868,20.119,-0.251,FINAL
1981-11-19,19.863,20.118,-0.255,FINAL
1981-11-20,19.862,20.118,-0.255,FINAL
1981-11-21,19.867,20.117,-0.25,FINAL
1981-11-22,19.873,20.117,-0.245,FINAL
1981-11-23,19.875,20.117,-0.243,FINAL
1981-11-24,19.869,20.118,-0.249,FINAL
1981-11-25,19.857,20.118,-0.261,FINAL
1981-11-26,19.848,20.119,-0.271,FINAL
1981-11-27,19.839,20.12,-0.281,FINAL
1981-11-28,19.83,20.121,-0.291,FINAL
1981-11-29,19.821,20.123,-0.302,FINAL
1981-11-30,19.815,20.124,-0.309,FINAL
1981-12-01,19.813,20.126,-0.313,FINAL
1981-12-02,19.819,20.128,-0.309,FINAL
1981-12-03,19.827,20.13,-0.303,FINAL
1981-12-04,19.837,20.132,-0.295,FINAL
1981-12-05,19.846,20.135,-0.288,FINAL
1981-12-06,19.855,20.137,-0.282,FINAL
1981-12-07,19.862,20.14,-0.278,FINAL
1981-12-08,19.867,20.143,-0.276,FINAL
1981-12-09,19.868,20.146,-0.278,FINAL
1981-12-10,19.864,20.149,-0.285,FINAL
1981-12-11,19.857,20.152,-0.295,FINAL
1981-12-12,19.85,20.156,-0.306,FINAL
1981-12-13,19.846,20.159,-0.313,FINAL
1981-12-14,19.851,20.163,-0.312,FINAL
1981-12-15,19.861,20.167,-0.305,FINAL
1981-12-16,19.872,20.17,-0.298,FINAL
1981-12-17,19.886,20.174,-0.288,FINAL
1981-12-18,19.905,20.178,-0.273,FINAL
1981-12-19,19.929,20.182,-0.253,FINAL
1981-12-20,19.951,20.186,-0.236,FINAL
1981-12-21,19.963,20.19,-0.227,FINAL
1981-12-22,19.97,20.194,-0.225,FINAL
1981-12-23,19.975,20.198,-0.223,FINAL
1981-12-24,19.984,20.203,-0.218,FINAL
1981-12-25,19.99,20.207,-0.217,FINAL
1981-12-26,19.989,20.211,-0.222,FINAL
1981-12-27,19.986,20.216,-0.23,FINAL
1981-12-28,19.988,20.22,-0.232,FINAL
1981-12-29,20.0,20.224,-0.225,FINAL
1981-12-30,20.018,20.229,-0.211,FINAL
1981-12-31,20.034,20.233,-0.199,FINAL
1982-01-01,20.049,20.238,-0.189,FINAL
1982-01-02,20.066,20.242,-0.176,FINAL
1982-01-03,20.086,20.247,-0.161,FINAL
1982-01-04,20.102,20.252,-0.15,FINAL
1982-01-05,20.11,20.256,-0.146,FINAL
1982-01-06,20.112,20.261,-0.149,FINAL
1982-01-07,20.11,20.266,-0.156,FINAL
1982-01-08,20.107,20.271,-0.164,FINAL
1982-01-09,20.104,20.276,-0.172,FINAL
1982-01-10,20.101,20.281,-0.18,FINAL
1982-01-11,20.099,20.286,-0.187,FINAL
1982-01-12,20.099,20.291,-0.192,FINAL
1982-01-13,20.102,20.297,-0.195,FINAL
1982-01-14,20.112,20.302,-0.19,FINAL
1982-01-15,20.13,20.307,-0.177,FINAL
1982-01-16,20.151,20.313,-0.161,FINAL
1982-01-17,20.161,20.318,-0.157,FINAL
1982-01-18,20.158,20.324,-0.166,FINAL
1982-01-19,20.144,20.329,-0.186,FINAL
1982-01-20,20.129,20.335,-0.206,FINAL
1982-01-21,20.115,20.341,-0.226,FINAL
1982-01-22,20.099,20.346,-0.248,FINAL
1982-01-23,20.083,20.352,-0.269,FINAL
1982-01-24,20.074,20.358,-0.284,FINAL
1982-01-25,20.078,20.364,-0.285,FINAL
1982-01-26,20.09,20.37,-0.279,FINAL
1982-01-27,20.104,20.375,-0.271,FINAL
1982-01-28,20.114,20.381,-0.267,FINAL
1982-01-29,20.119,20.387,-0.267,FINAL
1982-01-30,20.122,20.392,-0.271,FINAL
1982-01-31,20.124,20.398,-0.274,FINAL
1982-02-01,20.127,20.404,-0.277,FINAL
1982-02-02,20.131,20.409,-0.278,FINAL
1982-02-03,20.137,20.415,-0.278,FINAL
1982-02-04,20.143,20.42,-0.277,FINAL
1982-02-05,20.148,20.425,-0.277,FINAL
1982-02-06,20.155,20.43,-0.275,FINAL
1982-02-07,20.165,20.436,-0.271,FINAL
1982-02-08,20.175,20.44,-0.265,FINAL
1982-02-09,20.184,20.445,-0.261,FINAL
1982-02-10,20.193,20.45,-0.257,FINAL
1982-02-11,20.198,20.455,-0.256,FINAL
1982-02-12,20.201,20.459,-0.258,FINAL
1982-02-13,20.2,20.463,-0.264,FINAL
1982-02-14,20.194,20.468,-0.273,FINAL
1982-02-15,20.189,20.472,-0.283,FINAL
1982-02-16,20.19,20.476,-0.286,FINAL
1982-02-17,20.197,20.48,-0.283,FINAL
1982-02-18,20.209,20.483,-0.274,FINAL
1982-02-19,20.224,20.487,-0.262,FINAL
1982-02-20,20.24,20.49,-0.25,FINAL
1982-02-21,20.256,20.493,-0.238,FINAL
1982-02-22,20.271,20.497,-0.225,FINAL
1982-02-23,20.279,20.5,-0.221,FINAL
1982-02-24,20.277,20.503,-0.225,FINAL
1982-02-25,20.272,20.505,-0.234,FINAL
1982-02-26,20.266,20.508,-0.242,FINAL
1982-02-27,20.264,20.51,-0.246,FINAL
1982-02-28,20.27,20.513,-0.243,FINAL
1982-03-01,20.277,20.515,-0.238,FINAL
1982-03-02,20.286,20.517,-0.231,FINAL
1982-03-03,20.293,20.52,-0.226,FINAL
1982-03-04,20.297,20.522,-0.224,FINAL
1982-03-05,20.296,20.523,-0.228,FINAL
1982-03-06,20.291,20.525,-0.234,FINAL
1982-03-07,20.285,20.527,-0.242,FINAL
1982-03-08,20.281,20.529,-0.248,FINAL
1982-03-09,20.28,20.53,-0.25,FINAL
1982-03-10,20.281,20.531,-0.25,FINAL
1982-03-11,20.283,20.533,-0.25,FINAL
1982-03-12,20.287,20.534,-0.247,FINAL
1982-03-13,20.295,20.535,-0.24,FINAL
1982-03-14,20.308,20.536,-0.228,FINAL
1982-03-15,20.319,20.537,-0.218,FINAL
1982-03-16,20.323,20.538,-0.215,FINAL
1982-03-17,20.325,20.538,-0.213,FINAL
1982-03-18,20.332,20.539,-0.207,FINAL
1982-03-19,20.348,20.539,-0.191,FINAL
1982-03-20,20.37,20.54,-0.17,FINAL
1982-03-21,20.387,20.54,-0.153,FINAL
1982-03-22,20.399,20.54,-0.141,FINAL
1982-03-23,20.404,20.54,-0.136,FINAL
1982-03-24,20.402,20.54,-0.138,FINAL
1982-03-25,20.39,20.539,-0.149,FINAL
1982-03-26,20.371,20.539,-0.168,FINAL
1982-03-27,20.348,20.538,-0.19,FINAL
1982-03-28,20.33,20.538,-0.208,FINAL
1982-03-29,20.319,20.537,-0.218,FINAL
1982-03-30,20.322,20.536,-0.214,FINAL
1982-03-31,20.333,20.535,-0.202,FINAL
1982-04-01,20.349,20.534,-0.185,FINAL
1982-04-02,20.364,20.532,-0.168,FINAL
1982-04-03,20.376,20.531,-0.155,FINAL
1982-04-04,20.377,20.529,-0.152,FINAL
1982-04-05,20.371,20.528,-0.157,FINAL
1982-04-06,20.361,20.526,-0.165,FINAL
1982-04-07,20.35,20.524,-0.173,FINAL
1982-04-08,20.344,20.522,-0.178,FINAL
1982-04-09,20.341,20.52,-0.178,FINAL
1982-04-10,20.34,20.517,-0.177,FINAL
1982-04-11,20.342,20.515,-0.174,FINAL
1982-04-12,20.344,20.513,-0.168,FINAL
1982-04-13,20.349,20.51,-0.162,FINAL
1982-04-14,20.352,20.508,-0.156,FINAL
1982-04-15,20.355,20.505,-0.15,FINAL
1982-04-16,20.352,20.502,-0.15,FINAL
1982-04-17,20.35,20.5,-0.149,FINAL
1982-04-18,20.349,20.497,-0.147,FINAL
1982-04-19,20.352,20.494,-0.142,FINAL
1982-04-20,20.357,20.491,-0.134,FINAL
1982-04-21,20.359,20.488,-0.129,FINAL
1982-04-22,20.352,20.485,-0.133,FINAL
1982-04-23,20.331,20.482,-0.151,FINAL
1982-04-24,20.298,20.479,-0.18,FINAL
1982-04-25,20.266,20.476,-0.21,FINAL
1982-04-26,20.237,20.473,-0.236,FINAL
1982-04-27,20.217,20.469,-0.253,FINAL
1982-04-28,20.209,20.466,-0.258,FINAL
1982-04-29,20.216,20.463,-0.247,FINAL
1982-04-30,20.234,20.46,-0.226,FINAL
1982-05-01,20.263,20.457,-0.194,FINAL
1982-05-02,20.29,20.453,-0.163,FINAL
1982-05-03,20.313,20.45,-0.137,FINAL
1982-05-04,20.32,20.447,-0.127,FINAL
1982-05-05,20.309,20.444,-0.135,FINAL
1982-05-06,20.291,20.441,-0.15,FINAL
1982-05-07,20.274,20.437,-0.163,FINAL
1982-05-08,20.27,20.434,-0.165,FINAL
1982-05-09,20.275,20.431,-0.156,FINAL
1982-05-10,20.283,20.428,-0.145,FINAL
1982-05-11,20.293,20.425,-0.132,FINAL
1982-05-12,20.302,20.421,-0.12,FINAL
1982-05-13,20.307,20.418,-0.111,FINAL
1982-05-14,20.308,20.415,-0.107,FINAL
1982-05-15,20.304,20.412,-0.108,FINAL
1982-05-16,20.3,20.409,-0.109,FINAL
1982-05-17,20.287,20.406,-0.119,FINAL
1982-05-18,20.267,20.403,-0.137,FINAL
1982-05-19,20.25,20.4,-0.15,FINAL
1982-05-20,20.241,20.397,-0.156,FINAL
1982-05-21,20.236,20.394,-0.159,FINAL
1982-05-22,20.226,20.392,-0.166,FINAL
1982-05-23,20.206,20.389,-0.183,FINAL
1982-05-24,20.182,20.386,-0.204,FINAL
1982-05-25,20.164,20.383,-0.219,FINAL
1982-05-26,20.151,20.381,-0.23,FINAL
1982-05-27,20.143,20.378,-0.236,FINAL
1982-05-28,20.138,20.376,-0.238,FINAL
1982-05-29,20.139,20.374,-0.235,FINAL
1982-05-30,20.146,20.371,-0.225,FINAL
1982-05-31,20.156,20.369,-0.213,FINAL
1982-06-01,20.178,20.367,-0.189,FINAL
1982-06-02,20.187,20.365,-0.178,FINAL
1982-06-03,20.189,20.363,-0.174,FINAL
1982-06-04,20.183,20.361,-0.178,FINAL
1982-06-05,20.173,20.36,-0.186,FINAL
1982-06-06,20.165,20.358,-0.193,FINAL
1982-06-07,20.162,20.357,-0.194,FINAL
1982-06-08,20.167,20.355,-0.189,FINAL
1982-06-09,20.174,20.354,-0.18,FINAL
1982-06-10,20.182,20.353,-0.171,FINAL
1982-06-11,20.184,20.352,-0.168,FINAL
1982-06-12,20.178,20.351,-0.173,FINAL
1982-06-13,20.166,20.35,-0.184,FINAL
1982-06-14,20.155,20.349,-0.194,FINAL
1982-06-15,20.14,20.349,-0.209,FINAL
1982-06-16,20.122,20.348,-0.226,FINAL
1982-06-17,20.097,20.348,-0.251,FINAL
1982-06-18,20.076,20.347,-0.272,FINAL
1982-06-19,20.066,20.347,-0.281,FINAL
1982-06-20,20.062,20.347,-0.285,FINAL
1982-06-21,20.057,20.347,-0.29,FINAL
1982-06-22,20.048,20.347,-0.299,FINAL
1982-06-23,20.037,20.348,-0.31,FINAL
1982-06-24,20.032,20.348,-0.316,FINAL
1982-06-25,20.031,20.348,-0.317,FINAL
1982-06-26,20.032,20.349,-0.317,FINAL
1982-06-27,20.031,20.349,-0.318,FINAL
1982-06-28,20.03,20.35,-0.32,FINAL
1982-06-29,20.032,20.351,-0.319,FINAL
1982-06-30,20.035,20.352,-0.317,FINAL
1982-07-01,20.04,20.353,-0.313,FINAL
1982-07-02,20.041,20.354,-0.313,FINAL
1982-07-03,20.041,20.355,-0.314,FINAL
1982-07-04,20.039,20.356,-0.317,FINAL
1982-07-05,20.037,20.358,-0.321,FINAL
1982-07-06,20.036,20.359,-0.323,FINAL
1982-07-07,20.038,20.36,-0.322,FINAL
1982-07-08,20.041,20.362,-0.32,FINAL
1982-07-09,20.045,20.363,-0.319,FINAL
1982-07-10,20.048,20.365,-0.317,FINAL
1982-07-11,20.054,20.367,-0.313,FINAL
1982-07-12,20.062,20.369,-0.307,FINAL
1982-07-13,20.071,20.37,-0.299,FINAL
1982-07-14,20.079,20.372,-0.293,FINAL
1982-07-15,20.085,20.374,-0.289,FINAL
1982-07-16,20.092,20.376,-0.284,FINAL
1982-07-17,20.091,20.378,-0.287,FINAL
1982-07-18,20.086,20.38,-0.295,FINAL
1982-07-19,20.077,20.383,-0.306,FINAL
1982-07-20,20.068,20.385,-0.317,FINAL
1982-07-21,20.063,20.387,-0.324,FINAL
1982-07-22,20.065,20.389,-0.324,FINAL
1982-07-23,20.077,20.391,-0.314,FINAL
1982-07-24,20.096,20.394,-0.298,FINAL
1982-07-25,20.115,20.396,-0.281,FINAL
1982-07-26,20.13,20.398,-0.268,FINAL
1982-07-27,20.134,20.401,-0.266,FINAL
1982-07-28,20.125,20.403,-0.278,FINAL
1982-07-29,20.107,20.405,-0.298,FINAL
1982-07-30,20.087,20.407,-0.32,FINAL
1982-07-31,20.07,20.41,-0.339,FINAL
1982-08-01,20.062,20.412,-0.35,FINAL
1982-08-02,20.069,20.414,-0.345,FINAL
1982-08-03,20.088,20.416,-0.328,FINAL
1982-08-04,20.112,20.418,-0.306,FINAL
1982-08-05,20.133,20.42,-0.287,FINAL
1982-08-06,20.146,20.422,-0.276,FINAL
1982-08-07,20.149,20.424,-0.275,FINAL
1982-08-08,20.145,20.426,-0.281,FINAL
1982-08-09,20.135,20.427,-0.293,FINAL
1982-08-10,20.119,20.429,-0.309,FINAL
1982-08-11,20.101,20.43,-0.329,FINAL
1982-08-12,20.085,20.431,-0.346,FINAL
1982-08-13,20.075,20.432,-0.357,FINAL
1982-08-14,20.071,20.433,-0.362,FINAL
1982-08-15,20.072,20.434,-0.362,FINAL
1982-08-16,20.083,20.435,-0.352,FINAL
1982-08-17,20.095,20.435,-0.341,FINAL
1982-08-18,20.107,20.436,-0.329,FINAL
1982-08-19,20.12,20.436,-0.316,FINAL
1982-08-20,20.134,20.436,-0.302,FINAL
1982-08-21,20.147,20.436,-0.288,FINAL
1982-08-22,20.154,20.435,-0.281,FINAL
1982-08-23,20.153,20.434,-0.281,FINAL
1982-08-24,20.147,20.433,-0.286,FINAL
1982-08-25,20.141,20.432,-0.291,FINAL
1982-08-26,20.137,20.431,-0.294,FINAL
1982-08-27,20.137,20.429,-0.292,FINAL
1982-08-28,20.14,20.428,-0.288,FINAL
1982-08-29,20.143,20.426,-0.283,FINAL
1982-08-30,20.142,20.423,-0.281,FINAL
1982-08-31,20.137,20.421,-0.284,FINAL
1982-09-01,20.125,20.418,-0.293,FINAL
1982-09-02,20.113,20.415,-0.302,FINAL
1982-09-03,20.102,20.412,-0.31,FINAL
1982-09-04,20.094,20.409,-0.314,FINAL
1982-09-05,20.091,20.405,-0.314,FINAL
1982-09-06,20.094,20.401,-0.307,FINAL
1982-09-07,20.102,20.397,-0.295,FINAL
1982-09-08,20.112,20.393,-0.281,FINAL
1982-09-09,20.122,20.389,-0.266,FINAL
1982-09-10,20.13,20.384,-0.254,FINAL
1982-09-11,20.132,20.379,-0.247,FINAL
1982-09-12,20.128,20.375,-0.247,FINAL
1982-09-13,20.12,20.37,-0.25,FINAL
1982-09-14,20.111,20.364,-0.254,FINAL
1982-09-15,20.103,20.359,-0.257,FINAL
1982-09-16,20.1,20.354,-0.254,FINAL
1982-09-17,20.101,20.348,-0.247,FINAL
1982-09-18,20.102,20.343,-0.241,FINAL
1982-09-19,20.097,20.337,-0.24,FINAL
1982-09-20,20.083,20.331,-0.249,FINAL
1982-09-21,20.059,20.326,-0.267,FINAL
1982-09-22,20.032,20.32,-0.287,FINAL
1982-09-23,20.009,20.314,-0.305,FINAL
1982-09-24,19.995,20.308,-0.314,FINAL
1982-09-25,19.995,20.303,-0.307,FINAL
1982-09-26,20.008,20.297,-0.289,FINAL
1982-09-27,20.026,20.291,-0.265,FINAL
1982-09-28,20.048,20.286,-0.237,FINAL
1982-09-29,20.073,20.28,-0.207,FINAL
1982-09-30,20.099,20.274,-0.175,FINAL
1982-10-01,20.117,20.269,-0.152,FINAL
1982-10-02,20.12,20.264,-0.144,FINAL
1982-10-03,20.111,20.258,-0.147,FINAL
1982-10-04,20.095,20.253,-0.158,FINAL
1982-10-05,20.077,20.248,-0.171,FINAL
1982-10-06,20.059,20.243,-0.185,FINAL
1982-10-07,20.039,20.238,-0.199,FINAL
1982-10-08,20.022,20.233,-0.211,FINAL
1982-10-09,20.01,20.229,-0.219,FINAL
1982-10-10,20.004,20.224,-0.22,FINAL
1982-10-11,20.006,20.22,-0.214,FINAL
1982-10-12,20.014,20.216,-0.202,FINAL
1982-10-13,20.025,20.211,-0.187,FINAL
1982-10-14,20.037,20.207,-0.17,FINAL
1982-10-15,20.049,20.203,-0.155,FINAL
1982-10-16,20.054,20.199,-0.145,FINAL
1982-10-17,20.052,20.196,-0.144,FINAL
1982-10-18,20.04,20.192,-0.152,FINAL
1982-10-19,20.029,20.189,-0.159,FINAL
1982-10-20,20.019,20.185,-0.166,FINAL
1982-10-21,20.012,20.182,-0.169,FINAL
1982-10-22,20.008,20.178,-0.17,FINAL
1982-10-23,20.004,20.175,-0.171,FINAL
1982-10-24,19.997,20.172,-0.175,FINAL
1982-10-25,19.983,20.169,-0.185,FINAL
1982-10-26,19.964,20.166,-0.201,FINAL
1982-10-27,19.944,20.163,-0.218,FINAL
1982-10-28,19.929,20.16,-0.231,FINAL
1982-10-29,19.923,20.157,-0.234,FINAL
1982-10-30,19.931,20.154,-0.223,FINAL
1982-10-31,19.951,20.152,-0.201,FINAL
1982-11-01,19.975,20.149,-0.174,FINAL
1982-11-02,19.999,20.146,-0.148,FINAL
1982-11-03,20.02,20.144,-0.124,FINAL
1982-11-04,20.036,20.142,-0.105,FINAL
1982-11-05,20.041,20.139,-0.098,FINAL
1982-11-06,20.034,20.137,-0.103,FINAL
1982-11-07,20.017,20.135,-0.118,FINAL
1982-11-08,19.994,20.133,-0.138,FINAL
1982-11-09,19.969,20.131,-0.162,FINAL
1982-11-10,19.948,20.129,-0.18,FINAL
1982-11-11,19.936,20.127,-0.191,FINAL
1982-11-12,19.93,20.125,-0.195,FINAL
1982-11-13,19.929,20.124,-0.195,FINAL
1982-11-14,19.93,20.123,-0.192,FINAL
1982-11-15,19.934,20.121,-0.187,FINAL
1982-11-16,19.941,20.12,-0.179,FINAL
1982-11-17,19.954,20.119,-0.165,FINAL
1982-11-18,19.965,20.119,-0.153,FINAL
1982-11-19,19.975,20.118,-0.143,FINAL
1982-11-20,19.979,20.118,-0.139,FINAL
1982-11-21,19.976,20.117,-0.142,FINAL
1982-11-22,19.97,20.117,-0.147,FINAL
1982-11-23,19.967,20.117,-0.151,FINAL
1982-11-24,19.971,20.118,-0.147,FINAL
1982-11-25,19.978,20.118,-0.14,FINAL
1982-11-26,19.984,20.119,-0.135,FINAL
1982-11-27,19.991,20.12,-0.129,FINAL
1982-11-28,20.001,20.121,-0.121,FINAL
1982-11-29,20.015,20.123,-0.107,FINAL
1982-11-30,20.028,20.124,-0.096,FINAL
1982-12-01,20.029,20.126,-0.097,FINAL
1982-12-02,20.031,20.128,-0.097,FINAL
1982-12-03,20.034,20.13,-0.096,FINAL
1982-12-04,20.043,20.132,-0.089,FINAL
1982-12-05,20.058,20.135,-0.077,FINAL
1982-12-06,20.072,20.137,-0.065,FINAL
1982-12-07,20.082,20.14,-0.058,FINAL
1982-12-08,20.086,20.143,-0.057,FINAL
1982-12-09,20.081,20.146,-0.065,FINAL
1982-12-10,20.068,20.149,-0.081,FINAL
1982-12-11,20.052,20.152,-0.1,FINAL
1982-12-12,20.036,20.156,-0.12,FINAL
1982-12-13,20.024,20.159,-0.136,FINAL
1982-12-14,20.019,20.163,-0.144,FINAL
1982-12-15,20.023,20.167,-0.144,FINAL
1982-12-16,20.038,20.17,-0.133,FINAL
1982-12-17,20.056,20.174,-0.118,FINAL
1982-12-18,20.079,20.178,-0.099,FINAL
1982-12-19,20.105,20.182,-0.077,FINAL
1982-12-20,20.126,20.186,-0.06,FINAL
1982-12-21,20.139,20.19,-0.051,FINAL
1982-12-22,20.146,20.194,-0.049,FINAL
1982-12-23,20.15,20.198,-0.049,FINAL
1982-12-24,20.154,20.203,-0.049,FINAL
1982-12-25,20.154,20.207,-0.053,FINAL
1982-12-26,20.148,20.211,-0.064,FINAL
1982-12-27,20.141,20.216,-0.075,FINAL
1982-12-28,20.139,20.22,-0.081,FINAL
1982-12-29,20.148,20.224,-0.076,FINAL
1982-12-30,20.165,20.229,-0.064,FINAL
1982-12-31,20.183,20.233,-0.05,FINAL
1983-01-01,20.201,20.238,-0.037,FINAL
1983-01-02,20.22,20.242,-0.022,FINAL
1983-01-03,20.239,20.247,-0.008,FINAL
1983-01-04,20.252,20.252,-0.0,FINAL
1983-01-05,20.255,20.256,-0.002,FINAL
1983-01-06,20.253,20.261,-0.008,FINAL
1983-01-07,20.248,20.266,-0.018,FINAL
1983-01-08,20.244,20.271,-0.027,FINAL
1983-01-09,20.241,20.276,-0.035,FINAL
1983-01-10,20.241,20.281,-0.04,FINAL
1983-01-11,20.243,20.286,-0.043,FINAL
1983-01-12,20.247,20.291,-0.044,FINAL
1983-01-13,20.252,20.297,-0.045,FINAL
1983-01-14,20.257,20.302,-0.045,FINAL
1983-01-15,20.262,20.307,-0.046,FINAL
1983-01-16,20.27,20.313,-0.043,FINAL
1983-01-17,20.28,20.318,-0.038,FINAL
1983-01-18,20.295,20.324,-0.029,FINAL
1983-01-19,20.309,20.329,-0.02,FINAL
1983-01-20,20.318,20.335,-0.017,FINAL
1983-01-21,20.326,20.341,-0.015,FINAL
1983-01-22,20.336,20.346,-0.011,FINAL
1983-01-23,20.351,20.352,-0.001,FINAL
1983-01-24,20.371,20.358,0.013,FINAL
1983-01-25,20.389,20.364,0.025,FINAL
1983-01-26,20.402,20.37,0.033,FINAL
1983-01-27,20.407,20.375,0.032,FINAL
1983-01-28,20.403,20.381,0.022,FINAL
1983-01-29,20.39,20.387,0.003,FINAL
1983-01-30,20.375,20.392,-0.018,FINAL
1983-01-31,20.359,20.398,-0.039,FINAL
1983-02-01,20.344,20.404,-0.059,FINAL
1983-02-02,20.332,20.409,-0.077,FINAL
1983-02-03,20.328,20.415,-0.087,FINAL
1983-02-04,20.334,20.42,-0.086,FINAL
1983-02-05,20.347,20.425,-0.078,FINAL
1983-02-06,20.366,20.43,-0.065,FINAL
1983-02-07,20.388,20.436,-0.047,FINAL
1983-02-08,20.408,20.44,-0.033,FINAL
1983-02-09,20.422,20.445,-0.024,FINAL
1983-02-10,20.431,20.45,-0.019,FINAL
1983-02-11,20.439,20.455,-0.015,FINAL
1983-02-12,20.448,20.459,-0.011,FINAL
1983-02-13,20.453,20.463,-0.011,FINAL
1983-02-14,20.452,20.468,-0.016,FINAL
1983-02-15,20.448,20.472,-0.024,FINAL
1983-02-16,20.446,20.476,-0.03,FINAL
1983-02-17,20.445,20.48,-0.034,FINAL
1983-02-18,20.447,20.483,-0.036,FINAL
1983-02-19,20.448,20.487,-0.039,FINAL
1983-02-20,20.451,20.49,-0.039,FINAL
1983-02-21,20.46,20.493,-0.033,FINAL
1983-02-22,20.479,20.497,-0.017,FINAL
1983-02-23,20.506,20.5,0.006,FINAL
1983-02-24,20.532,20.503,0.03,FINAL
1983-02-25,20.554,20.505,0.049,FINAL
1983-02-26,20.565,20.508,0.057,FINAL
1983-02-27,20.561,20.51,0.05,FINAL
1983-02-28,20.542,20.513,0.029,FINAL
1983-03-01,20.517,20.515,0.001,FINAL
1983-03-02,20.489,20.517,-0.029,FINAL
1983-03-03,20.462,20.52,-0.058,FINAL
1983-03-04,20.438,20.522,-0.084,FINAL
1983-03-05,20.427,20.523,-0.096,FINAL
1983-03-06,20.433,20.525,-0.092,FINAL
1983-03-07,20.449,20.527,-0.078,FINAL
1983-03-08,20.468,20.529,-0.061,FINAL
1983-03-09,20.484,20.53,-0.046,FINAL
1983-03-10,20.492,20.531,-0.04,FINAL
1983-03-11,20.494,20.533,-0.039,FINAL
1983-03-12,20.492,20.534,-0.042,FINAL
1983-03-13,20.49,20.535,-0.045,FINAL
1983-03-14,20.489,20.536,-0.047,FINAL
1983-03-15,20.487,20.537,-0.05,FINAL
1983-03-16,20.483,20.538,-0.054,FINAL
1983-03-17,20.48,20.538,-0.058,FINAL
1983-03-18,20.48,20.539,-0.059,FINAL
1983-03-19,20.485,20.539,-0.054,FINAL
1983-03-20,20.493,20.54,-0.046,FINAL
1983-03-21,20.501,20.54,-0.039,FINAL
1983-03-22,20.509,20.54,-0.031,FINAL
1983-03-23,20.515,20.54,-0.025,FINAL
1983-03-24,20.518,20.54,-0.021,FINAL
1983-03-25,20.519,20.539,-0.02,FINAL
1983-03-26,20.515,20.539,-0.024,FINAL
1983-03-27,20.509,20.538,-0.029,FINAL
1983-03-28,20.501,20.538,-0.037,FINAL
1983-03-29,20.493,20.537,-0.044,FINAL
1983-03-30,20.484,20.536,-0.052,FINAL
1983-03-31,20.478,20.535,-0.057,FINAL
1983-04-01,20.472,20.534,-0.062,FINAL
1983-04-02,20.471,20.532,-0.062,FINAL
1983-04-03,20.473,20.531,-0.058,FINAL
1983-04-04,20.478,20.529,-0.051,FINAL
1983-04-05,20.483,20.528,-0.045,FINAL
1983-04-06,20.488,20.526,-0.037,FINAL
1983-04-07,20.493,20.524,-0.031,FINAL
1983-04-08,20.496,20.522,-0.026,FINAL
1983-04-09,20.497,20.52,-0.022,FINAL
1983-04-10,20.498,20.517,-0.019,FINAL
1983-04-11,20.494,20.515,-0.021,FINAL
1983-04-12,20.485,20.513,-0.027,FINAL
1983-04-13,20.47,20.51,-0.04,FINAL
1983-04-14,20.455,20.508,-0.053,FINAL
1983-04-15,20.448,20.505,-0.057,FINAL
1983-04-16,20.438,20.502,-0.064,FINAL
1983-04-17,20.425,20.5,-0.074,FINAL
1983-04-18,20.409,20.497,-0.088,FINAL
1983-04-19,20.393,20.494,-0.101,FINAL
1983-04-20,20.384,20.491,-0.107,FINAL
1983-04-21,20.38,20.488,-0.108,FINAL
1983-04-22,20.378,20.485,-0.107,FINAL
1983-04-23,20.375,20.482,-0.107,FINAL
1983-04-24,20.377,20.479,-0.102,FINAL
1983-04-25,20.385,20.476,-0.09,FINAL
1983-04-26,20.393,20.473,-0.08,FINAL
1983-04-27,20.392,20.469,-0.078,FINAL
1983-04-28,20.374,20.466,-0.093,FINAL
1983-04-29,20.343,20.463,-0.12,FINAL
1983-04-30,20.312,20.46,-0.147,FINAL
1983-05-01,20.287,20.457,-0.17,FINAL
1983-05-02,20.261,20.453,-0.193,FINAL
1983-05-03,20.239,20.45,-0.212,FINAL
1983-05-04,20.229,20.447,-0.218,FINAL
1983-05-05,20.233,20.444,-0.211,FINAL
1983-05-06,20.245,20.441,-0.195,FINAL
1983-05-07,20.263,20.437,-0.175,FINAL
1983-05-08,20.282,20.434,-0.152,FINAL
1983-05-09,20.294,20.431,-0.137,FINAL
1983-05-10,20.298,20.428,-0.13,FINAL
1983-05-11,20.296,20.425,-0.129,FINAL
1983-05-12,20.292,20.421,-0.129,FINAL
1983-05-13,20.291,20.418,-0.128,FINAL
1983-05-14,20.289,20.415,-0.126,FINAL
1983-05-15,20.283,20.412,-0.129,FINAL
1983-05-16,20.279,20.409,-0.13,FINAL
1983-05-17,20.272,20.406,-0.134,FINAL
1983-05-18,20.269,20.403,-0.134,FINAL
1983-05-19,20.27,20.4,-0.13,FINAL
1983-05-20,20.272,20.397,-0.125,FINAL
1983-05-21,20.274,20.394,-0.12,FINAL
1983-05-22,20.277,20.392,-0.115,FINAL
1983-05-23,20.28,20.389,-0.109,FINAL
1983-05-24,20.28,20.386,-0.106,FINAL
1983-05-25,20.276,20.383,-0.108,FINAL
1983-05-26,20.27,20.381,-0.111,FINAL
1983-05-27,20.264,20.378,-0.114,FINAL
1983-05-28,20.259,20.376,-0.117,FINAL
1983-05-29,20.255,20.374,-0.119,FINAL
1983-05-30,20.251,20.371,-0.12,FINAL
1983-05-31,20.248,20.369,-0.121,FINAL
1983-06-01,20.255,20.367,-0.112,FINAL
1983-06-02,20.257,20.365,-0.108,FINAL
1983-06-03,20.259,20.363,-0.104,FINAL
1983-06-04,20.26,20.361,-0.101,FINAL
1983-06-05,20.261,20.36,-0.099,FINAL
1983-06-06,20.261,20.358,-0.097,FINAL
1983-06-07,20.262,20.357,-0.094,FINAL
1983-06-08,20.262,20.355,-0.093,FINAL
1983-06-09,20.259,20.354,-0.095,FINAL
1983-06-10,20.255,20.353,-0.098,FINAL
1983-06-11,20.249,20.352,-0.102,FINAL
1983-06-12,20.243,20.351,-0.108,FINAL
1983-06-13,20.239,20.35,-0.111,FINAL
1983-06-14,20.236,20.349,-0.113,FINAL
1983-06-15,20.233,20.349,-0.115,FINAL
1983-06-16,20.229,20.348,-0.119,FINAL
1983-06-17,20.222,20.348,-0.126,FINAL
1983-06-18,20.215,20.347,-0.132,FINAL
1983-06-19,20.212,20.347,-0.136,FINAL
1983-06-20,20.208,20.347,-0.139,FINAL
1983-06-21,20.205,20.347,-0.142,FINAL
1983-06-22,20.198,20.347,-0.149,FINAL
1983-06-23,20.193,20.348,-0.154,FINAL
1983-06-24,20.193,20.348,-0.155,FINAL
1983-06-25,20.194,20.348,-0.154,FINAL
1983-06-26,20.191,20.349,-0.158,FINAL
1983-06-27,20.18,20.349,-0.169,FINAL
1983-06-28,20.168,20.35,-0.182,FINAL
1983-06-29,20.161,20.351,-0.19,FINAL
1983-06-30,20.154,20.352,-0.198,FINAL
1983-07-01,20.146,20.353,-0.207,FINAL
1983-07-02,20.132,20.354,-0.222,FINAL
1983-07-03,20.119,20.355,-0.236,FINAL
1983-07-04,20.113,20.356,-0.243,FINAL
1983-07-05,20.112,20.358,-0.245,FINAL
1983-07-06,20.113,20.359,-0.246,FINAL
1983-07-07,20.11,20.36,-0.25,FINAL
1983-07-08,20.107,20.362,-0.255,FINAL
1983-07-09,20.108,20.363,-0.255,FINAL
1983-07-10,20.111,20.365,-0.254,FINAL
1983-07-11,20.114,20.367,-0.253,FINAL
1983-07-12,20.114,20.369,-0.254,FINAL
1983-07-13,20.114,20.37,-0.256,FINAL
1983-07-14,20.115,20.372,-0.258,FINAL
1983-07-15,20.113,20.374,-0.261,FINAL
1983-07-16,20.116,20.376,-0.261,FINAL
1983-07-17,20.115,20.378,-0.264,FINAL
1983-07-18,20.113,20.38,-0.268,FINAL
1983-07-19,20.113,20.383,-0.269,FINAL
1983-07-20,20.115,20.385,-0.27,FINAL
1983-07-21,20.118,20.387,-0.269,FINAL
1983-07-22,20.123,20.389,-0.266,FINAL
1983-07-23,20.126,20.391,-0.265,FINAL
1983-07-24,20.127,20.394,-0.267,FINAL
1983-07-25,20.128,20.396,-0.268,FINAL
1983-07-26,20.135,20.398,-0.263,FINAL
1983-07-27,20.154,20.401,-0.247,FINAL
1983-07-28,20.181,20.403,-0.222,FINAL
1983-07-29,20.206,20.405,-0.2,FINAL
1983-07-30,20.226,20.407,-0.181,FINAL
1983-07-31,20.238,20.41,-0.172,FINAL
1983-08-01,20.238,20.412,-0.174,FINAL
1983-08-02,20.226,20.414,-0.188,FINAL
1983-08-03,20.205,20.416,-0.211,FINAL
1983-08-04,20.18,20.418,-0.238,FINAL
1983-08-05,20.157,20.42,-0.263,FINAL
1983-08-06,20.14,20.422,-0.282,FINAL
1983-08-07,20.14,20.424,-0.284,FINAL
1983-08-08,20.157,20.426,-0.269,FINAL
1983-08-09,20.18,20.427,-0.247,FINAL
1983-08-10,20.197,20.429,-0.231,FINAL
1983-08-11,20.201,20.43,-0.229,FINAL
1983-08-12,20.191,20.431,-0.241,FINAL
1983-08-13,20.174,20.432,-0.258,FINAL
1983-08-14,20.155,20.433,-0.278,FINAL
1983-08-15,20.137,20.434,-0.297,FINAL
1983-08-16,20.128,20.435,-0.307,FINAL
1983-08-17,20.122,20.435,-0.313,FINAL
1983-08-18,20.126,20.436,-0.31,FINAL
1983-08-19,20.136,20.436,-0.3,FINAL
1983-08-20,20.151,20.436,-0.285,FINAL
1983-08-21,20.169,20.436,-0.267,FINAL
1983-08-22,20.183,20.435,-0.252,FINAL
1983-08-23,20.193,20.434,-0.241,FINAL
1983-08-24,20.198,20.433,-0.236,FINAL
1983-08-25,20.201,20.432,-0.231,FINAL
1983-08-26,20.204,20.431,-0.226,FINAL
1983-08-27,20.207,20.429,-0.222,FINAL
1983-08-28,20.206,20.428,-0.221,FINAL
1983-08-29,20.202,20.426,-0.224,FINAL
1983-08-30,20.193,20.423,-0.231,FINAL
1983-08-31,20.179,20.421,-0.242,FINAL
1983-09-01,20.163,20.418,-0.255,FINAL
1983-09-02,20.151,20.415,-0.264,FINAL
1983-09-03,20.141,20.412,-0.271,FINAL
1983-09-04,20.133,20.409,-0.275,FINAL
1983-09-05,20.129,20.405,-0.276,FINAL
1983-09-06,20.124,20.401,-0.277,FINAL
1983-09-07,20.121,20.397,-0.277,FINAL
1983-09-08,20.121,20.393,-0.272,FINAL
1983-09-09,20.129,20.389,-0.259,FINAL
1983-09-10,20.148,20.384,-0.236,FINAL
1983-09-11,20.168,20.379,-0.212,FINAL
1983-09-12,20.18,20.375,-0.194,FINAL
1983-09-13,20.189,20.37,-0.18,FINAL
1983-09-14,20.199,20.364,-0.166,FINAL
1983-09-15,20.212,20.359,-0.147,FINAL
1983-09-16,20.226,20.354,-0.128,FINAL
1983-09-17,20.232,20.348,-0.117,FINAL
1983-09-18,20.228,20.343,-0.114,FINAL
1983-09-19,20.216,20.337,-0.121,FINAL
1983-09-20,20.192,20.331,-0.139,FINAL
1983-09-21,20.166,20.326,-0.16,FINAL
1983-09-22,20.143,20.32,-0.177,FINAL
1983-09-23,20.121,20.314,-0.193,FINAL
1983-09-24,20.098,20.308,-0.21,FINAL
1983-09-25,20.072,20.303,-0.23,FINAL
1983-09-26,20.054,20.297,-0.243,FINAL
1983-09-27,20.049,20.291,-0.242,FINAL
1983-09-28,20.052,20.286,-0.234,FINAL
1983-09-29,20.055,20.28,-0.225,FINAL
1983-09-30,20.052,20.274,-0.223,FINAL
1983-10-01,20.042,20.269,-0.227,FINAL
1983-10-02,20.033,20.264,-0.231,FINAL
1983-10-03,20.023,20.258,-0.235,FINAL
1983-10-04,20.015,20.253,-0.238,FINAL
1983-10-05,20.008,20.248,-0.24,FINAL
1983-10-06,20.002,20.243,-0.242,FINAL
1983-10-07,19.997,20.238,-0.241,FINAL
1983-10-08,19.994,20.233,-0.24,FINAL
1983-10-09,19.995,20.229,-0.234,FINAL
1983-10-10,19.999,20.224,-0.225,FINAL
1983-10-11,20.007,20.22,-0.212,FINAL
1983-10-12,20.015,20.216,-0.201,FINAL
1983-10-13,20.02,20.211,-0.191,FINAL
1983-10-14,20.02,20.207,-0.188,FINAL
1983-10-15,20.011,20.203,-0.192,FINAL
1983-10-16,19.998,20.199,-0.202,FINAL
1983-10-17,19.983,20.196,-0.212,FINAL
1983-10-18,19.964,20.192,-0.229,FINAL
1983-10-19,19.944,20.189,-0.244,FINAL
1983-10-20,19.921,20.185,-0.264,FINAL
1983-10-21,19.902,20.182,-0.279,FINAL
1983-10-22,19.894,20.178,-0.284,FINAL
1983-10-23,19.892,20.175,-0.283,FINAL
1983-10-24,19.889,20.172,-0.282,FINAL
1983-10-25,19.882,20.169,-0.287,FINAL
1983-10-26,19.868,20.166,-0.298,FINAL
1983-10-27,19.853,20.163,-0.31,FINAL
1983-10-28,19.842,20.16,-0.318,FINAL
1983-10-29,19.841,20.157,-0.316,FINAL
1983-10-30,19.855,20.154,-0.299,FINAL
1983-10-31,19.881,20.152,-0.271,FINAL
1983-11-01,19.907,20.149,-0.242,FINAL
1983-11-02,19.932,20.146,-0.215,FINAL
1983-11-03,19.951,20.144,-0.193,FINAL
1983-11-04,19.963,20.142,-0.179,FINAL
1983-11-05,19.963,20.139,-0.177,FINAL
1983-11-06,19.95,20.137,-0.187,FINAL
1983-11-07,19.928,20.135,-0.206,FINAL
1983-11-08,19.902,20.133,-0.231,FINAL
1983-11-09,19.874,20.131,-0.256,FINAL
1983-11-10,19.854,20.129,-0.274,FINAL
1983-11-11,19.845,20.127,-0.282,FINAL
1983-11-12,19.844,20.125,-0.282,FINAL
1983-11-13,19.846,20.124,-0.278,FINAL
1983-11-14,19.848,20.123,-0.275,FINAL
1983-11-15,19.849,20.121,-0.272,FINAL
1983-11-16,19.851,20.12,-0.269,FINAL
1983-11-17,19.854,20.119,-0.266,FINAL
1983-11-18,19.861,20.119,-0.258,FINAL
1983-11-19,19.87,20.118,-0.248,FINAL
1983-11-20,19.878,20.118,-0.239,FINAL
1983-11-21,19.881,20.117,-0.236,FINAL
1983-11-22,19.882,20.117,-0.236,FINAL
1983-11-23,19.884,20.117,-0.234,FINAL
1983-11-24,19.89,20.118,-0.228,FINAL
1983-11-25,19.896,20.118,-0.223,FINAL
1983-11-26,19.897,20.119,-0.222,FINAL
1983-11-27,19.898,20.12,-0.222,FINAL
1983-11-28,19.902,20.121,-0.219,FINAL
1983-11-29,19.913,20.123,-0.21,FINAL
1983-11-30,19.925,20.124,-0.199,FINAL
1983-12-01,19.932,20.126,-0.194,FINAL
1983-12-02,19.938,20.128,-0.189,FINAL
1983-12-03,19.945,20.13,-0.184,FINAL
1983-12-04,19.954,20.132,-0.178,FINAL
1983-12-05,19.96,20.135,-0.174,FINAL
1983-12-06,19.96,20.137,-0.177,FINAL
1983-12-07,19.957,20.14,-0.182,FINAL
1983-12-08,19.958,20.143,-0.185,FINAL
1983-12-09,19.964,20.146,-0.182,FINAL
1983-12-10,19.976,20.149,-0.173,FINAL
1983-12-11,19.987,20.152,-0.165,FINAL
1983-12-12,19.998,20.156,-0.158,FINAL
1983-12-13,20.007,20.159,-0.153,FINAL
1983-12-14,20.011,20.163,-0.152,FINAL
1983-12-15,20.01,20.167,-0.157,FINAL
1983-12-16,20.004,20.17,-0.166,FINAL
1983-12-17,19.997,20.174,-0.177,FINAL
1983-12-18,19.993,20.178,-0.185,FINAL
1983-12-19,19.993,20.182,-0.189,FINAL
1983-12-20,20.002,20.186,-0.184,FINAL
1983-12-21,20.018,20.19,-0.172,FINAL
1983-12-22,20.035,20.194,-0.159,FINAL
1983-12-23,20.047,20.198,-0.152,FINAL
1983-12-24,20.047,20.203,-0.156,FINAL
1983-12-25,20.035,20.207,-0.172,FINAL
1983-12-26,20.021,20.211,-0.19,FINAL
1983-12-27,20.006,20.216,-0.21,FINAL
1983-12-28,19.992,20.22,-0.228,FINAL
1983-12-29,19.981,20.224,-0.244,FINAL
1983-12-30,19.978,20.229,-0.251,FINAL
1983-12-31,19.985,20.233,-0.249,FINAL
1984-01-01,19.998,20.238,-0.24,FINAL
1984-01-02,20.017,20.242,-0.226,FINAL
1984-01-03,20.04,20.247,-0.207,FINAL
1984-01-04,20.058,20.252,-0.193,FINAL
1984-01-05,20.069,20.256,-0.187,FINAL
1984-01-06,20.077,20.261,-0.184,FINAL
1984-01-07,20.087,20.266,-0.179,FINAL
1984-01-08,20.104,20.271,-0.167,FINAL
1984-01-09,20.123,20.276,-0.153,FINAL
1984-01-10,20.135,20.281,-0.146,FINAL
1984-01-11,20.144,20.286,-0.142,FINAL
1984-01-12,20.151,20.291,-0.141,FINAL
1984-01-13,20.159,20.297,-0.138,FINAL
1984-01-14,20.166,20.302,-0.136,FINAL
1984-01-15,20.17,20.307,-0.137,FINAL
1984-01-16,20.174,20.313,-0.139,FINAL
1984-01-17,20.175,20.318,-0.143,FINAL
1984-01-18,20.174,20.324,-0.15,FINAL
1984-01-19,20.173,20.329,-0.156,FINAL
1984-01-20,20.173,20.335,-0.163,FINAL
1984-01-21,20.173,20.341,-0.167,FINAL
1984-01-22,20.179,20.346,-0.168,FINAL
1984-01-23,20.191,20.352,-0.162,FINAL
1984-01-24,20.207,20.358,-0.151,FINAL
1984-01-25,20.225,20.364,-0.138,FINAL
1984-01-26,20.243,20.37,-0.127,FINAL
1984-01-27,20.257,20.375,-0.118,FINAL
1984-01-28,20.267,20.381,-0.114,FINAL
1984-01-29,20.27,20.387,-0.117,FINAL
1984-01-30,20.268,20.392,-0.125,FINAL
1984-01-31,20.262,20.398,-0.136,FINAL
1984-02-01,20.253,20.404,-0.15,FINAL
1984-02-02,20.245,20.409,-0.164,FINAL
1984-02-03,20.241,20.415,-0.174,FINAL
1984-02-04,20.242,20.42,-0.178,FINAL
1984-02-05,20.248,20.425,-0.178,FINAL
1984-02-06,20.253,20.43,-0.177,FINAL
1984-02-07,20.255,20.436,-0.181,FINAL
1984-02-08,20.257,20.44,-0.184,FINAL
1984-02-09,20.263,20.445,-0.183,FINAL
1984-02-10,20.268,20.45,-0.182,FINAL
1984-02-11,20.271,20.455,-0.184,FINAL
1984-02-12,20.267,20.459,-0.192,FINAL
1984-02-13,20.265,20.463,-0.198,FINAL
1984-02-14,20.27,20.468,-0.198,FINAL
1984-02-15,20.274,20.472,-0.198,FINAL
1984-02-16,20.268,20.476,-0.207,FINAL
1984-02-17,20.247,20.48,-0.232,FINAL
1984-02-18,20.213,20.483,-0.271,FINAL
1984-02-19,20.18,20.487,-0.307,FINAL
1984-02-20,20.156,20.49,-0.334,FINAL
1984-02-21,20.145,20.493,-0.349,FINAL
1984-02-22,20.152,20.497,-0.345,FINAL
1984-02-23,20.178,20.5,-0.321,FINAL
1984-02-24,20.22,20.503,-0.283,FINAL
1984-02-25,20.266,20.505,-0.239,FINAL
1984-02-26,20.308,20.508,-0.2,FINAL
1984-02-27,20.334,20.51,-0.176,FINAL
1984-02-28,20.338,20.513,-0.174,FINAL
1984-02-29,20.319,20.514,-0.195,FINAL
1984-03-01,20.287,20.515,-0.228,FINAL
1984-03-02,20.249,20.517,-0.268,FINAL
1984-03-03,20.21,20.52,-0.309,FINAL
1984-03-04,20.18,20.522,-0.341,FINAL
1984-03-05,20.166,20.523,-0.357,FINAL
1984-03-06,20.172,20.525,-0.353,FINAL
1984-03-07,20.191,20.527,-0.336,FINAL
1984-03-08,20.217,20.529,-0.311,FINAL
1984-03-09,20.245,20.53,-0.285,FINAL
1984-03-10,20.262,20.531,-0.27,FINAL
1984-03-11,20.267,20.533,-0.265,FINAL
1984-03-12,20.268,20.534,-0.266,FINAL
1984-03-13,20.272,20.535,-0.263,FINAL
1984-03-14,20.287,20.536,-0.249,FINAL
1984-03-15,20.306,20.537,-0.231,FINAL
1984-03-16,20.319,20.538,-0.219,FINAL
1984-03-17,20.327,20.538,-0.211,FINAL
1984-03-18,20.332,20.539,-0.207,FINAL
1984-03-19,20.336,20.539,-0.204,FINAL
1984-03-20,20.335,20.54,-0.204,FINAL
1984-03-21,20.33,20.54,-0.21,FINAL
1984-03-22,20.32,20.54,-0.22,FINAL
1984-03-23,20.31,20.54,-0.23,FINAL
1984-03-24,20.301,20.54,-0.238,FINAL
1984-03-25,20.297,20.539,-0.242,FINAL
1984-03-26,20.297,20.539,-0.242,FINAL
1984-03-27,20.3,20.538,-0.239,FINAL
1984-03-28,20.304,20.538,-0.234,FINAL
1984-03-29,20.308,20.537,-0.229,FINAL
1984-03-30,20.31,20.536,-0.226,FINAL
1984-03-31,20.308,20.535,-0.227,FINAL
1984-04-01,20.303,20.534,-0.231,FINAL
1984-04-02,20.302,20.532,-0.23,FINAL
1984-04-03,20.305,20.531,-0.225,FINAL
1984-04-04,20.312,20.529,-0.218,FINAL
1984-04-05,20.317,20.528,-0.211,FINAL
1984-04-06,20.32,20.526,-0.205,FINAL
1984-04-07,20.321,20.524,-0.203,FINAL
1984-04-08,20.318,20.522,-0.203,FINAL
1984-04-09,20.312,20.52,-0.208,FINAL
1984-04-10,20.304,20.517,-0.213,FINAL
1984-04-11,20.295,20.515,-0.22,FINAL
1984-04-12,20.285,20.513,-0.228,FINAL
1984-04-13,20.275,20.51,-0.235,FINAL
1984-04-14,20.271,20.508,-0.237,FINAL
1984-04-15,20.275,20.505,-0.23,FINAL
1984-04-16,20.278,20.502,-0.225,FINAL
1984-04-17,20.276,20.5,-0.223,FINAL
1984-04-18,20.267,20.497,-0.229,FINAL
1984-04-19,20.251,20.494,-0.243,FINAL
1984-04-20,20.235,20.491,-0.256,FINAL
1984-04-21,20.22,20.488,-0.268,FINAL
1984-04-22,20.207,20.485,-0.278,FINAL
1984-04-23,20.197,20.482,-0.285,FINAL
1984-04-24,20.195,20.479,-0.284,FINAL
1984-04-25,20.202,20.476,-0.274,FINAL
1984-04-26,20.212,20.473,-0.26,FINAL
1984-04-27,20.218,20.469,-0.251,FINAL
1984-04-28,20.212,20.466,-0.254,FINAL
1984-04-29,20.196,20.463,-0.267,FINAL
1984-04-30,20.178,20.46,-0.281,FINAL
1984-05-01,20.163,20.457,-0.294,FINAL
1984-05-02,20.145,20.453,-0.309,FINAL
1984-05-03,20.129,20.45,-0.322,FINAL
1984-05-04,20.118,20.447,-0.329,FINAL
1984-05-05,20.116,20.444,-0.328,FINAL
1984-05-06,20.121,20.441,-0.32,FINAL
1984-05-07,20.13,20.437,-0.307,FINAL
1984-05-08,20.143,20.434,-0.291,FINAL
1984-05-09,20.154,20.431,-0.276,FINAL
1984-05-10,20.162,20.428,-0.265,FINAL
1984-05-11,20.166,20.425,-0.258,FINAL
1984-05-12,20.167,20.421,-0.255,FINAL
1984-05-13,20.162,20.418,-0.256,FINAL
1984-05-14,20.154,20.415,-0.262,FINAL
1984-05-15,20.141,20.412,-0.271,FINAL
1984-05-16,20.128,20.409,-0.281,FINAL
1984-05-17,20.112,20.406,-0.294,FINAL
1984-05-18,20.097,20.403,-0.306,FINAL
1984-05-19,20.087,20.4,-0.314,FINAL
1984-05-20,20.083,20.397,-0.314,FINAL
1984-05-21,20.083,20.394,-0.311,FINAL
1984-05-22,20.085,20.392,-0.307,FINAL
1984-05-23,20.083,20.389,-0.306,FINAL
1984-05-24,20.081,20.386,-0.305,FINAL
1984-05-25,20.079,20.383,-0.305,FINAL
1984-05-26,20.076,20.381,-0.305,FINAL
1984-05-27,20.072,20.378,-0.307,FINAL
1984-05-28,20.065,20.376,-0.311,FINAL
1984-05-29,20.058,20.374,-0.316,FINAL
1984-05-30,20.053,20.371,-0.319,FINAL
1984-05-31,20.048,20.369,-0.322,FINAL
1984-06-01,20.048,20.367,-0.319,FINAL
1984-06-02,20.038,20.365,-0.327,FINAL
1984-06-03,20.029,20.363,-0.334,FINAL
1984-06-04,20.025,20.361,-0.336,FINAL
1984-06-05,20.021,20.36,-0.338,FINAL
1984-06-06,20.015,20.358,-0.343,FINAL
1984-06-07,20.002,20.357,-0.355,FINAL
1984-06-08,19.987,20.355,-0.368,FINAL
1984-06-09,19.976,20.354,-0.378,FINAL
1984-06-10,19.968,20.353,-0.385,FINAL
1984-06-11,19.962,20.352,-0.39,FINAL
1984-06-12,19.957,20.351,-0.394,FINAL
1984-06-13,19.956,20.35,-0.394,FINAL
1984-06-14,19.959,20.349,-0.39,FINAL
1984-06-15,19.964,20.349,-0.384,FINAL
1984-06-16,19.97,20.348,-0.378,FINAL
1984-06-17,19.974,20.348,-0.373,FINAL
1984-06-18,19.976,20.347,-0.372,FINAL
1984-06-19,19.973,20.347,-0.374,FINAL
1984-06-20,19.968,20.347,-0.379,FINAL
1984-06-21,19.964,20.347,-0.384,FINAL
1984-06-22,19.961,20.347,-0.386,FINAL
1984-06-23,19.96,20.348,-0.388,FINAL
1984-06-24,19.958,20.348,-0.389,FINAL
1984-06-25,19.959,20.348,-0.389,FINAL
1984-06-26,19.961,20.349,-0.388,FINAL
1984-06-27,19.963,20.349,-0.386,FINAL
1984-06-28,19.968,20.35,-0.382,FINAL
1984-06-29,19.974,20.351,-0.377,FINAL
1984-06-30,19.978,20.352,-0.374,FINAL
1984-07-01,19.98,20.353,-0.372,FINAL
1984-07-02,19.976,20.354,-0.378,FINAL
1984-07-03,19.967,20.355,-0.388,FINAL
1984-07-04,19.956,20.356,-0.4,FINAL
1984-07-05,19.946,20.358,-0.411,FINAL
1984-07-06,19.938,20.359,-0.421,FINAL
1984-07-07,19.934,20.36,-0.426,FINAL
1984-07-08,19.935,20.362,-0.427,FINAL
1984-07-09,19.94,20.363,-0.424,FINAL
1984-07-10,19.949,20.365,-0.416,FINAL
1984-07-11,19.961,20.367,-0.405,FINAL
1984-07-12,19.977,20.369,-0.392,FINAL
1984-07-13,19.989,20.37,-0.382,FINAL
1984-07-14,19.992,20.372,-0.381,FINAL
1984-07-15,19.993,20.374,-0.382,FINAL
1984-07-16,19.999,20.376,-0.377,FINAL
1984-07-17,20.01,20.378,-0.368,FINAL
1984-07-18,20.024,20.38,-0.356,FINAL
1984-07-19,20.035,20.383,-0.347,FINAL
1984-07-20,20.044,20.385,-0.341,FINAL
1984-07-21,20.05,20.387,-0.336,FINAL
1984-07-22,20.057,20.389,-0.333,FINAL
1984-07-23,20.06,20.391,-0.332,FINAL
1984-07-24,20.058,20.394,-0.335,FINAL
1984-07-25,20.055,20.396,-0.341,FINAL
1984-07-26,20.051,20.398,-0.348,FINAL
1984-07-27,20.049,20.401,-0.352,FINAL
1984-07-28,20.051,20.403,-0.352,FINAL
1984-07-29,20.058,20.405,-0.347,FINAL
1984-07-30,20.066,20.407,-0.342,FINAL
1984-07-31,20.07,20.41,-0.339,FINAL
1984-08-01,20.068,20.412,-0.344,FINAL
1984-08-02,20.062,20.414,-0.352,FINAL
1984-08-03,20.054,20.416,-0.362,FINAL
1984-08-04,20.047,20.418,-0.371,FINAL
1984-08-05,20.043,20.42,-0.377,FINAL
1984-08-06,20.043,20.422,-0.379,FINAL
1984-08-07,20.045,20.424,-0.379,FINAL
1984-08-08,20.049,20.426,-0.377,FINAL
1984-08-09,20.056,20.427,-0.371,FINAL
1984-08-10,20.069,20.429,-0.36,FINAL
1984-08-11,20.088,20.43,-0.343,FINAL
1984-08-12,20.106,20.431,-0.325,FINAL
1984-08-13,20.118,20.432,-0.314,FINAL
1984-08-14,20.125,20.433,-0.308,FINAL
1984-08-15,20.131,20.434,-0.303,FINAL
1984-08-16,20.146,20.435,-0.288,FINAL
1984-08-17,20.155,20.435,-0.28,FINAL
1984-08-18,20.157,20.436,-0.278,FINAL
1984-08-19,20.155,20.436,-0.281,FINAL
1984-08-20,20.151,20.436,-0.285,FINAL
1984-08-21,20.147,20.436,-0.288,FINAL
1984-08-22,20.143,20.435,-0.292,FINAL
1984-08-23,20.14,20.434,-0.295,FINAL
1984-08-24,20.136,20.433,-0.297,FINAL
1984-08-25,20.135,20.432,-0.297,FINAL
1984-08-26,20.138,20.431,-0.293,FINAL
1984-08-27,20.144,20.429,-0.286,FINAL
1984-08-28,20.152,20.428,-0.276,FINAL
1984-08-29,20.158,20.426,-0.268,FINAL
1984-08-30,20.16,20.423,-0.264,FINAL
1984-08-31,20.157,20.421,-0.264,FINAL
1984-09-01,20.148,20.418,-0.271,FINAL
1984-09-02,20.136,20.415,-0.28,FINAL
1984-09-03,20.122,20.412,-0.29,FINAL
1984-09-04,20.111,20.409,-0.297,FINAL
1984-09-05,20.105,20.405,-0.3,FINAL
1984-09-06,20.103,20.401,-0.298,FINAL
1984-09-07,20.104,20.397,-0.294,FINAL
1984-09-08,20.109,20.393,-0.284,FINAL
1984-09-09,20.119,20.389,-0.27,FINAL
1984-09-10,20.136,20.384,-0.248,FINAL
1984-09-11,20.152,20.379,-0.228,FINAL
1984-09-12,20.159,20.375,-0.216,FINAL
1984-09-13,20.163,20.37,-0.207,FINAL
1984-09-14,20.167,20.364,-0.198,FINAL
1984-09-15,20.176,20.359,-0.183,FINAL
1984-09-16,20.184,20.354,-0.169,FINAL
1984-09-17,20.185,20.348,-0.163,FINAL
1984-09-18,20.181,20.343,-0.161,FINAL
1984-09-19,20.175,20.337,-0.163,FINAL
1984-09-20,20.166,20.331,-0.166,FINAL
1984-09-21,20.161,20.326,-0.165,FINAL
1984-09-22,20.159,20.32,-0.161,FINAL
1984-09-23,20.155,20.314,-0.159,FINAL
1984-09-24,20.143,20.308,-0.166,FINAL
1984-09-25,20.116,20.303,-0.187,FINAL
1984-09-26,20.084,20.297,-0.213,FINAL
1984-09-27,20.058,20.291,-0.233,FINAL
1984-09-28,20.037,20.286,-0.249,FINAL
1984-09-29,20.017,20.28,-0.263,FINAL
1984-09-30,19.997,20.274,-0.277,FINAL
1984-10-01,19.993,20.269,-0.276,FINAL
1984-10-02,20.007,20.264,-0.257,FINAL
1984-10-03,20.025,20.258,-0.233,FINAL
1984-10-04,20.031,20.253,-0.222,FINAL
1984-10-05,20.009,20.248,-0.239,FINAL
1984-10-06,19.97,20.243,-0.273,FINAL
1984-10-07,19.934,20.238,-0.305,FINAL
1984-10-08,19.896,20.233,-0.337,FINAL
1984-10-09,19.855,20.229,-0.374,FINAL
1984-10-10,19.806,20.224,-0.418,FINAL
1984-10-11,19.773,20.22,-0.447,FINAL
1984-10-12,19.77,20.216,-0.445,FINAL
1984-10-13,19.781,20.211,-0.431,FINAL
1984-10-14,19.787,20.207,-0.421,FINAL
1984-10-15,19.771,20.203,-0.432,FINAL
1984-10-16,19.742,20.199,-0.457,FINAL
1984-10-17,19.721,20.196,-0.475,FINAL
1984-10-18,19.694,20.192,-0.498,FINAL
1984-10-19,19.676,20.189,-0.513,FINAL
1984-10-20,19.652,20.185,-0.533,FINAL
1984-10-21,19.633,20.182,-0.549,FINAL
1984-10-22,19.625,20.178,-0.553,FINAL
1984-10-23,19.626,20.175,-0.549,FINAL
1984-10-24,19.631,20.172,-0.541,FINAL
1984-10-25,19.638,20.169,-0.531,FINAL
1984-10-26,19.642,20.166,-0.524,FINAL
1984-10-27,19.645,20.163,-0.518,FINAL
1984-10-28,19.647,20.16,-0.513,FINAL
1984-10-29,19.651,20.157,-0.506,FINAL
1984-10-30,19.658,20.154,-0.496,FINAL
1984-10-31,19.662,20.152,-0.489,FINAL
1984-11-01,19.658,20.149,-0.491,FINAL
1984-11-02,19.653,20.146,-0.493,FINAL
1984-11-03,19.652,20.144,-0.492,FINAL
1984-11-04,19.663,20.142,-0.479,FINAL
1984-11-05,19.675,20.139,-0.465,FINAL
1984-11-06,19.679,20.137,-0.458,FINAL
1984-11-07,19.683,20.135,-0.452,FINAL
1984-11-08,19.693,20.133,-0.44,FINAL
1984-11-09,19.716,20.131,-0.414,FINAL
1984-11-10,19.743,20.129,-0.385,FINAL
1984-11-11,19.761,20.127,-0.366,FINAL
1984-11-12,19.771,20.125,-0.354,FINAL
1984-11-13,19.778,20.124,-0.345,FINAL
1984-11-14,19.785,20.123,-0.338,FINAL
1984-11-15,19.786,20.121,-0.336,FINAL
1984-11-16,19.778,20.12,-0.343,FINAL
1984-11-17,19.766,20.119,-0.354,FINAL
1984-11-18,19.753,20.119,-0.366,FINAL
1984-11-19,19.744,20.118,-0.373,FINAL
1984-11-20,19.741,20.118,-0.376,FINAL
1984-11-21,19.742,20.117,-0.376,FINAL
1984-11-22,19.746,20.117,-0.372,FINAL
1984-11-23,19.754,20.117,-0.363,FINAL
1984-11-24,19.767,20.118,-0.35,FINAL
1984-11-25,19.776,20.118,-0.342,FINAL
1984-11-26,19.777,20.119,-0.342,FINAL
1984-11-27,19.778,20.12,-0.342,FINAL
1984-11-28,19.787,20.121,-0.334,FINAL
1984-11-29,19.812,20.123,-0.31,FINAL
1984-11-30,19.842,20.124,-0.282,FINAL
1984-12-01,19.861,20.126,-0.265,FINAL
1984-12-02,19.877,20.128,-0.251,FINAL
1984-12-03,19.895,20.13,-0.235,FINAL
1984-12-04,19.921,20.132,-0.211,FINAL
1984-12-05,19.946,20.135,-0.189,FINAL
1984-12-06,19.958,20.137,-0.179,FINAL
1984-12-07,19.961,20.14,-0.179,FINAL
1984-12-08,19.957,20.143,-0.186,FINAL
1984-12-09,19.949,20.146,-0.197,FINAL
1984-12-10,19.937,20.149,-0.212,FINAL
1984-12-11,19.923,20.152,-0.23,FINAL
1984-12-12,19.909,20.156,-0.246,FINAL
1984-12-13,19.901,20.159,-0.258,FINAL
1984-12-14,19.901,20.163,-0.262,FINAL
1984-12-15,19.913,20.167,-0.253,FINAL
1984-12-16,19.937,20.17,-0.233,FINAL
1984-12-17,19.961,20.174,-0.213,FINAL
1984-12-18,19.983,20.178,-0.195,FINAL
1984-12-19,19.995,20.182,-0.187,FINAL
1984-12-20,19.994,20.186,-0.192,FINAL
1984-12-21,19.983,20.19,-0.207,FINAL
1984-12-22,19.968,20.194,-0.226,FINAL
1984-12-23,19.955,20.198,-0.243,FINAL
1984-12-24,19.951,20.203,-0.252,FINAL
1984-12-25,19.96,20.207,-0.247,FINAL
1984-12-26,19.979,20.211,-0.232,FINAL
1984-12-27,20.001,20.216,-0.214,FINAL
1984-12-28,20.018,20.22,-0.201,FINAL
1984-12-29,20.023,20.224,-0.202,FINAL
1984-12-30,20.016,20.229,-0.212,FINAL
1984-12-31,20.007,20.233,-0.226,FINAL
1985-01-01,19.994,20.238,-0.244,FINAL
1985-01-02,19.977,20.242,-0.265,FINAL
1985-01-03,19.957,20.247,-0.29,FINAL
1985-01-04,19.942,20.252,-0.31,FINAL
1985-01-05,19.941,20.256,-0.316,FINAL
1985-01-06,19.946,20.261,-0.315,FINAL
1985-01-07,19.954,20.266,-0.312,FINAL
1985-01-08,19.958,20.271,-0.313,FINAL
1985-01-09,19.961,20.276,-0.315,FINAL
1985-01-10,19.968,20.281,-0.313,FINAL
1985-01-11,19.977,20.286,-0.309,FINAL
1985-01-12,19.984,20.291,-0.307,FINAL
1985-01-13,19.987,20.297,-0.309,FINAL
1985-01-14,19.987,20.302,-0.315,FINAL
1985-01-15,19.987,20.307,-0.32,FINAL
1985-01-16,19.987,20.313,-0.326,FINAL
1985-01-17,19.987,20.318,-0.331,FINAL
1985-01-18,19.987,20.324,-0.337,FINAL
1985-01-19,19.987,20.329,-0.343,FINAL
1985-01-20,19.989,20.335,-0.346,FINAL
1985-01-21,19.994,20.341,-0.347,FINAL
1985-01-22,20.001,20.346,-0.346,FINAL
1985-01-23,20.011,20.352,-0.341,FINAL
1985-01-24,20.019,20.358,-0.339,FINAL
1985-01-25,20.025,20.364,-0.339,FINAL
1985-01-26,20.031,20.37,-0.338,FINAL
1985-01-27,20.044,20.375,-0.332,FINAL
1985-01-28,20.065,20.381,-0.316,FINAL
1985-01-29,20.088,20.387,-0.298,FINAL
1985-01-30,20.102,20.392,-0.29,FINAL
1985-01-31,20.114,20.398,-0.284,FINAL
1985-02-01,20.129,20.404,-0.275,FINAL
1985-02-02,20.154,20.409,-0.255,FINAL
1985-02-03,20.18,20.415,-0.235,FINAL
1985-02-04,20.197,20.42,-0.223,FINAL
1985-02-05,20.207,20.425,-0.219,FINAL
1985-02-06,20.212,20.43,-0.218,FINAL
1985-02-07,20.218,20.436,-0.218,FINAL
1985-02-08,20.222,20.44,-0.218,FINAL
1985-02-09,20.223,20.445,-0.223,FINAL
1985-02-10,20.22,20.45,-0.23,FINAL
1985-02-11,20.214,20.455,-0.24,FINAL
1985-02-12,20.206,20.459,-0.253,FINAL
1985-02-13,20.202,20.463,-0.262,FINAL
1985-02-14,20.205,20.468,-0.262,FINAL
1985-02-15,20.211,20.472,-0.261,FINAL
1985-02-16,20.214,20.476,-0.262,FINAL
1985-02-17,20.205,20.48,-0.275,FINAL
1985-02-18,20.193,20.483,-0.29,FINAL
1985-02-19,20.188,20.487,-0.299,FINAL
1985-02-20,20.184,20.49,-0.306,FINAL
1985-02-21,20.178,20.493,-0.315,FINAL
1985-02-22,20.165,20.497,-0.332,FINAL
1985-02-23,20.149,20.5,-0.35,FINAL
1985-02-24,20.14,20.503,-0.362,FINAL
1985-02-25,20.137,20.505,-0.368,FINAL
1985-02-26,20.139,20.508,-0.369,FINAL
1985-02-27,20.145,20.51,-0.365,FINAL
1985-02-28,20.158,20.513,-0.355,FINAL
1985-03-01,20.174,20.515,-0.341,FINAL
1985-03-02,20.19,20.517,-0.327,FINAL
1985-03-03,20.205,20.52,-0.315,FINAL
1985-03-04,20.212,20.522,-0.309,FINAL
1985-03-05,20.211,20.523,-0.312,FINAL
1985-03-06,20.205,20.525,-0.321,FINAL
1985-03-07,20.193,20.527,-0.334,FINAL
1985-03-08,20.18,20.529,-0.348,FINAL
1985-03-09,20.169,20.53,-0.361,FINAL
1985-03-10,20.164,20.531,-0.367,FINAL
1985-03-11,20.166,20.533,-0.367,FINAL
1985-03-12,20.171,20.534,-0.363,FINAL
1985-03-13,20.178,20.535,-0.357,FINAL
1985-03-14,20.182,20.536,-0.354,FINAL
1985-03-15,20.183,20.537,-0.354,FINAL
1985-03-16,20.181,20.538,-0.356,FINAL
1985-03-17,20.181,20.538,-0.358,FINAL
1985-03-18,20.18,20.539,-0.359,FINAL
1985-03-19,20.183,20.539,-0.357,FINAL
1985-03-20,20.187,20.54,-0.352,FINAL
1985-03-21,20.191,20.54,-0.349,FINAL
1985-03-22,20.195,20.54,-0.344,FINAL
1985-03-23,20.197,20.54,-0.342,FINAL
1985-03-24,20.198,20.54,-0.342,FINAL
1985-03-25,20.192,20.539,-0.347,FINAL
1985-03-26,20.18,20.539,-0.359,FINAL
1985-03-27,20.169,20.538,-0.369,FINAL
1985-03-28,20.165,20.538,-0.372,FINAL
1985-03-29,20.176,20.537,-0.361,FINAL
1985-03-30,20.195,20.536,-0.34,FINAL
1985-03-31,20.214,20.535,-0.321,FINAL
1985-04-01,20.232,20.534,-0.302,FINAL
1985-04-02,20.252,20.532,-0.281,FINAL
1985-04-03,20.272,20.531,-0.259,FINAL
1985-04-04,20.284,20.529,-0.246,FINAL
1985-04-05,20.282,20.528,-0.245,FINAL
1985-04-06,20.272,20.526,-0.254,FINAL
1985-04-07,20.259,20.524,-0.265,FINAL
1985-04-08,20.247,20.522,-0.275,FINAL
1985-04-09,20.241,20.52,-0.278,FINAL
1985-04-10,20.239,20.517,-0.278,FINAL
1985-04-11,20.238,20.515,-0.277,FINAL
1985-04-12,20.234,20.513,-0.279,FINAL
1985-04-13,20.223,20.51,-0.288,FINAL
1985-04-14,20.208,20.508,-0.3,FINAL
1985-04-15,20.194,20.505,-0.311,FINAL
1985-04-16,20.182,20.502,-0.32,FINAL
1985-04-17,20.174,20.5,-0.326,FINAL
1985-04-18,20.168,20.497,-0.328,FINAL
1985-04-19,20.166,20.494,-0.328,FINAL
1985-04-20,20.165,20.491,-0.325,FINAL
1985-04-21,20.169,20.488,-0.319,FINAL
1985-04-22,20.177,20.485,-0.308,FINAL
1985-04-23,20.189,20.482,-0.293,FINAL
1985-04-24,20.203,20.479,-0.276,FINAL
1985-04-25,20.215,20.476,-0.261,FINAL
1985-04-26,20.221,20.473,-0.252,FINAL
1985-04-27,20.219,20.469,-0.25,FINAL
1985-04-28,20.208,20.466,-0.258,FINAL
1985-04-29,20.191,20.463,-0.272,FINAL
1985-04-30,20.172,20.46,-0.288,FINAL
1985-05-01,20.154,20.457,-0.303,FINAL
1985-05-02,20.132,20.453,-0.322,FINAL
1985-05-03,20.109,20.45,-0.341,FINAL
1985-05-04,20.093,20.447,-0.354,FINAL
1985-05-05,20.089,20.444,-0.355,FINAL
1985-05-06,20.092,20.441,-0.348,FINAL
1985-05-07,20.099,20.437,-0.339,FINAL
1985-05-08,20.103,20.434,-0.331,FINAL
1985-05-09,20.102,20.431,-0.329,FINAL
1985-05-10,20.096,20.428,-0.332,FINAL
1985-05-11,20.091,20.425,-0.334,FINAL
1985-05-12,20.09,20.421,-0.331,FINAL
1985-05-13,20.098,20.418,-0.321,FINAL
1985-05-14,20.111,20.415,-0.304,FINAL
1985-05-15,20.124,20.412,-0.288,FINAL
1985-05-16,20.135,20.409,-0.274,FINAL
1985-05-17,20.14,20.406,-0.266,FINAL
1985-05-18,20.137,20.403,-0.267,FINAL
1985-05-19,20.126,20.4,-0.274,FINAL
1985-05-20,20.11,20.397,-0.287,FINAL
1985-05-21,20.09,20.394,-0.304,FINAL
1985-05-22,20.069,20.392,-0.323,FINAL
1985-05-23,20.048,20.389,-0.341,FINAL
1985-05-24,20.035,20.386,-0.351,FINAL
1985-05-25,20.032,20.383,-0.351,FINAL
1985-05-26,20.035,20.381,-0.346,FINAL
1985-05-27,20.039,20.378,-0.339,FINAL
1985-05-28,20.038,20.376,-0.337,FINAL
1985-05-29,20.032,20.374,-0.341,FINAL
1985-05-30,20.024,20.371,-0.347,FINAL
1985-05-31,20.016,20.369,-0.353,FINAL
1985-06-01,20.02,20.367,-0.347,FINAL
1985-06-02,20.02,20.365,-0.345,FINAL
1985-06-03,20.022,20.363,-0.341,FINAL
1985-06-04,20.025,20.361,-0.336,FINAL
1985-06-05,20.028,20.36,-0.332,FINAL
1985-06-06,20.033,20.358,-0.325,FINAL
1985-06-07,20.042,20.357,-0.315,FINAL
1985-06-08,20.051,20.355,-0.304,FINAL
1985-06-09,20.055,20.354,-0.299,FINAL
1985-06-10,20.056,20.353,-0.296,FINAL
1985-06-11,20.054,20.352,-0.298,FINAL
1985-06-12,20.048,20.351,-0.303,FINAL
1985-06-13,20.042,20.35,-0.308,FINAL
1985-06-14,20.034,20.349,-0.315,FINAL
1985-06-15,20.022,20.349,-0.326,FINAL
1985-06-16,20.011,20.348,-0.337,FINAL
1985-06-17,19.995,20.348,-0.353,FINAL
1985-06-18,19.982,20.347,-0.365,FINAL
1985-06-19,19.976,20.347,-0.371,FINAL
1985-06-20,19.974,20.347,-0.374,FINAL
1985-06-21,19.971,20.347,-0.376,FINAL
1985-06-22,19.966,20.347,-0.381,FINAL
1985-06-23,19.963,20.348,-0.385,FINAL
1985-06-24,19.964,20.348,-0.384,FINAL
1985-06-25,19.965,20.348,-0.383,FINAL
1985-06-26,19.966,20.349,-0.383,FINAL
1985-06-27,19.962,20.349,-0.387,FINAL
1985-06-28,19.955,20.35,-0.395,FINAL
1985-06-29,19.948,20.351,-0.402,FINAL
1985-06-30,19.943,20.352,-0.409,FINAL
1985-07-01,19.941,20.353,-0.411,FINAL
1985-07-02,19.942,20.354,-0.412,FINAL
1985-07-03,19.944,20.355,-0.411,FINAL
1985-07-04,19.947,20.356,-0.409,FINAL
1985-07-05,19.953,20.358,-0.405,FINAL
1985-07-06,19.961,20.359,-0.398,FINAL
1985-07-07,19.974,20.36,-0.386,FINAL
1985-07-08,19.984,20.362,-0.378,FINAL
1985-07-09,19.988,20.363,-0.376,FINAL
1985-07-10,19.99,20.365,-0.375,FINAL
1985-07-11,19.993,20.367,-0.373,FINAL
1985-07-12,20.005,20.369,-0.364,FINAL
1985-07-13,20.016,20.37,-0.355,FINAL
1985-07-14,20.022,20.372,-0.35,FINAL
1985-07-15,20.026,20.374,-0.349,FINAL
1985-07-16,20.035,20.376,-0.341,FINAL
1985-07-17,20.042,20.378,-0.337,FINAL
1985-07-18,20.048,20.38,-0.333,FINAL
1985-07-19,20.05,20.383,-0.333,FINAL
1985-07-20,20.05,20.385,-0.335,FINAL
1985-07-21,20.05,20.387,-0.337,FINAL
1985-07-22,20.051,20.389,-0.338,FINAL
1985-07-23,20.053,20.391,-0.339,FINAL
1985-07-24,20.054,20.394,-0.34,FINAL
1985-07-25,20.055,20.396,-0.341,FINAL
1985-07-26,20.059,20.398,-0.339,FINAL
1985-07-27,20.066,20.401,-0.334,FINAL
1985-07-28,20.075,20.403,-0.328,FINAL
1985-07-29,20.082,20.405,-0.323,FINAL
1985-07-30,20.09,20.407,-0.318,FINAL
1985-07-31,20.097,20.41,-0.313,FINAL
1985-08-01,20.104,20.412,-0.308,FINAL
1985-08-02,20.11,20.414,-0.304,FINAL
1985-08-03,20.114,20.416,-0.302,FINAL
1985-08-04,20.114,20.418,-0.304,FINAL
1985-08-05,20.114,20.42,-0.306,FINAL
1985-08-06,20.114,20.422,-0.308,FINAL
1985-08-07,20.116,20.424,-0.308,FINAL
1985-08-08,20.118,20.426,-0.308,FINAL
1985-08-09,20.12,20.427,-0.307,FINAL
1985-08-10,20.121,20.429,-0.307,FINAL
1985-08-11,20.122,20.43,-0.308,FINAL
1985-08-12,20.124,20.431,-0.308,FINAL
1985-08-13,20.128,20.432,-0.305,FINAL
1985-08-14,20.131,20.433,-0.302,FINAL
1985-08-15,20.13,20.434,-0.304,FINAL
1985-08-16,20.123,20.435,-0.312,FINAL
1985-08-17,20.111,20.435,-0.325,FINAL
1985-08-18,20.1,20.436,-0.336,FINAL
1985-08-19,20.091,20.436,-0.345,FINAL
1985-08-20,20.083,20.436,-0.353,FINAL
1985-08-21,20.073,20.436,-0.363,FINAL
1985-08-22,20.067,20.435,-0.368,FINAL
1985-08-23,20.069,20.434,-0.365,FINAL
1985-08-24,20.076,20.433,-0.358,FINAL
1985-08-25,20.082,20.432,-0.351,FINAL
1985-08-26,20.083,20.431,-0.348,FINAL
1985-08-27,20.083,20.429,-0.347,FINAL
1985-08-28,20.082,20.428,-0.345,FINAL
1985-08-29,20.081,20.426,-0.345,FINAL
1985-08-30,20.076,20.423,-0.348,FINAL
1985-08-31,20.065,20.421,-0.355,FINAL
1985-09-01,20.054,20.418,-0.364,FINAL
1985-09-02,20.045,20.415,-0.37,FINAL
1985-09-03,20.038,20.412,-0.374,FINAL
1985-09-04,20.032,20.409,-0.377,FINAL
1985-09-05,20.026,20.405,-0.379,FINAL
1985-09-06,20.02,20.401,-0.381,FINAL
1985-09-07,20.017,20.397,-0.38,FINAL
1985-09-08,20.017,20.393,-0.376,FINAL
1985-09-09,20.02,20.389,-0.368,FINAL
1985-09-10,20.029,20.384,-0.355,FINAL
1985-09-11,20.04,20.379,-0.34,FINAL
1985-09-12,20.048,20.375,-0.326,FINAL
1985-09-13,20.054,20.37,-0.315,FINAL
1985-09-14,20.056,20.364,-0.309,FINAL
1985-09-15,20.054,20.359,-0.305,FINAL
1985-09-16,20.046,20.354,-0.308,FINAL
1985-09-17,20.033,20.348,-0.315,FINAL
1985-09-18,20.019,20.343,-0.324,FINAL
1985-09-19,20.003,20.337,-0.334,FINAL
1985-09-20,19.987,20.331,-0.344,FINAL
1985-09-21,19.977,20.326,-0.349,FINAL
1985-09-22,19.973,20.32,-0.347,FINAL
1985-09-23,19.973,20.314,-0.341,FINAL
1985-09-24,19.975,20.308,-0.334,FINAL
1985-09-25,19.974,20.303,-0.328,FINAL
1985-09-26,19.976,20.297,-0.321,FINAL
1985-09-27,19.98,20.291,-0.311,FINAL
1985-09-28,19.982,20.286,-0.304,FINAL
1985-09-29,19.974,20.28,-0.306,FINAL
1985-09-30,19.952,20.274,-0.323,FINAL
1985-10-01,19.921,20.269,-0.348,FINAL
1985-10-02,19.893,20.264,-0.371,FINAL
1985-10-03,19.867,20.258,-0.391,FINAL
1985-10-04,19.843,20.253,-0.41,FINAL
1985-10-05,19.821,20.248,-0.427,FINAL
1985-10-06,19.809,20.243,-0.434,FINAL
1985-10-07,19.814,20.238,-0.424,FINAL
1985-10-08,19.826,20.233,-0.407,FINAL
1985-10-09,19.836,20.229,-0.392,FINAL
1985-10-10,19.836,20.224,-0.388,FINAL
1985-10-11,19.823,20.22,-0.397,FINAL
1985-10-12,19.805,20.216,-0.411,FINAL
1985-10-13,19.785,20.211,-0.426,FINAL
1985-10-14,19.769,20.207,-0.438,FINAL
1985-10-15,19.762,20.203,-0.441,FINAL
1985-10-16,19.763,20.199,-0.437,FINAL
1985-10-17,19.768,20.196,-0.428,FINAL
1985-10-18,19.774,20.192,-0.418,FINAL
1985-10-19,19.787,20.189,-0.401,FINAL
1985-10-20,19.805,20.185,-0.38,FINAL
1985-10-21,19.817,20.182,-0.365,FINAL
1985-10-22,19.818,20.178,-0.36,FINAL
1985-10-23,19.814,20.175,-0.361,FINAL
1985-10-24,19.81,20.172,-0.362,FINAL
1985-10-25,19.809,20.169,-0.359,FINAL
1985-10-26,19.81,20.166,-0.355,FINAL
1985-10-27,19.807,20.163,-0.356,FINAL
1985-10-28,19.802,20.16,-0.358,FINAL
1985-10-29,19.799,20.157,-0.358,FINAL
1985-10-30,19.8,20.154,-0.355,FINAL
1985-10-31,19.805,20.152,-0.347,FINAL
1985-11-01,19.811,20.149,-0.338,FINAL
1985-11-02,19.816,20.146,-0.331,FINAL
1985-11-03,19.816,20.144,-0.328,FINAL
1985-11-04,19.81,20.142,-0.331,FINAL
1985-11-05,19.801,20.139,-0.338,FINAL
1985-11-06,19.791,20.137,-0.346,FINAL
1985-11-07,19.779,20.135,-0.355,FINAL
1985-11-08,19.765,20.133,-0.367,FINAL
1985-11-09,19.748,20.131,-0.382,FINAL
1985-11-10,19.735,20.129,-0.394,FINAL
1985-11-11,19.731,20.127,-0.396,FINAL
1985-11-12,19.731,20.125,-0.395,FINAL
1985-11-13,19.73,20.124,-0.394,FINAL
1985-11-14,19.723,20.123,-0.399,FINAL
1985-11-15,19.712,20.121,-0.409,FINAL
1985-11-16,19.703,20.12,-0.417,FINAL
1985-11-17,19.696,20.119,-0.423,FINAL
1985-11-18,19.695,20.119,-0.423,FINAL
1985-11-19,19.7,20.118,-0.418,FINAL
1985-11-20,19.709,20.118,-0.409,FINAL
1985-11-21,19.718,20.117,-0.399,FINAL
1985-11-22,19.729,20.117,-0.388,FINAL
1985-11-23,19.742,20.117,-0.375,FINAL
1985-11-24,19.757,20.118,-0.361,FINAL
1985-11-25,19.767,20.118,-0.352,FINAL
1985-11-26,19.767,20.119,-0.352,FINAL
1985-11-27,19.764,20.12,-0.356,FINAL
1985-11-28,19.763,20.121,-0.358,FINAL
1985-11-29,19.769,20.123,-0.354,FINAL
1985-11-30,19.78,20.124,-0.344,FINAL
1985-12-01,19.79,20.126,-0.336,FINAL
1985-12-02,19.799,20.128,-0.329,FINAL
1985-12-03,19.805,20.13,-0.325,FINAL
1985-12-04,19.805,20.132,-0.327,FINAL
1985-12-05,19.801,20.135,-0.334,FINAL
1985-12-06,19.793,20.137,-0.344,FINAL
1985-12-07,19.784,20.14,-0.356,FINAL
1985-12-08,19.773,20.143,-0.37,FINAL
1985-12-09,19.762,20.146,-0.384,FINAL
1985-12-10,19.756,20.149,-0.393,FINAL
1985-12-11,19.76,20.152,-0.393,FINAL
1985-12-12,19.767,20.156,-0.389,FINAL
1985-12-13,19.774,20.159,-0.385,FINAL
1985-12-14,19.774,20.163,-0.389,FINAL
1985-12-15,19.771,20.167,-0.395,FINAL
1985-12-16,19.77,20.17,-0.4,FINAL
1985-12-17,19.769,20.174,-0.405,FINAL
1985-12-18,19.769,20.178,-0.409,FINAL
1985-12-19,19.765,20.182,-0.417,FINAL
1985-12-20,19.761,20.186,-0.425,FINAL
1985-12-21,19.76,20.19,-0.431,FINAL
1985-12-22,19.762,20.194,-0.433,FINAL
1985-12-23,19.768,20.198,-0.431,FINAL
1985-12-24,19.778,20.203,-0.425,FINAL
1985-12-25,19.788,20.207,-0.419,FINAL
1985-12-26,19.797,20.211,-0.414,FINAL
1985-12-27,19.807,20.216,-0.409,FINAL
1985-12-28,19.821,20.22,-0.399,FINAL
1985-12-29,19.84,20.224,-0.384,FINAL
1985-12-30,19.86,20.229,-0.369,FINAL
1985-12-31,19.873,20.233,-0.36,FINAL
1986-01-01,19.882,20.238,-0.356,FINAL
1986-01-02,19.891,20.242,-0.351,FINAL
1986-01-03,19.902,20.247,-0.345,FINAL
1986-01-04,19.909,20.252,-0.342,FINAL
1986-01-05,19.911,20.256,-0.346,FINAL
1986-01-06,19.91,20.261,-0.351,FINAL
1986-01-07,19.911,20.266,-0.355,FINAL
1986-01-08,19.915,20.271,-0.356,FINAL
1986-01-09,19.923,20.276,-0.353,FINAL
1986-01-10,19.935,20.281,-0.346,FINAL
1986-01-11,19.946,20.286,-0.34,FINAL
1986-01-12,19.955,20.291,-0.336,FINAL
1986-01-13,19.96,20.297,-0.336,FINAL
1986-01-14,19.964,20.302,-0.338,FINAL
1986-01-15,19.967,20.307,-0.341,FINAL
1986-01-16,19.969,20.313,-0.344,FINAL
1986-01-17,19.965,20.318,-0.353,FINAL
1986-01-18,19.957,20.324,-0.367,FINAL
1986-01-19,19.947,20.329,-0.382,FINAL
1986-01-20,19.943,20.335,-0.392,FINAL
1986-01-21,19.942,20.341,-0.399,FINAL
1986-01-22,19.942,20.346,-0.404,FINAL
1986-01-23,19.941,20.352,-0.411,FINAL
1986-01-24,19.94,20.358,-0.418,FINAL
1986-01-25,19.942,20.364,-0.422,FINAL
1986-01-26,19.949,20.37,-0.42,FINAL
1986-01-27,19.959,20.375,-0.416,FINAL
1986-01-28,19.973,20.381,-0.408,FINAL
1986-01-29,19.984,20.387,-0.403,FINAL
1986-01-30,19.99,20.392,-0.403,FINAL
1986-01-31,19.996,20.398,-0.403,FINAL
1986-02-01,20.007,20.404,-0.397,FINAL
1986-02-02,20.029,20.409,-0.38,FINAL
1986-02-03,20.055,20.415,-0.36,FINAL
1986-02-04,20.073,20.42,-0.347,FINAL
1986-02-05,20.087,20.425,-0.338,FINAL
1986-02-06,20.101,20.43,-0.33,FINAL
1986-02-07,20.118,20.436,-0.317,FINAL
1986-02-08,20.132,20.44,-0.308,FINAL
1986-02-09,20.137,20.445,-0.308,FINAL
1986-02-10,20.136,20.45,-0.314,FINAL
1986-02-11,20.133,20.455,-0.322,FINAL
1986-02-12,20.132,20.459,-0.327,FINAL
1986-02-13,20.134,20.463,-0.329,FINAL
1986-02-14,20.135,20.468,-0.333,FINAL
1986-02-15,20.137,20.472,-0.334,FINAL
1986-02-16,20.143,20.476,-0.333,FINAL
1986-02-17,20.151,20.48,-0.328,FINAL
1986-02-18,20.16,20.483,-0.323,FINAL
1986-02-19,20.166,20.487,-0.32,FINAL
1986-02-20,20.173,20.49,-0.317,FINAL
1986-02-21,20.182,20.493,-0.311,FINAL
1986-02-22,20.197,20.497,-0.3,FINAL
1986-02-23,20.212,20.5,-0.288,FINAL
1986-02-24,20.221,20.503,-0.281,FINAL
1986-02-25,20.228,20.505,-0.277,FINAL
1986-02-26,20.234,20.508,-0.274,FINAL
1986-02-27,20.24,20.51,-0.27,FINAL
1986-02-28,20.246,20.513,-0.267,FINAL
1986-03-01,20.247,20.515,-0.268,FINAL
1986-03-02,20.247,20.517,-0.271,FINAL
1986-03-03,20.245,20.52,-0.274,FINAL
1986-03-04,20.244,20.522,-0.278,FINAL
1986-03-05,20.243,20.523,-0.28,FINAL
1986-03-06,20.243,20.525,-0.282,FINAL
1986-03-07,20.243,20.527,-0.284,FINAL
1986-03-08,20.245,20.529,-0.284,FINAL
1986-03-09,20.248,20.53,-0.282,FINAL
1986-03-10,20.253,20.531,-0.279,FINAL
1986-03-11,20.259,20.533,-0.274,FINAL
1986-03-12,20.263,20.534,-0.271,FINAL
1986-03-13,20.267,20.535,-0.268,FINAL
1986-03-14,20.267,20.536,-0.269,FINAL
1986-03-15,20.264,20.537,-0.273,FINAL
1986-03-16,20.259,20.538,-0.279,FINAL
1986-03-17,20.253,20.538,-0.286,FINAL
1986-03-18,20.247,20.539,-0.292,FINAL
1986-03-19,20.245,20.539,-0.295,FINAL
1986-03-20,20.247,20.54,-0.293,FINAL
1986-03-21,20.253,20.54,-0.287,FINAL
1986-03-22,20.259,20.54,-0.281,FINAL
1986-03-23,20.264,20.54,-0.276,FINAL
1986-03-24,20.263,20.54,-0.276,FINAL
1986-03-25,20.259,20.539,-0.281,FINAL
1986-03-26,20.252,20.539,-0.286,FINAL
1986-03-27,20.244,20.538,-0.294,FINAL
1986-03-28,20.237,20.538,-0.301,FINAL
1986-03-29,20.228,20.537,-0.309,FINAL
1986-03-30,20.221,20.536,-0.315,FINAL
1986-03-31,20.216,20.535,-0.319,FINAL
1986-04-01,20.213,20.534,-0.321,FINAL
1986-04-02,20.215,20.532,-0.317,FINAL
1986-04-03,20.222,20.531,-0.309,FINAL
1986-04-04,20.23,20.529,-0.3,FINAL
1986-04-05,20.235,20.528,-0.293,FINAL
1986-04-06,20.239,20.526,-0.287,FINAL
1986-04-07,20.245,20.524,-0.279,FINAL
1986-04-08,20.254,20.522,-0.268,FINAL
1986-04-09,20.26,20.52,-0.26,FINAL
1986-04-10,20.259,20.517,-0.258,FINAL
1986-04-11,20.255,20.515,-0.26,FINAL
1986-04-12,20.252,20.513,-0.261,FINAL
1986-04-13,20.255,20.51,-0.256,FINAL
1986-04-14,20.261,20.508,-0.247,FINAL
1986-04-15,20.269,20.505,-0.237,FINAL
1986-04-16,20.27,20.502,-0.232,FINAL
1986-04-17,20.27,20.5,-0.23,FINAL
1986-04-18,20.269,20.497,-0.228,FINAL
1986-04-19,20.267,20.494,-0.227,FINAL
1986-04-20,20.263,20.491,-0.228,FINAL
1986-04-21,20.256,20.488,-0.232,FINAL
1986-04-22,20.248,20.485,-0.237,FINAL
1986-04-23,20.237,20.482,-0.245,FINAL
1986-04-24,20.226,20.479,-0.253,FINAL
1986-04-25,20.216,20.476,-0.26,FINAL
1986-04-26,20.209,20.473,-0.264,FINAL
1986-04-27,20.206,20.469,-0.264,FINAL
1986-04-28,20.206,20.466,-0.26,FINAL
1986-04-29,20.209,20.463,-0.254,FINAL
1986-04-30,20.213,20.46,-0.247,FINAL
1986-05-01,20.22,20.457,-0.236,FINAL
1986-05-02,20.225,20.453,-0.228,FINAL
1986-05-03,20.231,20.45,-0.219,FINAL
1986-05-04,20.235,20.447,-0.212,FINAL
1986-05-05,20.233,20.444,-0.211,FINAL
1986-05-06,20.227,20.441,-0.213,FINAL
1986-05-07,20.221,20.437,-0.217,FINAL
1986-05-08,20.214,20.434,-0.22,FINAL
1986-05-09,20.209,20.431,-0.222,FINAL
1986-05-10,20.207,20.428,-0.221,FINAL
1986-05-11,20.204,20.425,-0.22,FINAL
1986-05-12,20.197,20.421,-0.224,FINAL
1986-05-13,20.185,20.418,-0.234,FINAL
1986-05-14,20.169,20.415,-0.247,FINAL
1986-05-15,20.154,20.412,-0.258,FINAL
1986-05-16,20.146,20.409,-0.264,FINAL
1986-05-17,20.136,20.406,-0.27,FINAL
1986-05-18,20.127,20.403,-0.276,FINAL
1986-05-19,20.126,20.4,-0.274,FINAL
1986-05-20,20.129,20.397,-0.268,FINAL
1986-05-21,20.136,20.394,-0.259,FINAL
1986-05-22,20.143,20.392,-0.249,FINAL
1986-05-23,20.147,20.389,-0.241,FINAL
1986-05-24,20.148,20.386,-0.238,FINAL
1986-05-25,20.144,20.383,-0.24,FINAL
1986-05-26,20.137,20.381,-0.244,FINAL
1986-05-27,20.13,20.378,-0.249,FINAL
1986-05-28,20.123,20.376,-0.252,FINAL
1986-05-29,20.121,20.374,-0.253,FINAL
1986-05-30,20.12,20.371,-0.252,FINAL
1986-05-31,20.119,20.369,-0.251,FINAL
1986-06-01,20.123,20.367,-0.244,FINAL
1986-06-02,20.115,20.365,-0.25,FINAL
1986-06-03,20.104,20.363,-0.259,FINAL
1986-06-04,20.095,20.361,-0.266,FINAL
1986-06-05,20.087,20.36,-0.272,FINAL
1986-06-06,20.078,20.358,-0.28,FINAL
1986-06-07,20.067,20.357,-0.29,FINAL
1986-06-08,20.058,20.355,-0.297,FINAL
1986-06-09,20.056,20.354,-0.298,FINAL
1986-06-10,20.057,20.353,-0.296,FINAL
1986-06-11,20.056,20.352,-0.295,FINAL
1986-06-12,20.051,20.351,-0.3,FINAL
1986-06-13,20.044,20.35,-0.306,FINAL
1986-06-14,20.04,20.349,-0.309,FINAL
1986-06-15,20.035,20.349,-0.314,FINAL
1986-06-16,20.029,20.348,-0.319,FINAL
1986-06-17,20.018,20.348,-0.329,FINAL
1986-06-18,20.006,20.347,-0.341,FINAL
1986-06-19,19.996,20.347,-0.351,FINAL
1986-06-20,19.989,20.347,-0.358,FINAL
1986-06-21,19.985,20.347,-0.362,FINAL
1986-06-22,19.986,20.347,-0.361,FINAL
1986-06-23,19.991,20.348,-0.357,FINAL
1986-06-24,19.998,20.348,-0.35,FINAL
1986-06-25,20.007,20.348,-0.342,FINAL
1986-06-26,20.017,20.349,-0.332,FINAL
1986-06-27,20.026,20.349,-0.324,FINAL
1986-06-28,20.031,20.35,-0.319,FINAL
1986-06-29,20.032,20.351,-0.319,FINAL
1986-06-30,20.03,20.352,-0.322,FINAL
1986-07-01,20.025,20.353,-0.328,FINAL
1986-07-02,20.016,20.354,-0.338,FINAL
1986-07-03,20.004,20.355,-0.351,FINAL
1986-07-04,19.993,20.356,-0.363,FINAL
1986-07-05,19.985,20.358,-0.373,FINAL
1986-07-06,19.981,20.359,-0.378,FINAL
1986-07-07,19.986,20.36,-0.374,FINAL
1986-07-08,19.999,20.362,-0.363,FINAL
1986-07-09,20.016,20.363,-0.347,FINAL
1986-07-10,20.034,20.365,-0.331,FINAL
1986-07-11,20.05,20.367,-0.317,FINAL
1986-07-12,20.061,20.369,-0.308,FINAL
1986-07-13,20.063,20.37,-0.307,FINAL
1986-07-14,20.056,20.372,-0.316,FINAL
1986-07-15,20.044,20.374,-0.33,FINAL
1986-07-16,20.036,20.376,-0.34,FINAL
1986-07-17,20.03,20.378,-0.349,FINAL
1986-07-18,20.028,20.38,-0.353,FINAL
1986-07-19,20.03,20.383,-0.352,FINAL
1986-07-20,20.037,20.385,-0.347,FINAL
1986-07-21,20.047,20.387,-0.34,FINAL
1986-07-22,20.059,20.389,-0.33,FINAL
1986-07-23,20.071,20.391,-0.32,FINAL
1986-07-24,20.081,20.394,-0.313,FINAL
1986-07-25,20.087,20.396,-0.309,FINAL
1986-07-26,20.092,20.398,-0.307,FINAL
1986-07-27,20.094,20.401,-0.307,FINAL
1986-07-28,20.094,20.403,-0.309,FINAL
1986-07-29,20.093,20.405,-0.312,FINAL
1986-07-30,20.09,20.407,-0.318,FINAL
1986-07-31,20.084,20.41,-0.326,FINAL
1986-08-01,20.075,20.412,-0.337,FINAL
1986-08-02,20.068,20.414,-0.346,FINAL
1986-08-03,20.067,20.416,-0.349,FINAL
1986-08-04,20.069,20.418,-0.349,FINAL
1986-08-05,20.07,20.42,-0.35,FINAL
1986-08-06,20.068,20.422,-0.354,FINAL
1986-08-07,20.064,20.424,-0.36,FINAL
1986-08-08,20.062,20.426,-0.364,FINAL
1986-08-09,20.063,20.427,-0.365,FINAL
1986-08-10,20.064,20.429,-0.364,FINAL
1986-08-11,20.068,20.43,-0.362,FINAL
1986-08-12,20.072,20.431,-0.359,FINAL
1986-08-13,20.078,20.432,-0.354,FINAL
1986-08-14,20.085,20.433,-0.349,FINAL
1986-08-15,20.09,20.434,-0.344,FINAL
1986-08-16,20.096,20.435,-0.339,FINAL
1986-08-17,20.096,20.435,-0.339,FINAL
1986-08-18,20.094,20.436,-0.341,FINAL
1986-08-19,20.091,20.436,-0.345,FINAL
1986-08-20,20.087,20.436,-0.348,FINAL
1986-08-21,20.086,20.436,-0.35,FINAL
1986-08-22,20.086,20.435,-0.349,FINAL
1986-08-23,20.087,20.434,-0.347,FINAL
1986-08-24,20.089,20.433,-0.345,FINAL
1986-08-25,20.093,20.432,-0.34,FINAL
1986-08-26,20.1,20.431,-0.331,FINAL
1986-08-27,20.109,20.429,-0.32,FINAL
1986-08-28,20.117,20.428,-0.311,FINAL
1986-08-29,20.122,20.426,-0.303,FINAL
1986-08-30,20.126,20.423,-0.298,FINAL
1986-08-31,20.125,20.421,-0.296,FINAL
1986-09-01,20.119,20.418,-0.299,FINAL
1986-09-02,20.109,20.415,-0.306,FINAL
1986-09-03,20.099,20.412,-0.313,FINAL
1986-09-04,20.09,20.409,-0.319,FINAL
1986-09-05,20.087,20.405,-0.318,FINAL
1986-09-06,20.089,20.401,-0.312,FINAL
1986-09-07,20.095,20.397,-0.303,FINAL
1986-09-08,20.102,20.393,-0.291,FINAL
1986-09-09,20.109,20.389,-0.279,FINAL
1986-09-10,20.115,20.384,-0.269,FINAL
1986-09-11,20.117,20.379,-0.263,FINAL
1986-09-12,20.113,20.375,-0.262,FINAL
1986-09-13,20.105,20.37,-0.265,FINAL
1986-09-14,20.097,20.364,-0.268,FINAL
1986-09-15,20.091,20.359,-0.269,FINAL
1986-09-16,20.085,20.354,-0.268,FINAL
1986-09-17,20.081,20.348,-0.268,FINAL
1986-09-18,20.076,20.343,-0.266,FINAL
1986-09-19,20.075,20.337,-0.263,FINAL
1986-09-20,20.077,20.331,-0.255,FINAL
1986-09-21,20.08,20.326,-0.245,FINAL
1986-09-22,20.083,20.32,-0.237,FINAL
1986-09-23,20.084,20.314,-0.23,FINAL
1986-09-24,20.085,20.308,-0.224,FINAL
1986-09-25,20.085,20.303,-0.218,FINAL
1986-09-26,20.084,20.297,-0.212,FINAL
1986-09-27,20.081,20.291,-0.211,FINAL
1986-09-28,20.075,20.286,-0.211,FINAL
1986-09-29,20.067,20.28,-0.213,FINAL
1986-09-30,20.056,20.274,-0.218,FINAL
1986-10-01,20.045,20.269,-0.224,FINAL
1986-10-02,20.035,20.264,-0.229,FINAL
1986-10-03,20.026,20.258,-0.232,FINAL
1986-10-04,20.019,20.253,-0.234,FINAL
1986-10-05,20.014,20.248,-0.234,FINAL
1986-10-06,20.012,20.243,-0.231,FINAL
1986-10-07,20.012,20.238,-0.226,FINAL
1986-10-08,20.013,20.233,-0.22,FINAL
1986-10-09,20.015,20.229,-0.214,FINAL
1986-10-10,20.014,20.224,-0.21,FINAL
1986-10-11,20.012,20.22,-0.208,FINAL
1986-10-12,20.008,20.216,-0.208,FINAL
1986-10-13,20.002,20.211,-0.21,FINAL
1986-10-14,19.993,20.207,-0.214,FINAL
1986-10-15,19.981,20.203,-0.223,FINAL
1986-10-16,19.969,20.199,-0.23,FINAL
1986-10-17,19.96,20.196,-0.235,FINAL
1986-10-18,19.95,20.192,-0.243,FINAL
1986-10-19,19.941,20.189,-0.247,FINAL
1986-10-20,19.93,20.185,-0.255,FINAL
1986-10-21,19.919,20.182,-0.262,FINAL
1986-10-22,19.913,20.178,-0.265,FINAL
1986-10-23,19.91,20.175,-0.265,FINAL
1986-10-24,19.907,20.172,-0.265,FINAL
1986-10-25,19.901,20.169,-0.267,FINAL
1986-10-26,19.896,20.166,-0.27,FINAL
1986-10-27,19.891,20.163,-0.272,FINAL
1986-10-28,19.888,20.16,-0.272,FINAL
1986-10-29,19.887,20.157,-0.271,FINAL
1986-10-30,19.887,20.154,-0.267,FINAL
1986-10-31,19.888,20.152,-0.264,FINAL
1986-11-01,19.89,20.149,-0.259,FINAL
1986-11-02,19.891,20.146,-0.256,FINAL
1986-11-03,19.892,20.144,-0.252,FINAL
1986-11-04,19.894,20.142,-0.248,FINAL
1986-11-05,19.895,20.139,-0.245,FINAL
1986-11-06,19.895,20.137,-0.242,FINAL
1986-11-07,19.893,20.135,-0.242,FINAL
1986-11-08,19.889,20.133,-0.244,FINAL
1986-11-09,19.883,20.131,-0.247,FINAL
1986-11-10,19.877,20.129,-0.252,FINAL
1986-11-11,19.872,20.127,-0.255,FINAL
1986-11-12,19.868,20.125,-0.258,FINAL
1986-11-13,19.864,20.124,-0.26,FINAL
1986-11-14,19.86,20.123,-0.263,FINAL
1986-11-15,19.857,20.121,-0.265,FINAL
1986-11-16,19.856,20.12,-0.264,FINAL
1986-11-17,19.858,20.119,-0.261,FINAL
1986-11-18,19.86,20.119,-0.259,FINAL
1986-11-19,19.861,20.118,-0.257,FINAL
1986-11-20,19.862,20.118,-0.256,FINAL
1986-11-21,19.862,20.117,-0.256,FINAL
1986-11-22,19.862,20.117,-0.255,FINAL
1986-11-23,19.862,20.117,-0.255,FINAL
1986-11-24,19.863,20.118,-0.255,FINAL
1986-11-25,19.864,20.118,-0.255,FINAL
1986-11-26,19.864,20.119,-0.255,FINAL
1986-11-27,19.865,20.12,-0.255,FINAL
1986-11-28,19.867,20.121,-0.254,FINAL
1986-11-29,19.872,20.123,-0.25,FINAL
1986-11-30,19.88,20.124,-0.244,FINAL
1986-12-01,19.885,20.126,-0.241,FINAL
1986-12-02,19.892,20.128,-0.236,FINAL
1986-12-03,19.896,20.13,-0.234,FINAL
1986-12-04,19.895,20.132,-0.237,FINAL
1986-12-05,19.891,20.135,-0.243,FINAL
1986-12-06,19.887,20.137,-0.251,FINAL
1986-12-07,19.881,20.14,-0.259,FINAL
1986-12-08,19.875,20.143,-0.268,FINAL
1986-12-09,19.868,20.146,-0.277,FINAL
1986-12-10,19.866,20.149,-0.283,FINAL
1986-12-11,19.87,20.152,-0.282,FINAL
1986-12-12,19.878,20.156,-0.278,FINAL
1986-12-13,19.884,20.159,-0.275,FINAL
1986-12-14,19.887,20.163,-0.276,FINAL
1986-12-15,19.886,20.167,-0.281,FINAL
1986-12-16,19.883,20.17,-0.287,FINAL
1986-12-17,19.88,20.174,-0.294,FINAL
1986-12-18,19.884,20.178,-0.294,FINAL
1986-12-19,19.891,20.182,-0.291,FINAL
1986-12-20,19.902,20.186,-0.284,FINAL
1986-12-21,19.914,20.19,-0.276,FINAL
1986-12-22,19.927,20.194,-0.267,FINAL
1986-12-23,19.942,20.198,-0.256,FINAL
1986-12-24,19.96,20.203,-0.243,FINAL
1986-12-25,19.976,20.207,-0.231,FINAL
1986-12-26,19.987,20.211,-0.225,FINAL
1986-12-27,19.993,20.216,-0.223,FINAL
1986-12-28,19.994,20.22,-0.226,FINAL
1986-12-29,19.991,20.224,-0.233,FINAL
1986-12-30,19.985,20.229,-0.244,FINAL
1986-12-31,19.976,20.233,-0.257,FINAL
1987-01-01,19.967,20.238,-0.271,FINAL
1987-01-02,19.961,20.242,-0.282,FINAL
1987-01-03,19.961,20.247,-0.286,FINAL
1987-01-04,19.968,20.252,-0.283,FINAL
1987-01-05,19.981,20.256,-0.275,FINAL
1987-01-06,19.997,20.261,-0.264,FINAL
1987-01-07,20.014,20.266,-0.252,FINAL
1987-01-08,20.031,20.271,-0.24,FINAL
1987-01-09,20.042,20.276,-0.234,FINAL
1987-01-10,20.046,20.281,-0.235,FINAL
1987-01-11,20.048,20.286,-0.238,FINAL
1987-01-12,20.049,20.291,-0.242,FINAL
1987-01-13,20.054,20.297,-0.243,FINAL
1987-01-14,20.062,20.302,-0.24,FINAL
1987-01-15,20.07,20.307,-0.237,FINAL
1987-01-16,20.079,20.313,-0.234,FINAL
1987-01-17,20.086,20.318,-0.232,FINAL
1987-01-18,20.089,20.324,-0.234,FINAL
1987-01-19,20.091,20.329,-0.238,FINAL
1987-01-20,20.092,20.335,-0.243,FINAL
1987-01-21,20.093,20.341,-0.248,FINAL
1987-01-22,20.093,20.346,-0.253,FINAL
1987-01-23,20.095,20.352,-0.257,FINAL
1987-01-24,20.098,20.358,-0.26,FINAL
1987-01-25,20.105,20.364,-0.259,FINAL
1987-01-26,20.112,20.37,-0.257,FINAL
1987-01-27,20.121,20.375,-0.255,FINAL
1987-01-28,20.128,20.381,-0.253,FINAL
1987-01-29,20.136,20.387,-0.251,FINAL
1987-01-30,20.14,20.392,-0.253,FINAL
1987-01-31,20.145,20.398,-0.253,FINAL
1987-02-01,20.15,20.404,-0.254,FINAL
1987-02-02,20.157,20.409,-0.252,FINAL
1987-02-03,20.164,20.415,-0.251,FINAL
1987-02-04,20.17,20.42,-0.25,FINAL
1987-02-05,20.175,20.425,-0.25,FINAL
1987-02-06,20.182,20.43,-0.248,FINAL
1987-02-07,20.19,20.436,-0.246,FINAL
1987-02-08,20.197,20.44,-0.244,FINAL
1987-02-09,20.201,20.445,-0.245,FINAL
1987-02-10,20.204,20.45,-0.246,FINAL
1987-02-11,20.208,20.455,-0.247,FINAL
1987-02-12,20.218,20.459,-0.241,FINAL
1987-02-13,20.227,20.463,-0.236,FINAL
1987-02-14,20.235,20.468,-0.233,FINAL
1987-02-15,20.241,20.472,-0.231,FINAL
1987-02-16,20.249,20.476,-0.226,FINAL
1987-02-17,20.255,20.48,-0.225,FINAL
1987-02-18,20.26,20.483,-0.223,FINAL
1987-02-19,20.262,20.487,-0.225,FINAL
1987-02-20,20.263,20.49,-0.227,FINAL
1987-02-21,20.262,20.493,-0.231,FINAL
1987-02-22,20.267,20.497,-0.23,FINAL
1987-02-23,20.271,20.5,-0.228,FINAL
1987-02-24,20.274,20.503,-0.228,FINAL
1987-02-25,20.278,20.505,-0.227,FINAL
1987-02-26,20.285,20.508,-0.223,FINAL
1987-02-27,20.296,20.51,-0.215,FINAL
1987-02-28,20.306,20.513,-0.207,FINAL
1987-03-01,20.309,20.515,-0.207,FINAL
1987-03-02,20.312,20.517,-0.206,FINAL
1987-03-03,20.319,20.52,-0.201,FINAL
1987-03-04,20.338,20.522,-0.184,FINAL
1987-03-05,20.355,20.523,-0.168,FINAL
1987-03-06,20.365,20.525,-0.16,FINAL
1987-03-07,20.373,20.527,-0.154,FINAL
1987-03-08,20.385,20.529,-0.144,FINAL
1987-03-09,20.408,20.53,-0.122,FINAL
1987-03-10,20.433,20.531,-0.099,FINAL
1987-03-11,20.447,20.533,-0.086,FINAL
1987-03-12,20.456,20.534,-0.078,FINAL
1987-03-13,20.462,20.535,-0.073,FINAL
1987-03-14,20.471,20.536,-0.065,FINAL
1987-03-15,20.478,20.537,-0.059,FINAL
1987-03-16,20.476,20.538,-0.061,FINAL
1987-03-17,20.47,20.538,-0.069,FINAL
1987-03-18,20.463,20.539,-0.076,FINAL
1987-03-19,20.458,20.539,-0.081,FINAL
1987-03-20,20.459,20.54,-0.081,FINAL
1987-03-21,20.462,20.54,-0.078,FINAL
1987-03-22,20.465,20.54,-0.074,FINAL
1987-03-23,20.466,20.54,-0.074,FINAL
1987-03-24,20.463,20.54,-0.077,FINAL
1987-03-25,20.456,20.539,-0.083,FINAL
1987-03-26,20.45,20.539,-0.089,FINAL
1987-03-27,20.443,20.538,-0.096,FINAL
1987-03-28,20.435,20.538,-0.103,FINAL
1987-03-29,20.427,20.537,-0.11,FINAL
1987-03-30,20.422,20.536,-0.114,FINAL
1987-03-31,20.42,20.535,-0.115,FINAL
1987-04-01,20.419,20.534,-0.115,FINAL
1987-04-02,20.42,20.532,-0.112,FINAL
1987-04-03,20.422,20.531,-0.109,FINAL
1987-04-04,20.425,20.529,-0.105,FINAL
1987-04-05,20.427,20.528,-0.1,FINAL
1987-04-06,20.429,20.526,-0.096,FINAL
1987-04-07,20.428,20.524,-0.096,FINAL
1987-04-08,20.421,20.522,-0.101,FINAL
1987-04-09,20.41,20.52,-0.109,FINAL
1987-04-10,20.4,20.517,-0.117,FINAL
1987-04-11,20.391,20.515,-0.125,FINAL
1987-04-12,20.379,20.513,-0.133,FINAL
1987-04-13,20.367,20.51,-0.143,FINAL
1987-04-14,20.358,20.508,-0.15,FINAL
1987-04-15,20.358,20.505,-0.147,FINAL
1987-04-16,20.359,20.502,-0.143,FINAL
1987-04-17,20.359,20.5,-0.14,FINAL
1987-04-18,20.355,20.497,-0.142,FINAL
1987-04-19,20.347,20.494,-0.146,FINAL
1987-04-20,20.341,20.491,-0.15,FINAL
1987-04-21,20.336,20.488,-0.152,FINAL
1987-04-22,20.329,20.485,-0.156,FINAL
1987-04-23,20.32,20.482,-0.162,FINAL
1987-04-24,20.31,20.479,-0.169,FINAL
1987-04-25,20.302,20.476,-0.174,FINAL
1987-04-26,20.296,20.473,-0.177,FINAL
1987-04-27,20.292,20.469,-0.177,FINAL
1987-04-28,20.291,20.466,-0.175,FINAL
1987-04-29,20.291,20.463,-0.172,FINAL
1987-04-30,20.291,20.46,-0.168,FINAL
1987-05-01,20.296,20.457,-0.161,FINAL
1987-05-02,20.298,20.453,-0.155,FINAL
1987-05-03,20.303,20.45,-0.147,FINAL
1987-05-04,20.307,20.447,-0.14,FINAL
1987-05-05,20.307,20.444,-0.136,FINAL
1987-05-06,20.306,20.441,-0.135,FINAL
1987-05-07,20.303,20.437,-0.134,FINAL
1987-05-08,20.3,20.434,-0.134,FINAL
1987-05-09,20.296,20.431,-0.135,FINAL
1987-05-10,20.289,20.428,-0.139,FINAL
1987-05-11,20.281,20.425,-0.143,FINAL
1987-05-12,20.276,20.421,-0.145,FINAL
1987-05-13,20.275,20.418,-0.143,FINAL
1987-05-14,20.277,20.415,-0.138,FINAL
1987-05-15,20.278,20.412,-0.134,FINAL
1987-05-16,20.282,20.409,-0.127,FINAL
1987-05-17,20.284,20.406,-0.122,FINAL
1987-05-18,20.287,20.403,-0.116,FINAL
1987-05-19,20.289,20.4,-0.111,FINAL
1987-05-20,20.287,20.397,-0.11,FINAL
1987-05-21,20.282,20.394,-0.112,FINAL
1987-05-22,20.279,20.392,-0.113,FINAL
1987-05-23,20.279,20.389,-0.11,FINAL
1987-05-24,20.281,20.386,-0.105,FINAL
1987-05-25,20.283,20.383,-0.1,FINAL
1987-05-26,20.283,20.381,-0.097,FINAL
1987-05-27,20.283,20.378,-0.096,FINAL
1987-05-28,20.279,20.376,-0.097,FINAL
1987-05-29,20.274,20.374,-0.1,FINAL
1987-05-30,20.267,20.371,-0.105,FINAL
1987-05-31,20.26,20.369,-0.11,FINAL
1987-06-01,20.26,20.367,-0.107,FINAL
1987-06-02,20.252,20.365,-0.113,FINAL
1987-06-03,20.246,20.363,-0.117,FINAL
1987-06-04,20.244,20.361,-0.117,FINAL
1987-06-05,20.244,20.36,-0.116,FINAL
1987-06-06,20.243,20.358,-0.115,FINAL
1987-06-07,20.241,20.357,-0.116,FINAL
1987-06-08,20.237,20.355,-0.118,FINAL
1987-06-09,20.236,20.354,-0.118,FINAL
1987-06-10,20.234,20.353,-0.119,FINAL
1987-06-11,20.229,20.352,-0.122,FINAL
1987-06-12,20.223,20.351,-0.128,FINAL
1987-06-13,20.216,20.35,-0.134,FINAL
1987-06-14,20.212,20.349,-0.137,FINAL
1987-06-15,20.205,20.349,-0.144,FINAL
1987-06-16,20.2,20.348,-0.149,FINAL
1987-06-17,20.189,20.348,-0.159,FINAL
1987-06-18,20.177,20.347,-0.17,FINAL
1987-06-19,20.168,20.347,-0.18,FINAL
1987-06-20,20.161,20.347,-0.186,FINAL
1987-06-21,20.158,20.347,-0.19,FINAL
1987-06-22,20.156,20.347,-0.191,FINAL
1987-06-23,20.156,20.348,-0.192,FINAL
1987-06-24,20.156,20.348,-0.192,FINAL
1987-06-25,20.159,20.348,-0.189,FINAL
1987-06-26,20.167,20.349,-0.182,FINAL
1987-06-27,20.181,20.349,-0.169,FINAL
1987-06-28,20.195,20.35,-0.155,FINAL
1987-06-29,20.203,20.351,-0.148,FINAL
1987-06-30,20.208,20.352,-0.143,FINAL
1987-07-01,20.215,20.353,-0.138,FINAL
1987-07-02,20.222,20.354,-0.132,FINAL
1987-07-03,20.225,20.355,-0.13,FINAL
1987-07-04,20.221,20.356,-0.135,FINAL
1987-07-05,20.215,20.358,-0.142,FINAL
1987-07-06,20.212,20.359,-0.147,FINAL
1987-07-07,20.218,20.36,-0.142,FINAL
1987-07-08,20.232,20.362,-0.13,FINAL
1987-07-09,20.249,20.363,-0.115,FINAL
1987-07-10,20.263,20.365,-0.102,FINAL
1987-07-11,20.274,20.367,-0.092,FINAL
1987-07-12,20.277,20.369,-0.092,FINAL
1987-07-13,20.271,20.37,-0.099,FINAL
1987-07-14,20.259,20.372,-0.113,FINAL
1987-07-15,20.244,20.374,-0.131,FINAL
1987-07-16,20.23,20.376,-0.146,FINAL
1987-07-17,20.219,20.378,-0.159,FINAL
1987-07-18,20.215,20.38,-0.165,FINAL
1987-07-19,20.219,20.383,-0.164,FINAL
1987-07-20,20.229,20.385,-0.156,FINAL
1987-07-21,20.243,20.387,-0.144,FINAL
1987-07-22,20.26,20.389,-0.129,FINAL
1987-07-23,20.274,20.391,-0.117,FINAL
1987-07-24,20.282,20.394,-0.112,FINAL
1987-07-25,20.289,20.396,-0.107,FINAL
1987-07-26,20.294,20.398,-0.104,FINAL
1987-07-27,20.302,20.401,-0.099,FINAL
1987-07-28,20.306,20.403,-0.096,FINAL
1987-07-29,20.307,20.405,-0.098,FINAL
1987-07-30,20.304,20.407,-0.103,FINAL
1987-07-31,20.303,20.41,-0.107,FINAL
1987-08-01,20.306,20.412,-0.106,FINAL
1987-08-02,20.313,20.414,-0.101,FINAL
1987-08-03,20.322,20.416,-0.094,FINAL
1987-08-04,20.331,20.418,-0.087,FINAL
1987-08-05,20.338,20.42,-0.082,FINAL
1987-08-06,20.343,20.422,-0.079,FINAL
1987-08-07,20.342,20.424,-0.081,FINAL
1987-08-08,20.34,20.426,-0.086,FINAL
1987-08-09,20.335,20.427,-0.092,FINAL
1987-08-10,20.331,20.429,-0.098,FINAL
1987-08-11,20.328,20.43,-0.102,FINAL
1987-08-12,20.329,20.431,-0.103,FINAL
1987-08-13,20.332,20.432,-0.101,FINAL
1987-08-14,20.337,20.433,-0.097,FINAL
1987-08-15,20.343,20.434,-0.092,FINAL
1987-08-16,20.354,20.435,-0.081,FINAL
1987-08-17,20.357,20.435,-0.078,FINAL
1987-08-18,20.357,20.436,-0.079,FINAL
1987-08-19,20.355,20.436,-0.08,FINAL
1987-08-20,20.357,20.436,-0.079,FINAL
1987-08-21,20.363,20.436,-0.072,FINAL
1987-08-22,20.373,20.435,-0.063,FINAL
1987-08-23,20.382,20.434,-0.053,FINAL
1987-08-24,20.389,20.433,-0.044,FINAL
1987-08-25,20.395,20.432,-0.038,FINAL
1987-08-26,20.396,20.431,-0.035,FINAL
1987-08-27,20.393,20.429,-0.037,FINAL
1987-08-28,20.387,20.428,-0.041,FINAL
1987-08-29,20.378,20.426,-0.048,FINAL
1987-08-30,20.367,20.423,-0.056,FINAL
1987-08-31,20.357,20.421,-0.064,FINAL
1987-09-01,20.35,20.418,-0.068,FINAL
1987-09-02,20.347,20.415,-0.068,FINAL
1987-09-03,20.347,20.412,-0.065,FINAL
1987-09-04,20.349,20.409,-0.06,FINAL
1987-09-05,20.348,20.405,-0.057,FINAL
1987-09-06,20.348,20.401,-0.053,FINAL
1987-09-07,20.348,20.397,-0.05,FINAL
1987-09-08,20.347,20.393,-0.046,FINAL
1987-09-09,20.346,20.389,-0.043,FINAL
1987-09-10,20.34,20.384,-0.044,FINAL
1987-09-11,20.33,20.379,-0.049,FINAL
1987-09-12,20.319,20.375,-0.056,FINAL
1987-09-13,20.308,20.37,-0.061,FINAL
1987-09-14,20.3,20.364,-0.064,FINAL
1987-09-15,20.298,20.359,-0.061,FINAL
1987-09-16,20.303,20.354,-0.051,FINAL
1987-09-17,20.311,20.348,-0.037,FINAL
1987-09-18,20.32,20.343,-0.023,FINAL
1987-09-19,20.325,20.337,-0.012,FINAL
1987-09-20,20.327,20.331,-0.005,FINAL
1987-09-21,20.321,20.326,-0.004,FINAL
1987-09-22,20.31,20.32,-0.01,FINAL
1987-09-23,20.296,20.314,-0.018,FINAL
1987-09-24,20.28,20.308,-0.028,FINAL
1987-09-25,20.267,20.303,-0.036,FINAL
1987-09-26,20.262,20.297,-0.035,FINAL
1987-09-27,20.266,20.291,-0.025,FINAL
1987-09-28,20.271,20.286,-0.014,FINAL
1987-09-29,20.269,20.28,-0.011,FINAL
1987-09-30,20.251,20.274,-0.023,FINAL
1987-10-01,20.221,20.269,-0.048,FINAL
1987-10-02,20.191,20.264,-0.073,FINAL
1987-10-03,20.162,20.258,-0.096,FINAL
1987-10-04,20.138,20.253,-0.115,FINAL
1987-10-05,20.121,20.248,-0.127,FINAL
1987-10-06,20.118,20.243,-0.125,FINAL
1987-10-07,20.129,20.238,-0.109,FINAL
1987-10-08,20.147,20.233,-0.087,FINAL
1987-10-09,20.164,20.229,-0.065,FINAL
1987-10-10,20.174,20.224,-0.051,FINAL
1987-10-11,20.173,20.22,-0.047,FINAL
1987-10-12,20.163,20.216,-0.053,FINAL
1987-10-13,20.148,20.211,-0.064,FINAL
1987-10-14,20.13,20.207,-0.078,FINAL
1987-10-15,20.113,20.203,-0.091,FINAL
1987-10-16,20.099,20.199,-0.101,FINAL
1987-10-17,20.089,20.196,-0.106,FINAL
1987-10-18,20.079,20.192,-0.113,FINAL
1987-10-19,20.078,20.189,-0.111,FINAL
1987-10-20,20.079,20.185,-0.106,FINAL
1987-10-21,20.082,20.182,-0.1,FINAL
1987-10-22,20.084,20.178,-0.095,FINAL
1987-10-23,20.086,20.175,-0.089,FINAL
1987-10-24,20.09,20.172,-0.082,FINAL
1987-10-25,20.097,20.169,-0.072,FINAL
1987-10-26,20.101,20.166,-0.065,FINAL
1987-10-27,20.098,20.163,-0.065,FINAL
1987-10-28,20.094,20.16,-0.066,FINAL
1987-10-29,20.092,20.157,-0.065,FINAL
1987-10-30,20.096,20.154,-0.058,FINAL
1987-10-31,20.104,20.152,-0.048,FINAL
1987-11-01,20.111,20.149,-0.038,FINAL
1987-11-02,20.115,20.146,-0.031,FINAL
1987-11-03,20.118,20.144,-0.026,FINAL
1987-11-04,20.121,20.142,-0.021,FINAL
1987-11-05,20.121,20.139,-0.018,FINAL
1987-11-06,20.118,20.137,-0.019,FINAL
1987-11-07,20.112,20.135,-0.023,FINAL
1987-11-08,20.105,20.133,-0.028,FINAL
1987-11-09,20.096,20.131,-0.035,FINAL
1987-11-10,20.089,20.129,-0.039,FINAL
1987-11-11,20.086,20.127,-0.041,FINAL
1987-11-12,20.085,20.125,-0.041,FINAL
1987-11-13,20.082,20.124,-0.041,FINAL
1987-11-14,20.078,20.123,-0.045,FINAL
1987-11-15,20.073,20.121,-0.048,FINAL
1987-11-16,20.068,20.12,-0.052,FINAL
1987-11-17,20.063,20.119,-0.057,FINAL
1987-11-18,20.061,20.119,-0.057,FINAL
1987-11-19,20.063,20.118,-0.055,FINAL
1987-11-20,20.066,20.118,-0.051,FINAL
1987-11-21,20.07,20.117,-0.047,FINAL
1987-11-22,20.075,20.117,-0.042,FINAL
1987-11-23,20.082,20.117,-0.036,FINAL
1987-11-24,20.09,20.118,-0.028,FINAL
1987-11-25,20.098,20.118,-0.02,FINAL
1987-11-26,20.105,20.119,-0.014,FINAL
1987-11-27,20.109,20.12,-0.012,FINAL
1987-11-28,20.11,20.121,-0.012,FINAL
1987-11-29,20.109,20.123,-0.014,FINAL
1987-11-30,20.107,20.124,-0.018,FINAL
1987-12-01,20.104,20.126,-0.022,FINAL
1987-12-02,20.102,20.128,-0.026,FINAL
1987-12-03,20.098,20.13,-0.032,FINAL
1987-12-04,20.09,20.132,-0.042,FINAL
1987-12-05,20.082,20.135,-0.053,FINAL
1987-12-06,20.078,20.137,-0.059,FINAL
1987-12-07,20.077,20.14,-0.063,FINAL
1987-12-08,20.077,20.143,-0.065,FINAL
1987-12-09,20.079,20.146,-0.066,FINAL
1987-12-10,20.086,20.149,-0.063,FINAL
1987-12-11,20.096,20.152,-0.056,FINAL
1987-12-12,20.107,20.156,-0.048,FINAL
1987-12-13,20.114,20.159,-0.045,FINAL
1987-12-14,20.114,20.163,-0.049,FINAL
1987-12-15,20.108,20.167,-0.058,FINAL
1987-12-16,20.104,20.17,-0.066,FINAL
1987-12-17,20.098,20.174,-0.076,FINAL
1987-12-18,20.091,20.178,-0.087,FINAL
1987-12-19,20.073,20.182,-0.109,FINAL
1987-12-20,20.052,20.186,-0.135,FINAL
1987-12-21,20.035,20.19,-0.155,FINAL
1987-12-22,20.027,20.194,-0.168,FINAL
1987-12-23,20.028,20.198,-0.17,FINAL
1987-12-24,20.042,20.203,-0.16,FINAL
1987-12-25,20.07,20.207,-0.137,FINAL
1987-12-26,20.104,20.211,-0.107,FINAL
1987-12-27,20.139,20.216,-0.076,FINAL
1987-12-28,20.168,20.22,-0.052,FINAL
1987-12-29,20.185,20.224,-0.039,FINAL
1987-12-30,20.183,20.229,-0.046,FINAL
1987-12-31,20.166,20.233,-0.068,FINAL
1988-01-01,20.14,20.238,-0.098,FINAL
1988-01-02,20.117,20.242,-0.125,FINAL
1988-01-03,20.104,20.247,-0.143,FINAL
1988-01-04,20.107,20.252,-0.144,FINAL
1988-01-05,20.123,20.256,-0.134,FINAL
1988-01-06,20.146,20.261,-0.115,FINAL
1988-01-07,20.171,20.266,-0.096,FINAL
1988-01-08,20.191,20.271,-0.08,FINAL
1988-01-09,20.202,20.276,-0.074,FINAL
1988-01-10,20.205,20.281,-0.076,FINAL
1988-01-11,20.204,20.286,-0.082,FINAL
1988-01-12,20.202,20.291,-0.09,FINAL
1988-01-13,20.202,20.297,-0.095,FINAL
1988-01-14,20.206,20.302,-0.096,FINAL
1988-01-15,20.211,20.307,-0.097,FINAL
1988-01-16,20.22,20.313,-0.093,FINAL
1988-01-17,20.229,20.318,-0.09,FINAL
1988-01-18,20.239,20.324,-0.085,FINAL
1988-01-19,20.247,20.329,-0.083,FINAL
1988-01-20,20.252,20.335,-0.083,FINAL
1988-01-21,20.257,20.341,-0.083,FINAL
1988-01-22,20.263,20.346,-0.083,FINAL
1988-01-23,20.271,20.352,-0.081,FINAL
1988-01-24,20.28,20.358,-0.078,FINAL
1988-01-25,20.289,20.364,-0.075,FINAL
1988-01-26,20.295,20.37,-0.074,FINAL
1988-01-27,20.3,20.375,-0.075,FINAL
1988-01-28,20.298,20.381,-0.083,FINAL
1988-01-29,20.293,20.387,-0.093,FINAL
1988-01-30,20.289,20.392,-0.103,FINAL
1988-01-31,20.285,20.398,-0.113,FINAL
1988-02-01,20.282,20.404,-0.122,FINAL
1988-02-02,20.278,20.409,-0.132,FINAL
1988-02-03,20.275,20.415,-0.139,FINAL
1988-02-04,20.278,20.42,-0.142,FINAL
1988-02-05,20.284,20.425,-0.141,FINAL
1988-02-06,20.292,20.43,-0.138,FINAL
1988-02-07,20.303,20.436,-0.132,FINAL
1988-02-08,20.311,20.44,-0.129,FINAL
1988-02-09,20.316,20.445,-0.129,FINAL
1988-02-10,20.322,20.45,-0.128,FINAL
1988-02-11,20.331,20.455,-0.124,FINAL
1988-02-12,20.346,20.459,-0.113,FINAL
1988-02-13,20.364,20.463,-0.099,FINAL
1988-02-14,20.377,20.468,-0.091,FINAL
1988-02-15,20.387,20.472,-0.085,FINAL
1988-02-16,20.396,20.476,-0.08,FINAL
1988-02-17,20.414,20.48,-0.066,FINAL
1988-02-18,20.426,20.483,-0.057,FINAL
1988-02-19,20.431,20.487,-0.055,FINAL
1988-02-20,20.434,20.49,-0.056,FINAL
1988-02-21,20.435,20.493,-0.058,FINAL
1988-02-22,20.438,20.497,-0.059,FINAL
1988-02-23,20.443,20.5,-0.057,FINAL
1988-02-24,20.448,20.503,-0.054,FINAL
1988-02-25,20.452,20.505,-0.054,FINAL
1988-02-26,20.451,20.508,-0.057,FINAL
1988-02-27,20.448,20.51,-0.063,FINAL
1988-02-28,20.438,20.513,-0.075,FINAL
1988-02-29,20.426,20.514,-0.088,FINAL
1988-03-01,20.417,20.515,-0.099,FINAL
1988-03-02,20.409,20.517,-0.108,FINAL
1988-03-03,20.402,20.52,-0.117,FINAL
1988-03-04,20.397,20.522,-0.125,FINAL
1988-03-05,20.393,20.523,-0.131,FINAL
1988-03-06,20.393,20.525,-0.132,FINAL
1988-03-07,20.398,20.527,-0.129,FINAL
1988-03-08,20.408,20.529,-0.12,FINAL
1988-03-09,20.427,20.53,-0.103,FINAL
1988-03-10,20.447,20.531,-0.084,FINAL
1988-03-11,20.463,20.533,-0.07,FINAL
1988-03-12,20.476,20.534,-0.058,FINAL
1988-03-13,20.485,20.535,-0.05,FINAL
1988-03-14,20.489,20.536,-0.047,FINAL
1988-03-15,20.488,20.537,-0.049,FINAL
1988-03-16,20.482,20.538,-0.056,FINAL
1988-03-17,20.471,20.538,-0.068,FINAL
1988-03-18,20.454,20.539,-0.085,FINAL
1988-03-19,20.432,20.539,-0.108,FINAL
1988-03-20,20.411,20.54,-0.129,FINAL
1988-03-21,20.4,20.54,-0.14,FINAL
1988-03-22,20.393,20.54,-0.147,FINAL
1988-03-23,20.39,20.54,-0.15,FINAL
1988-03-24,20.381,20.54,-0.158,FINAL
1988-03-25,20.375,20.539,-0.165,FINAL
1988-03-26,20.374,20.539,-0.165,FINAL
1988-03-27,20.376,20.538,-0.162,FINAL
1988-03-28,20.379,20.538,-0.159,FINAL
1988-03-29,20.385,20.537,-0.152,FINAL
1988-03-30,20.389,20.536,-0.147,FINAL
1988-03-31,20.389,20.535,-0.146,FINAL
1988-04-01,20.389,20.534,-0.144,FINAL
1988-04-02,20.39,20.532,-0.142,FINAL
1988-04-03,20.393,20.531,-0.138,FINAL
1988-04-04,20.396,20.529,-0.133,FINAL
1988-04-05,20.396,20.528,-0.132,FINAL
1988-04-06,20.395,20.526,-0.131,FINAL
1988-04-07,20.393,20.524,-0.131,FINAL
1988-04-08,20.391,20.522,-0.131,FINAL
1988-04-09,20.389,20.52,-0.13,FINAL
1988-04-10,20.386,20.517,-0.132,FINAL
1988-04-11,20.382,20.515,-0.133,FINAL
1988-04-12,20.379,20.513,-0.133,FINAL
1988-04-13,20.38,20.51,-0.131,FINAL
1988-04-14,20.381,20.508,-0.127,FINAL
1988-04-15,20.384,20.505,-0.121,FINAL
1988-04-16,20.384,20.502,-0.118,FINAL
1988-04-17,20.385,20.5,-0.115,FINAL
1988-04-18,20.386,20.497,-0.111,FINAL
1988-04-19,20.387,20.494,-0.107,FINAL
1988-04-20,20.383,20.491,-0.107,FINAL
1988-04-21,20.378,20.488,-0.11,FINAL
1988-04-22,20.374,20.485,-0.111,FINAL
1988-04-23,20.371,20.482,-0.111,FINAL
1988-04-24,20.372,20.479,-0.106,FINAL
1988-04-25,20.375,20.476,-0.101,FINAL
1988-04-26,20.375,20.473,-0.097,FINAL
1988-04-27,20.373,20.469,-0.097,FINAL
1988-04-28,20.364,20.466,-0.102,FINAL
1988-04-29,20.351,20.463,-0.112,FINAL
1988-04-30,20.339,20.46,-0.121,FINAL
1988-05-01,20.33,20.457,-0.127,FINAL
1988-05-02,20.316,20.453,-0.137,FINAL
1988-05-03,20.301,20.45,-0.15,FINAL
1988-05-04,20.288,20.447,-0.159,FINAL
1988-05-05,20.28,20.444,-0.163,FINAL
1988-05-06,20.277,20.441,-0.163,FINAL
1988-05-07,20.277,20.437,-0.16,FINAL
1988-05-08,20.277,20.434,-0.157,FINAL
1988-05-09,20.28,20.431,-0.151,FINAL
1988-05-10,20.284,20.428,-0.144,FINAL
1988-05-11,20.287,20.425,-0.137,FINAL
1988-05-12,20.288,20.421,-0.133,FINAL
1988-05-13,20.284,20.418,-0.135,FINAL
1988-05-14,20.276,20.415,-0.14,FINAL
1988-05-15,20.266,20.412,-0.146,FINAL
1988-05-16,20.259,20.409,-0.15,FINAL
1988-05-17,20.246,20.406,-0.161,FINAL
1988-05-18,20.229,20.403,-0.175,FINAL
1988-05-19,20.217,20.4,-0.183,FINAL
1988-05-20,20.213,20.397,-0.184,FINAL
1988-05-21,20.211,20.394,-0.183,FINAL
1988-05-22,20.207,20.392,-0.184,FINAL
1988-05-23,20.195,20.389,-0.193,FINAL
1988-05-24,20.179,20.386,-0.207,FINAL
1988-05-25,20.165,20.383,-0.218,FINAL
1988-05-26,20.153,20.381,-0.228,FINAL
1988-05-27,20.146,20.378,-0.233,FINAL
1988-05-28,20.142,20.376,-0.234,FINAL
1988-05-29,20.144,20.374,-0.229,FINAL
1988-05-30,20.151,20.371,-0.22,FINAL
1988-05-31,20.16,20.369,-0.209,FINAL
1988-06-01,20.177,20.367,-0.19,FINAL
1988-06-02,20.18,20.365,-0.185,FINAL
1988-06-03,20.175,20.363,-0.188,FINAL
1988-06-04,20.163,20.361,-0.198,FINAL
1988-06-05,20.148,20.36,-0.211,FINAL
1988-06-06,20.136,20.358,-0.222,FINAL
1988-06-07,20.132,20.357,-0.225,FINAL
1988-06-08,20.136,20.355,-0.219,FINAL
1988-06-09,20.146,20.354,-0.208,FINAL
1988-06-10,20.157,20.353,-0.196,FINAL
1988-06-11,20.166,20.352,-0.186,FINAL
1988-06-12,20.169,20.351,-0.181,FINAL
1988-06-13,20.166,20.35,-0.184,FINAL
1988-06-14,20.156,20.349,-0.193,FINAL
1988-06-15,20.143,20.349,-0.205,FINAL
1988-06-16,20.13,20.348,-0.218,FINAL
1988-06-17,20.115,20.348,-0.232,FINAL
1988-06-18,20.109,20.347,-0.238,FINAL
1988-06-19,20.108,20.347,-0.239,FINAL
1988-06-20,20.111,20.347,-0.236,FINAL
1988-06-21,20.113,20.347,-0.234,FINAL
1988-06-22,20.112,20.347,-0.236,FINAL
1988-06-23,20.107,20.348,-0.24,FINAL
1988-06-24,20.102,20.348,-0.246,FINAL
1988-06-25,20.097,20.348,-0.251,FINAL
1988-06-26,20.094,20.349,-0.255,FINAL
1988-06-27,20.091,20.349,-0.258,FINAL
1988-06-28,20.093,20.35,-0.258,FINAL
1988-06-29,20.096,20.351,-0.255,FINAL
1988-06-30,20.101,20.352,-0.251,FINAL
1988-07-01,20.107,20.353,-0.246,FINAL
1988-07-02,20.111,20.354,-0.243,FINAL
1988-07-03,20.111,20.355,-0.244,FINAL
1988-07-04,20.109,20.356,-0.248,FINAL
1988-07-05,20.105,20.358,-0.252,FINAL
1988-07-06,20.103,20.359,-0.256,FINAL
1988-07-07,20.105,20.36,-0.255,FINAL
1988-07-08,20.109,20.362,-0.253,FINAL
1988-07-09,20.111,20.363,-0.252,FINAL
1988-07-10,20.115,20.365,-0.25,FINAL
1988-07-11,20.121,20.367,-0.245,FINAL
1988-07-12,20.134,20.369,-0.235,FINAL
1988-07-13,20.146,20.37,-0.224,FINAL
1988-07-14,20.154,20.372,-0.218,FINAL
1988-07-15,20.16,20.374,-0.214,FINAL
1988-07-16,20.167,20.376,-0.209,FINAL
1988-07-17,20.176,20.378,-0.203,FINAL
1988-07-18,20.183,20.38,-0.198,FINAL
1988-07-19,20.188,20.383,-0.195,FINAL
1988-07-20,20.19,20.385,-0.195,FINAL
1988-07-21,20.189,20.387,-0.198,FINAL
1988-07-22,20.187,20.389,-0.202,FINAL
1988-07-23,20.183,20.391,-0.208,FINAL
1988-07-24,20.179,20.394,-0.215,FINAL
1988-07-25,20.175,20.396,-0.221,FINAL
1988-07-26,20.174,20.398,-0.224,FINAL
1988-07-27,20.176,20.401,-0.224,FINAL
1988-07-28,20.183,20.403,-0.22,FINAL
1988-07-29,20.19,20.405,-0.215,FINAL
1988-07-30,20.198,20.407,-0.209,FINAL
1988-07-31,20.209,20.41,-0.201,FINAL
1988-08-01,20.22,20.412,-0.191,FINAL
1988-08-02,20.231,20.414,-0.183,FINAL
1988-08-03,20.237,20.416,-0.179,FINAL
1988-08-04,20.24,20.418,-0.178,FINAL
1988-08-05,20.241,20.42,-0.179,FINAL
1988-08-06,20.242,20.422,-0.18,FINAL
1988-08-07,20.242,20.424,-0.182,FINAL
1988-08-08,20.242,20.426,-0.184,FINAL
1988-08-09,20.242,20.427,-0.186,FINAL
1988-08-10,20.24,20.429,-0.188,FINAL
1988-08-11,20.239,20.43,-0.191,FINAL
1988-08-12,20.236,20.431,-0.195,FINAL
1988-08-13,20.234,20.432,-0.199,FINAL
1988-08-14,20.234,20.433,-0.2,FINAL
1988-08-15,20.237,20.434,-0.197,FINAL
1988-08-16,20.251,20.435,-0.184,FINAL
1988-08-17,20.263,20.435,-0.173,FINAL
1988-08-18,20.272,20.436,-0.164,FINAL
1988-08-19,20.281,20.436,-0.155,FINAL
1988-08-20,20.291,20.436,-0.145,FINAL
1988-08-21,20.306,20.436,-0.129,FINAL
1988-08-22,20.318,20.435,-0.117,FINAL
1988-08-23,20.323,20.434,-0.112,FINAL
1988-08-24,20.322,20.433,-0.111,FINAL
1988-08-25,20.323,20.432,-0.11,FINAL
1988-08-26,20.329,20.431,-0.102,FINAL
1988-08-27,20.339,20.429,-0.09,FINAL
1988-08-28,20.348,20.428,-0.08,FINAL
1988-08-29,20.354,20.426,-0.072,FINAL
1988-08-30,20.354,20.423,-0.069,FINAL
1988-08-31,20.347,20.421,-0.074,FINAL
1988-09-01,20.335,20.418,-0.083,FINAL
1988-09-02,20.323,20.415,-0.092,FINAL
1988-09-03,20.31,20.412,-0.102,FINAL
1988-09-04,20.294,20.409,-0.115,FINAL
1988-09-05,20.275,20.405,-0.13,FINAL
1988-09-06,20.263,20.401,-0.139,FINAL
1988-09-07,20.261,20.397,-0.137,FINAL
1988-09-08,20.263,20.393,-0.13,FINAL
1988-09-09,20.262,20.389,-0.127,FINAL
1988-09-10,20.251,20.384,-0.133,FINAL
1988-09-11,20.24,20.379,-0.139,FINAL
1988-09-12,20.236,20.375,-0.139,FINAL
1988-09-13,20.23,20.37,-0.139,FINAL
1988-09-14,20.217,20.364,-0.147,FINAL
1988-09-15,20.187,20.359,-0.172,FINAL
1988-09-16,20.158,20.354,-0.195,FINAL
1988-09-17,20.145,20.348,-0.203,FINAL
1988-09-18,20.133,20.343,-0.209,FINAL
1988-09-19,20.11,20.337,-0.227,FINAL
1988-09-20,20.062,20.331,-0.269,FINAL
1988-09-21,20.01,20.326,-0.315,FINAL
1988-09-22,19.978,20.32,-0.342,FINAL
1988-09-23,19.955,20.314,-0.359,FINAL
1988-09-24,19.933,20.308,-0.375,FINAL
1988-09-25,19.901,20.303,-0.402,FINAL
1988-09-26,19.87,20.297,-0.427,FINAL
1988-09-27,19.856,20.291,-0.435,FINAL
1988-09-28,19.854,20.286,-0.432,FINAL
1988-09-29,19.861,20.28,-0.419,FINAL
1988-09-30,19.871,20.274,-0.403,FINAL
1988-10-01,19.88,20.269,-0.389,FINAL
1988-10-02,19.886,20.264,-0.377,FINAL
1988-10-03,19.892,20.258,-0.366,FINAL
1988-10-04,19.902,20.253,-0.351,FINAL
1988-10-05,19.917,20.248,-0.331,FINAL
1988-10-06,19.93,20.243,-0.313,FINAL
1988-10-07,19.932,20.238,-0.306,FINAL
1988-10-08,19.929,20.233,-0.305,FINAL
1988-10-09,19.925,20.229,-0.304,FINAL
1988-10-10,19.925,20.224,-0.3,FINAL
1988-10-11,19.925,20.22,-0.295,FINAL
1988-10-12,19.92,20.216,-0.296,FINAL
1988-10-13,19.913,20.211,-0.298,FINAL
1988-10-14,19.908,20.207,-0.299,FINAL
1988-10-15,19.909,20.203,-0.294,FINAL
1988-10-16,19.913,20.199,-0.287,FINAL
1988-10-17,19.914,20.196,-0.281,FINAL
1988-10-18,19.911,20.192,-0.281,FINAL
1988-10-19,19.913,20.189,-0.275,FINAL
1988-10-20,19.917,20.185,-0.268,FINAL
1988-10-21,19.922,20.182,-0.259,FINAL
1988-10-22,19.925,20.178,-0.253,FINAL
1988-10-23,19.924,20.175,-0.251,FINAL
1988-10-24,19.919,20.172,-0.253,FINAL
1988-10-25,19.909,20.169,-0.259,FINAL
1988-10-26,19.906,20.166,-0.259,FINAL
1988-10-27,19.913,20.163,-0.249,FINAL
1988-10-28,19.916,20.16,-0.244,FINAL
1988-10-29,19.899,20.157,-0.259,FINAL
1988-10-30,19.847,20.154,-0.307,FINAL
1988-10-31,19.78,20.152,-0.372,FINAL
1988-11-01,19.722,20.149,-0.428,FINAL
1988-11-02,19.672,20.146,-0.475,FINAL
1988-11-03,19.631,20.144,-0.513,FINAL
1988-11-04,19.596,20.142,-0.546,FINAL
1988-11-05,19.583,20.139,-0.557,FINAL
1988-11-06,19.598,20.137,-0.539,FINAL
1988-11-07,19.632,20.135,-0.503,FINAL
1988-11-08,19.672,20.133,-0.46,FINAL
1988-11-09,19.709,20.131,-0.422,FINAL
1988-11-10,19.729,20.129,-0.4,FINAL
1988-11-11,19.731,20.127,-0.396,FINAL
1988-11-12,19.725,20.125,-0.401,FINAL
1988-11-13,19.717,20.124,-0.407,FINAL
1988-11-14,19.716,20.123,-0.407,FINAL
1988-11-15,19.718,20.121,-0.403,FINAL
1988-11-16,19.72,20.12,-0.4,FINAL
1988-11-17,19.719,20.119,-0.4,FINAL
1988-11-18,19.72,20.119,-0.398,FINAL
1988-11-19,19.721,20.118,-0.396,FINAL
1988-11-20,19.723,20.118,-0.394,FINAL
1988-11-21,19.724,20.117,-0.393,FINAL
1988-11-22,19.724,20.117,-0.393,FINAL
1988-11-23,19.724,20.117,-0.393,FINAL
1988-11-24,19.724,20.118,-0.394,FINAL
1988-11-25,19.721,20.118,-0.397,FINAL
1988-11-26,19.715,20.119,-0.404,FINAL
1988-11-27,19.711,20.12,-0.409,FINAL
1988-11-28,19.713,20.121,-0.409,FINAL
1988-11-29,19.724,20.123,-0.398,FINAL
1988-11-30,19.742,20.124,-0.382,FINAL
1988-12-01,19.761,20.126,-0.365,FINAL
1988-12-02,19.778,20.128,-0.349,FINAL
1988-12-03,19.793,20.13,-0.336,FINAL
1988-12-04,19.805,20.132,-0.327,FINAL
1988-12-05,19.809,20.135,-0.326,FINAL
1988-12-06,19.804,20.137,-0.334,FINAL
1988-12-07,19.794,20.14,-0.346,FINAL
1988-12-08,19.783,20.143,-0.36,FINAL
1988-12-09,19.774,20.146,-0.371,FINAL
1988-12-10,19.773,20.149,-0.376,FINAL
1988-12-11,19.778,20.152,-0.374,FINAL
1988-12-12,19.786,20.156,-0.37,FINAL
1988-12-13,19.793,20.159,-0.366,FINAL
1988-12-14,19.795,20.163,-0.367,FINAL
1988-12-15,19.791,20.167,-0.375,FINAL
1988-12-16,19.786,20.17,-0.384,FINAL
1988-12-17,19.781,20.174,-0.393,FINAL
1988-12-18,19.783,20.178,-0.396,FINAL
1988-12-19,19.788,20.182,-0.394,FINAL
1988-12-20,19.802,20.186,-0.384,FINAL
1988-12-21,19.821,20.19,-0.369,FINAL
1988-12-22,19.841,20.194,-0.353,FINAL
1988-12-23,19.857,20.198,-0.342,FINAL
1988-12-24,19.864,20.203,-0.339,FINAL
1988-12-25,19.863,20.207,-0.344,FINAL
1988-12-26,19.858,20.211,-0.353,FINAL
1988-12-27,19.849,20.216,-0.367,FINAL
1988-12-28,19.835,20.22,-0.385,FINAL
1988-12-29,19.818,20.224,-0.406,FINAL
1988-12-30,19.803,20.229,-0.426,FINAL
1988-12-31,19.795,20.233,-0.438,FINAL
1989-01-01,19.792,20.238,-0.445,FINAL
1989-01-02,19.798,20.242,-0.444,FINAL
1989-01-03,19.811,20.247,-0.436,FINAL
1989-01-04,19.826,20.252,-0.426,FINAL
1989-01-05,19.84,20.256,-0.416,FINAL
1989-01-06,19.857,20.261,-0.404,FINAL
1989-01-07,19.88,20.266,-0.386,FINAL
1989-01-08,19.912,20.271,-0.359,FINAL
1989-01-09,19.943,20.276,-0.333,FINAL
1989-01-10,19.961,20.281,-0.32,FINAL
1989-01-11,19.973,20.286,-0.313,FINAL
1989-01-12,19.982,20.291,-0.309,FINAL
1989-01-13,19.995,20.297,-0.302,FINAL
1989-01-14,20.004,20.302,-0.298,FINAL
1989-01-15,20.005,20.307,-0.302,FINAL
1989-01-16,20.003,20.313,-0.31,FINAL
1989-01-17,20.0,20.318,-0.318,FINAL
1989-01-18,20.004,20.324,-0.32,FINAL
1989-01-19,20.013,20.329,-0.316,FINAL
1989-01-20,20.026,20.335,-0.309,FINAL
1989-01-21,20.039,20.341,-0.302,FINAL
1989-01-22,20.049,20.346,-0.297,FINAL
1989-01-23,20.053,20.352,-0.299,FINAL
1989-01-24,20.048,20.358,-0.31,FINAL
1989-01-25,20.039,20.364,-0.325,FINAL
1989-01-26,20.03,20.37,-0.34,FINAL
1989-01-27,20.026,20.375,-0.35,FINAL
1989-01-28,20.031,20.381,-0.35,FINAL
1989-01-29,20.045,20.387,-0.341,FINAL
1989-01-30,20.063,20.392,-0.329,FINAL
1989-01-31,20.084,20.398,-0.314,FINAL
1989-02-01,20.106,20.404,-0.297,FINAL
1989-02-02,20.129,20.409,-0.28,FINAL
1989-02-03,20.146,20.415,-0.269,FINAL
1989-02-04,20.152,20.42,-0.268,FINAL
1989-02-05,20.153,20.425,-0.272,FINAL
1989-02-06,20.152,20.43,-0.279,FINAL
1989-02-07,20.151,20.436,-0.285,FINAL
1989-02-08,20.149,20.44,-0.291,FINAL
1989-02-09,20.147,20.445,-0.299,FINAL
1989-02-10,20.146,20.45,-0.305,FINAL
1989-02-11,20.149,20.455,-0.306,FINAL
1989-02-12,20.159,20.459,-0.3,FINAL
1989-02-13,20.174,20.463,-0.29,FINAL
1989-02-14,20.189,20.468,-0.279,FINAL
1989-02-15,20.204,20.472,-0.267,FINAL
1989-02-16,20.221,20.476,-0.255,FINAL
1989-02-17,20.233,20.48,-0.247,FINAL
1989-02-18,20.241,20.483,-0.242,FINAL
1989-02-19,20.245,20.487,-0.241,FINAL
1989-02-20,20.245,20.49,-0.245,FINAL
1989-02-21,20.238,20.493,-0.256,FINAL
1989-02-22,20.225,20.497,-0.272,FINAL
1989-02-23,20.209,20.5,-0.29,FINAL
1989-02-24,20.196,20.503,-0.307,FINAL
1989-02-25,20.186,20.505,-0.319,FINAL
1989-02-26,20.181,20.508,-0.327,FINAL
1989-02-27,20.179,20.51,-0.331,FINAL
1989-02-28,20.182,20.513,-0.33,FINAL
1989-03-01,20.192,20.515,-0.323,FINAL
1989-03-02,20.204,20.517,-0.313,FINAL
1989-03-03,20.218,20.52,-0.301,FINAL
1989-03-04,20.233,20.522,-0.289,FINAL
1989-03-05,20.243,20.523,-0.281,FINAL
1989-03-06,20.244,20.525,-0.282,FINAL
1989-03-07,20.241,20.527,-0.286,FINAL
1989-03-08,20.239,20.529,-0.289,FINAL
1989-03-09,20.244,20.53,-0.286,FINAL
1989-03-10,20.25,20.531,-0.282,FINAL
1989-03-11,20.251,20.533,-0.282,FINAL
1989-03-12,20.252,20.534,-0.282,FINAL
1989-03-13,20.26,20.535,-0.275,FINAL
1989-03-14,20.279,20.536,-0.257,FINAL
1989-03-15,20.303,20.537,-0.234,FINAL
1989-03-16,20.319,20.538,-0.219,FINAL
1989-03-17,20.331,20.538,-0.208,FINAL
1989-03-18,20.343,20.539,-0.196,FINAL
1989-03-19,20.36,20.539,-0.18,FINAL
1989-03-20,20.371,20.54,-0.168,FINAL
1989-03-21,20.369,20.54,-0.17,FINAL
1989-03-22,20.362,20.54,-0.178,FINAL
1989-03-23,20.355,20.54,-0.185,FINAL
1989-03-24,20.357,20.54,-0.183,FINAL
1989-03-25,20.367,20.539,-0.173,FINAL
1989-03-26,20.377,20.539,-0.162,FINAL
1989-03-27,20.387,20.538,-0.152,FINAL
1989-03-28,20.391,20.538,-0.147,FINAL
1989-03-29,20.388,20.537,-0.149,FINAL
1989-03-30,20.38,20.536,-0.156,FINAL
1989-03-31,20.372,20.535,-0.163,FINAL
1989-04-01,20.358,20.534,-0.176,FINAL
1989-04-02,20.34,20.532,-0.193,FINAL
1989-04-03,20.314,20.531,-0.217,FINAL
1989-04-04,20.29,20.529,-0.239,FINAL
1989-04-05,20.278,20.528,-0.25,FINAL
1989-04-06,20.271,20.526,-0.255,FINAL
1989-04-07,20.264,20.524,-0.26,FINAL
1989-04-08,20.249,20.522,-0.273,FINAL
1989-04-09,20.233,20.52,-0.286,FINAL
1989-04-10,20.226,20.517,-0.291,FINAL
1989-04-11,20.223,20.515,-0.292,FINAL
1989-04-12,20.222,20.513,-0.291,FINAL
1989-04-13,20.22,20.51,-0.29,FINAL
1989-04-14,20.218,20.508,-0.29,FINAL
1989-04-15,20.219,20.505,-0.286,FINAL
1989-04-16,20.219,20.502,-0.283,FINAL
1989-04-17,20.219,20.5,-0.28,FINAL
1989-04-18,20.218,20.497,-0.279,FINAL
1989-04-19,20.216,20.494,-0.278,FINAL
1989-04-20,20.214,20.491,-0.277,FINAL
1989-04-21,20.211,20.488,-0.277,FINAL
1989-04-22,20.206,20.485,-0.279,FINAL
1989-04-23,20.199,20.482,-0.283,FINAL
1989-04-24,20.19,20.479,-0.289,FINAL
1989-04-25,20.18,20.476,-0.295,FINAL
1989-04-26,20.172,20.473,-0.3,FINAL
1989-04-27,20.167,20.469,-0.302,FINAL
1989-04-28,20.166,20.466,-0.3,FINAL
1989-04-29,20.169,20.463,-0.294,FINAL
1989-04-30,20.172,20.46,-0.288,FINAL
1989-05-01,20.18,20.457,-0.277,FINAL
1989-05-02,20.185,20.453,-0.268,FINAL
1989-05-03,20.191,20.45,-0.259,FINAL
1989-05-04,20.193,20.447,-0.254,FINAL
1989-05-05,20.19,20.444,-0.253,FINAL
1989-05-06,20.185,20.441,-0.256,FINAL
1989-05-07,20.178,20.437,-0.26,FINAL
1989-05-08,20.173,20.434,-0.261,FINAL
1989-05-09,20.171,20.431,-0.26,FINAL
1989-05-10,20.172,20.428,-0.255,FINAL
1989-05-11,20.173,20.425,-0.252,FINAL
1989-05-12,20.169,20.421,-0.253,FINAL
1989-05-13,20.157,20.418,-0.262,FINAL
1989-05-14,20.139,20.415,-0.277,FINAL
1989-05-15,20.119,20.412,-0.293,FINAL
1989-05-16,20.105,20.409,-0.304,FINAL
1989-05-17,20.094,20.406,-0.312,FINAL
1989-05-18,20.09,20.403,-0.313,FINAL
1989-05-19,20.095,20.4,-0.305,FINAL
1989-05-20,20.107,20.397,-0.29,FINAL
1989-05-21,20.122,20.394,-0.272,FINAL
1989-05-22,20.136,20.392,-0.255,FINAL
1989-05-23,20.145,20.389,-0.243,FINAL
1989-05-24,20.146,20.386,-0.24,FINAL
1989-05-25,20.14,20.383,-0.244,FINAL
1989-05-26,20.127,20.381,-0.254,FINAL
1989-05-27,20.11,20.378,-0.269,FINAL
1989-05-28,20.089,20.376,-0.287,FINAL
1989-05-29,20.069,20.374,-0.304,FINAL
1989-05-30,20.055,20.371,-0.316,FINAL
1989-05-31,20.045,20.369,-0.324,FINAL
1989-06-01,20.045,20.367,-0.322,FINAL
1989-06-02,20.045,20.365,-0.32,FINAL
1989-06-03,20.053,20.363,-0.311,FINAL
1989-06-04,20.064,20.361,-0.298,FINAL
1989-06-05,20.078,20.36,-0.282,FINAL
1989-06-06,20.088,20.358,-0.27,FINAL
1989-06-07,20.093,20.357,-0.264,FINAL
1989-06-08,20.087,20.355,-0.268,FINAL
1989-06-09,20.072,20.354,-0.282,FINAL
1989-06-10,20.054,20.353,-0.299,FINAL
1989-06-11,20.039,20.352,-0.313,FINAL
1989-06-12,20.032,20.351,-0.319,FINAL
1989-06-13,20.036,20.35,-0.314,FINAL
1989-06-14,20.045,20.349,-0.304,FINAL
1989-06-15,20.057,20.349,-0.291,FINAL
1989-06-16,20.07,20.348,-0.278,FINAL
1989-06-17,20.077,20.348,-0.27,FINAL
1989-06-18,20.078,20.347,-0.27,FINAL
1989-06-19,20.069,20.347,-0.278,FINAL
1989-06-20,20.058,20.347,-0.289,FINAL
1989-06-21,20.05,20.347,-0.297,FINAL
1989-06-22,20.051,20.347,-0.297,FINAL
1989-06-23,20.058,20.348,-0.29,FINAL
1989-06-24,20.067,20.348,-0.281,FINAL
1989-06-25,20.077,20.348,-0.271,FINAL
1989-06-26,20.088,20.349,-0.26,FINAL
1989-06-27,20.1,20.349,-0.25,FINAL
1989-06-28,20.106,20.35,-0.244,FINAL
1989-06-29,20.105,20.351,-0.246,FINAL
1989-06-30,20.1,20.352,-0.252,FINAL
1989-07-01,20.096,20.353,-0.257,FINAL
1989-07-02,20.097,20.354,-0.257,FINAL
1989-07-03,20.099,20.355,-0.256,FINAL
1989-07-04,20.101,20.356,-0.255,FINAL
1989-07-05,20.104,20.358,-0.254,FINAL
1989-07-06,20.109,20.359,-0.25,FINAL
1989-07-07,20.119,20.36,-0.241,FINAL
1989-07-08,20.131,20.362,-0.231,FINAL
1989-07-09,20.139,20.363,-0.224,FINAL
1989-07-10,20.145,20.365,-0.22,FINAL
1989-07-11,20.151,20.367,-0.216,FINAL
1989-07-12,20.154,20.369,-0.215,FINAL
1989-07-13,20.155,20.37,-0.216,FINAL
1989-07-14,20.154,20.372,-0.218,FINAL
1989-07-15,20.15,20.374,-0.224,FINAL
1989-07-16,20.148,20.376,-0.229,FINAL
1989-07-17,20.14,20.378,-0.238,FINAL
1989-07-18,20.135,20.38,-0.246,FINAL
1989-07-19,20.134,20.383,-0.249,FINAL
1989-07-20,20.134,20.385,-0.25,FINAL
1989-07-21,20.135,20.387,-0.252,FINAL
1989-07-22,20.134,20.389,-0.255,FINAL
1989-07-23,20.132,20.391,-0.26,FINAL
1989-07-24,20.132,20.394,-0.262,FINAL
1989-07-25,20.133,20.396,-0.263,FINAL
1989-07-26,20.136,20.398,-0.262,FINAL
1989-07-27,20.14,20.401,-0.261,FINAL
1989-07-28,20.146,20.403,-0.257,FINAL
1989-07-29,20.151,20.405,-0.254,FINAL
1989-07-30,20.156,20.407,-0.251,FINAL
1989-07-31,20.162,20.41,-0.248,FINAL
1989-08-01,20.165,20.412,-0.247,FINAL
1989-08-02,20.167,20.414,-0.247,FINAL
1989-08-03,20.166,20.416,-0.25,FINAL
1989-08-04,20.163,20.418,-0.255,FINAL
1989-08-05,20.163,20.42,-0.257,FINAL
1989-08-06,20.168,20.422,-0.254,FINAL
1989-08-07,20.176,20.424,-0.248,FINAL
1989-08-08,20.185,20.426,-0.241,FINAL
1989-08-09,20.193,20.427,-0.234,FINAL
1989-08-10,20.202,20.429,-0.227,FINAL
1989-08-11,20.211,20.43,-0.219,FINAL
1989-08-12,20.221,20.431,-0.211,FINAL
1989-08-13,20.228,20.432,-0.204,FINAL
1989-08-14,20.232,20.433,-0.201,FINAL
1989-08-15,20.229,20.434,-0.205,FINAL
1989-08-16,20.224,20.435,-0.21,FINAL
1989-08-17,20.209,20.435,-0.227,FINAL
1989-08-18,20.194,20.436,-0.242,FINAL
1989-08-19,20.181,20.436,-0.255,FINAL
1989-08-20,20.169,20.436,-0.267,FINAL
1989-08-21,20.159,20.436,-0.276,FINAL
1989-08-22,20.155,20.435,-0.28,FINAL
1989-08-23,20.16,20.434,-0.274,FINAL
1989-08-24,20.17,20.433,-0.263,FINAL
1989-08-25,20.182,20.432,-0.251,FINAL
1989-08-26,20.191,20.431,-0.24,FINAL
1989-08-27,20.195,20.429,-0.234,FINAL
1989-08-28,20.197,20.428,-0.23,FINAL
1989-08-29,20.196,20.426,-0.23,FINAL
1989-08-30,20.19,20.423,-0.233,FINAL
1989-08-31,20.182,20.421,-0.239,FINAL
1989-09-01,20.172,20.418,-0.246,FINAL
1989-09-02,20.163,20.415,-0.252,FINAL
1989-09-03,20.154,20.412,-0.258,FINAL
1989-09-04,20.146,20.409,-0.263,FINAL
1989-09-05,20.137,20.405,-0.268,FINAL
1989-09-06,20.133,20.401,-0.269,FINAL
1989-09-07,20.132,20.397,-0.265,FINAL
1989-09-08,20.134,20.393,-0.259,FINAL
1989-09-09,20.135,20.389,-0.253,FINAL
1989-09-10,20.132,20.384,-0.252,FINAL
1989-09-11,20.126,20.379,-0.254,FINAL
1989-09-12,20.118,20.375,-0.257,FINAL
1989-09-13,20.11,20.37,-0.26,FINAL
1989-09-14,20.104,20.364,-0.261,FINAL
1989-09-15,20.1,20.359,-0.259,FINAL
1989-09-16,20.099,20.354,-0.255,FINAL
1989-09-17,20.099,20.348,-0.25,FINAL
1989-09-18,20.1,20.343,-0.243,FINAL
1989-09-19,20.102,20.337,-0.235,FINAL
1989-09-20,20.106,20.331,-0.225,FINAL
1989-09-21,20.11,20.326,-0.216,FINAL
1989-09-22,20.112,20.32,-0.208,FINAL
1989-09-23,20.111,20.314,-0.203,FINAL
1989-09-24,20.106,20.308,-0.203,FINAL
1989-09-25,20.095,20.303,-0.207,FINAL
1989-09-26,20.084,20.297,-0.213,FINAL
1989-09-27,20.075,20.291,-0.216,FINAL
1989-09-28,20.065,20.286,-0.221,FINAL
1989-09-29,20.05,20.28,-0.23,FINAL
1989-09-30,20.025,20.274,-0.249,FINAL
1989-10-01,19.999,20.269,-0.269,FINAL
1989-10-02,19.982,20.264,-0.282,FINAL
1989-10-03,19.969,20.258,-0.289,FINAL
1989-10-04,19.959,20.253,-0.294,FINAL
1989-10-05,19.947,20.248,-0.301,FINAL
1989-10-06,19.94,20.243,-0.303,FINAL
1989-10-07,19.94,20.238,-0.299,FINAL
1989-10-08,19.944,20.233,-0.29,FINAL
1989-10-09,19.948,20.229,-0.281,FINAL
1989-10-10,19.946,20.224,-0.278,FINAL
1989-10-11,19.94,20.22,-0.28,FINAL
1989-10-12,19.931,20.216,-0.284,FINAL
1989-10-13,19.922,20.211,-0.29,FINAL
1989-10-14,19.911,20.207,-0.296,FINAL
1989-10-15,19.899,20.203,-0.304,FINAL
1989-10-16,19.89,20.199,-0.309,FINAL
1989-10-17,19.886,20.196,-0.31,FINAL
1989-10-18,19.88,20.192,-0.312,FINAL
1989-10-19,19.876,20.189,-0.313,FINAL
1989-10-20,19.867,20.185,-0.318,FINAL
1989-10-21,19.854,20.182,-0.327,FINAL
1989-10-22,19.843,20.178,-0.336,FINAL
1989-10-23,19.833,20.175,-0.342,FINAL
1989-10-24,19.826,20.172,-0.346,FINAL
1989-10-25,19.822,20.169,-0.347,FINAL
1989-10-26,19.821,20.166,-0.345,FINAL
1989-10-27,19.823,20.163,-0.34,FINAL
1989-10-28,19.827,20.16,-0.333,FINAL
1989-10-29,19.833,20.157,-0.324,FINAL
1989-10-30,19.842,20.154,-0.313,FINAL
1989-10-31,19.848,20.152,-0.304,FINAL
1989-11-01,19.848,20.149,-0.301,FINAL
1989-11-02,19.846,20.146,-0.3,FINAL
1989-11-03,19.844,20.144,-0.3,FINAL
1989-11-04,19.846,20.142,-0.296,FINAL
1989-11-05,19.846,20.139,-0.293,FINAL
1989-11-06,19.844,20.137,-0.293,FINAL
1989-11-07,19.84,20.135,-0.294,FINAL
1989-11-08,19.84,20.133,-0.293,FINAL
1989-11-09,19.845,20.131,-0.286,FINAL
1989-11-10,19.852,20.129,-0.276,FINAL
1989-11-11,19.858,20.127,-0.269,FINAL
1989-11-12,19.864,20.125,-0.262,FINAL
1989-11-13,19.869,20.124,-0.255,FINAL
1989-11-14,19.875,20.123,-0.248,FINAL
1989-11-15,19.879,20.121,-0.242,FINAL
1989-11-16,19.881,20.12,-0.239,FINAL
1989-11-17,19.878,20.119,-0.241,FINAL
1989-11-18,19.873,20.119,-0.245,FINAL
1989-11-19,19.866,20.118,-0.252,FINAL
1989-11-20,19.857,20.118,-0.26,FINAL
1989-11-21,19.849,20.117,-0.269,FINAL
1989-11-22,19.842,20.117,-0.275,FINAL
1989-11-23,19.837,20.117,-0.28,FINAL
1989-11-24,19.837,20.118,-0.281,FINAL
1989-11-25,19.837,20.118,-0.281,FINAL
1989-11-26,19.839,20.119,-0.28,FINAL
1989-11-27,19.844,20.12,-0.276,FINAL
1989-11-28,19.855,20.121,-0.266,FINAL
1989-11-29,19.875,20.123,-0.248,FINAL
1989-11-30,19.896,20.124,-0.228,FINAL
1989-12-01,19.911,20.126,-0.215,FINAL
1989-12-02,19.923,20.128,-0.205,FINAL
1989-12-03,19.933,20.13,-0.196,FINAL
1989-12-04,19.945,20.132,-0.188,FINAL
1989-12-05,19.951,20.135,-0.183,FINAL
1989-12-06,19.95,20.137,-0.187,FINAL
1989-12-07,19.944,20.14,-0.196,FINAL
1989-12-08,19.938,20.143,-0.205,FINAL
1989-12-09,19.936,20.146,-0.21,FINAL
1989-12-10,19.94,20.149,-0.209,FINAL
1989-12-11,19.949,20.152,-0.203,FINAL
1989-12-12,19.958,20.156,-0.197,FINAL
1989-12-13,19.965,20.159,-0.195,FINAL
1989-12-14,19.964,20.163,-0.199,FINAL
1989-12-15,19.959,20.167,-0.207,FINAL
1989-12-16,19.955,20.17,-0.215,FINAL
1989-12-17,19.951,20.174,-0.223,FINAL
1989-12-18,19.947,20.178,-0.231,FINAL
1989-12-19,19.934,20.182,-0.248,FINAL
1989-12-20,19.917,20.186,-0.269,FINAL
1989-12-21,19.906,20.19,-0.284,FINAL
1989-12-22,19.9,20.194,-0.294,FINAL
1989-12-23,19.904,20.198,-0.295,FINAL
1989-12-24,19.919,20.203,-0.283,FINAL
1989-12-25,19.944,20.207,-0.263,FINAL
1989-12-26,19.971,20.211,-0.241,FINAL
1989-12-27,19.999,20.216,-0.216,FINAL
1989-12-28,20.025,20.22,-0.195,FINAL
1989-12-29,20.046,20.224,-0.179,FINAL
1989-12-30,20.054,20.229,-0.175,FINAL
1989-12-31,20.05,20.233,-0.183,FINAL
1990-01-01,20.037,20.238,-0.201,FINAL
1990-01-02,20.023,20.242,-0.22,FINAL
1990-01-03,20.01,20.247,-0.237,FINAL
1990-01-04,20.005,20.252,-0.247,FINAL
1990-01-05,20.009,20.256,-0.247,FINAL
1990-01-06,20.017,20.261,-0.244,FINAL
1990-01-07,20.027,20.266,-0.239,FINAL
1990-01-08,20.033,20.271,-0.238,FINAL
1990-01-09,20.037,20.276,-0.239,FINAL
1990-01-10,20.041,20.281,-0.241,FINAL
1990-01-11,20.045,20.286,-0.241,FINAL
1990-01-12,20.05,20.291,-0.241,FINAL
1990-01-13,20.056,20.297,-0.24,FINAL
1990-01-14,20.064,20.302,-0.237,FINAL
1990-01-15,20.074,20.307,-0.233,FINAL
1990-01-16,20.085,20.313,-0.228,FINAL
1990-01-17,20.092,20.318,-0.227,FINAL
1990-01-18,20.095,20.324,-0.228,FINAL
1990-01-19,20.093,20.329,-0.236,FINAL
1990-01-20,20.088,20.335,-0.247,FINAL
1990-01-21,20.084,20.341,-0.257,FINAL
1990-01-22,20.083,20.346,-0.264,FINAL
1990-01-23,20.088,20.352,-0.264,FINAL
1990-01-24,20.099,20.358,-0.259,FINAL
1990-01-25,20.113,20.364,-0.25,FINAL
1990-01-26,20.129,20.37,-0.24,FINAL
1990-01-27,20.146,20.375,-0.23,FINAL
1990-01-28,20.162,20.381,-0.219,FINAL
1990-01-29,20.171,20.387,-0.215,FINAL
1990-01-30,20.172,20.392,-0.221,FINAL
1990-01-31,20.169,20.398,-0.229,FINAL
1990-02-01,20.17,20.404,-0.234,FINAL
1990-02-02,20.178,20.409,-0.231,FINAL
1990-02-03,20.189,20.415,-0.226,FINAL
1990-02-04,20.196,20.42,-0.224,FINAL
1990-02-05,20.205,20.425,-0.22,FINAL
1990-02-06,20.22,20.43,-0.211,FINAL
1990-02-07,20.244,20.436,-0.191,FINAL
1990-02-08,20.27,20.44,-0.171,FINAL
1990-02-09,20.287,20.445,-0.159,FINAL
1990-02-10,20.299,20.45,-0.151,FINAL
1990-02-11,20.311,20.455,-0.144,FINAL
1990-02-12,20.327,20.459,-0.132,FINAL
1990-02-13,20.336,20.463,-0.127,FINAL
1990-02-14,20.336,20.468,-0.132,FINAL
1990-02-15,20.33,20.472,-0.141,FINAL
1990-02-16,20.33,20.476,-0.146,FINAL
1990-02-17,20.336,20.48,-0.144,FINAL
1990-02-18,20.349,20.483,-0.134,FINAL
1990-02-19,20.363,20.487,-0.124,FINAL
1990-02-20,20.376,20.49,-0.115,FINAL
1990-02-21,20.388,20.493,-0.105,FINAL
1990-02-22,20.401,20.497,-0.095,FINAL
1990-02-23,20.412,20.5,-0.087,FINAL
1990-02-24,20.418,20.503,-0.084,FINAL
1990-02-25,20.419,20.505,-0.086,FINAL
1990-02-26,20.414,20.508,-0.094,FINAL
1990-02-27,20.406,20.51,-0.105,FINAL
1990-02-28,20.399,20.513,-0.114,FINAL
1990-03-01,20.394,20.515,-0.121,FINAL
1990-03-02,20.39,20.517,-0.127,FINAL
1990-03-03,20.384,20.52,-0.136,FINAL
1990-03-04,20.37,20.522,-0.152,FINAL
1990-03-05,20.359,20.523,-0.165,FINAL
1990-03-06,20.358,20.525,-0.167,FINAL
1990-03-07,20.36,20.527,-0.167,FINAL
1990-03-08,20.358,20.529,-0.171,FINAL
1990-03-09,20.347,20.53,-0.183,FINAL
1990-03-10,20.333,20.531,-0.198,FINAL
1990-03-11,20.322,20.533,-0.21,FINAL
1990-03-12,20.317,20.534,-0.217,FINAL
1990-03-13,20.312,20.535,-0.223,FINAL
1990-03-14,20.307,20.536,-0.229,FINAL
1990-03-15,20.304,20.537,-0.233,FINAL
1990-03-16,20.304,20.538,-0.234,FINAL
1990-03-17,20.308,20.538,-0.23,FINAL
1990-03-18,20.316,20.539,-0.223,FINAL
1990-03-19,20.326,20.539,-0.213,FINAL
1990-03-20,20.336,20.54,-0.204,FINAL
1990-03-21,20.342,20.54,-0.198,FINAL
1990-03-22,20.346,20.54,-0.194,FINAL
1990-03-23,20.35,20.54,-0.19,FINAL
1990-03-24,20.353,20.54,-0.186,FINAL
1990-03-25,20.35,20.539,-0.19,FINAL
1990-03-26,20.337,20.539,-0.202,FINAL
1990-03-27,20.325,20.538,-0.214,FINAL
1990-03-28,20.322,20.538,-0.216,FINAL
1990-03-29,20.339,20.537,-0.198,FINAL
1990-03-30,20.367,20.536,-0.169,FINAL
1990-03-31,20.394,20.535,-0.141,FINAL
1990-04-01,20.416,20.534,-0.118,FINAL
1990-04-02,20.44,20.532,-0.093,FINAL
1990-04-03,20.464,20.531,-0.067,FINAL
1990-04-04,20.478,20.529,-0.051,FINAL
1990-04-05,20.475,20.528,-0.053,FINAL
1990-04-06,20.461,20.526,-0.065,FINAL
1990-04-07,20.443,20.524,-0.08,FINAL
1990-04-08,20.43,20.522,-0.092,FINAL
1990-04-09,20.424,20.52,-0.096,FINAL
1990-04-10,20.423,20.517,-0.095,FINAL
1990-04-11,20.423,20.515,-0.092,FINAL
1990-04-12,20.422,20.513,-0.09,FINAL
1990-04-13,20.418,20.51,-0.092,FINAL
1990-04-14,20.412,20.508,-0.096,FINAL
1990-04-15,20.411,20.505,-0.095,FINAL
1990-04-16,20.406,20.502,-0.096,FINAL
1990-04-17,20.399,20.5,-0.1,FINAL
1990-04-18,20.391,20.497,-0.106,FINAL
1990-04-19,20.381,20.494,-0.113,FINAL
1990-04-20,20.372,20.491,-0.119,FINAL
1990-04-21,20.365,20.488,-0.123,FINAL
1990-04-22,20.361,20.485,-0.124,FINAL
1990-04-23,20.359,20.482,-0.123,FINAL
1990-04-24,20.36,20.479,-0.119,FINAL
1990-04-25,20.36,20.476,-0.116,FINAL
1990-04-26,20.361,20.473,-0.112,FINAL
1990-04-27,20.366,20.469,-0.103,FINAL
1990-04-28,20.377,20.466,-0.089,FINAL
1990-04-29,20.39,20.463,-0.073,FINAL
1990-04-30,20.397,20.46,-0.063,FINAL
1990-05-01,20.404,20.457,-0.052,FINAL
1990-05-02,20.406,20.453,-0.047,FINAL
1990-05-03,20.409,20.45,-0.041,FINAL
1990-05-04,20.407,20.447,-0.04,FINAL
1990-05-05,20.399,20.444,-0.045,FINAL
1990-05-06,20.389,20.441,-0.051,FINAL
1990-05-07,20.379,20.437,-0.058,FINAL
1990-05-08,20.372,20.434,-0.062,FINAL
1990-05-09,20.372,20.431,-0.059,FINAL
1990-05-10,20.374,20.428,-0.053,FINAL
1990-05-11,20.377,20.425,-0.047,FINAL
1990-05-12,20.378,20.421,-0.043,FINAL
1990-05-13,20.373,20.418,-0.045,FINAL
1990-05-14,20.365,20.415,-0.05,FINAL
1990-05-15,20.356,20.412,-0.057,FINAL
1990-05-16,20.349,20.409,-0.06,FINAL
1990-05-17,20.337,20.406,-0.069,FINAL
1990-05-18,20.323,20.403,-0.08,FINAL
1990-05-19,20.309,20.4,-0.091,FINAL
1990-05-20,20.299,20.397,-0.098,FINAL
1990-05-21,20.293,20.394,-0.101,FINAL
1990-05-22,20.29,20.392,-0.102,FINAL
1990-05-23,20.289,20.389,-0.1,FINAL
1990-05-24,20.291,20.386,-0.095,FINAL
1990-05-25,20.297,20.383,-0.087,FINAL
1990-05-26,20.303,20.381,-0.077,FINAL
1990-05-27,20.306,20.378,-0.073,FINAL
1990-05-28,20.301,20.376,-0.075,FINAL
1990-05-29,20.292,20.374,-0.082,FINAL
1990-05-30,20.282,20.371,-0.089,FINAL
1990-05-31,20.27,20.369,-0.099,FINAL
1990-06-01,20.261,20.367,-0.107,FINAL
1990-06-02,20.238,20.365,-0.127,FINAL
1990-06-03,20.218,20.363,-0.145,FINAL
1990-06-04,20.207,20.361,-0.154,FINAL
1990-06-05,20.202,20.36,-0.158,FINAL
1990-06-06,20.196,20.358,-0.162,FINAL
1990-06-07,20.185,20.357,-0.171,FINAL
1990-06-08,20.175,20.355,-0.18,FINAL
1990-06-09,20.171,20.354,-0.183,FINAL
1990-06-10,20.171,20.353,-0.182,FINAL
1990-06-11,20.17,20.352,-0.181,FINAL
1990-06-12,20.168,20.351,-0.182,FINAL
1990-06-13,20.166,20.35,-0.184,FINAL
1990-06-14,20.165,20.349,-0.184,FINAL
1990-06-15,20.165,20.349,-0.184,FINAL
1990-06-16,20.164,20.348,-0.184,FINAL
1990-06-17,20.16,20.348,-0.188,FINAL
1990-06-18,20.153,20.347,-0.194,FINAL
1990-06-19,20.148,20.347,-0.199,FINAL
1990-06-20,20.143,20.347,-0.204,FINAL
1990-06-21,20.138,20.347,-0.209,FINAL
1990-06-22,20.135,20.347,-0.212,FINAL
1990-06-23,20.132,20.348,-0.216,FINAL
1990-06-24,20.132,20.348,-0.216,FINAL
1990-06-25,20.133,20.348,-0.216,FINAL
1990-06-26,20.136,20.349,-0.213,FINAL
1990-06-27,20.141,20.349,-0.209,FINAL
1990-06-28,20.145,20.35,-0.205,FINAL
1990-06-29,20.147,20.351,-0.204,FINAL
1990-06-30,20.149,20.352,-0.202,FINAL
1990-07-01,20.153,20.353,-0.199,FINAL
1990-07-02,20.157,20.354,-0.197,FINAL
1990-07-03,20.159,20.355,-0.196,FINAL
1990-07-04,20.16,20.356,-0.196,FINAL
1990-07-05,20.159,20.358,-0.198,FINAL
1990-07-06,20.16,20.359,-0.199,FINAL
1990-07-07,20.162,20.36,-0.198,FINAL
1990-07-08,20.164,20.362,-0.198,FINAL
1990-07-09,20.163,20.363,-0.2,FINAL
1990-07-10,20.163,20.365,-0.202,FINAL
1990-07-11,20.167,20.367,-0.2,FINAL
1990-07-12,20.176,20.369,-0.192,FINAL
1990-07-13,20.189,20.37,-0.182,FINAL
1990-07-14,20.199,20.372,-0.174,FINAL
1990-07-15,20.207,20.374,-0.167,FINAL
1990-07-16,20.217,20.376,-0.159,FINAL
1990-07-17,20.228,20.378,-0.151,FINAL
1990-07-18,20.234,20.38,-0.146,FINAL
1990-07-19,20.234,20.383,-0.149,FINAL
1990-07-20,20.231,20.385,-0.153,FINAL
1990-07-21,20.231,20.387,-0.156,FINAL
1990-07-22,20.236,20.389,-0.153,FINAL
1990-07-23,20.246,20.391,-0.145,FINAL
1990-07-24,20.255,20.394,-0.139,FINAL
1990-07-25,20.264,20.396,-0.132,FINAL
1990-07-26,20.273,20.398,-0.125,FINAL
1990-07-27,20.283,20.401,-0.118,FINAL
1990-07-28,20.288,20.403,-0.115,FINAL
1990-07-29,20.287,20.405,-0.118,FINAL
1990-07-30,20.286,20.407,-0.121,FINAL
1990-07-31,20.284,20.41,-0.125,FINAL
1990-08-01,20.286,20.412,-0.126,FINAL
1990-08-02,20.29,20.414,-0.124,FINAL
1990-08-03,20.296,20.416,-0.12,FINAL
1990-08-04,20.301,20.418,-0.117,FINAL
1990-08-05,20.306,20.42,-0.114,FINAL
1990-08-06,20.31,20.422,-0.112,FINAL
1990-08-07,20.311,20.424,-0.113,FINAL
1990-08-08,20.31,20.426,-0.116,FINAL
1990-08-09,20.308,20.427,-0.119,FINAL
1990-08-10,20.306,20.429,-0.123,FINAL
1990-08-11,20.304,20.43,-0.126,FINAL
1990-08-12,20.304,20.431,-0.128,FINAL
1990-08-13,20.306,20.432,-0.126,FINAL
1990-08-14,20.309,20.433,-0.124,FINAL
1990-08-15,20.312,20.434,-0.123,FINAL
1990-08-16,20.31,20.435,-0.124,FINAL
1990-08-17,20.306,20.435,-0.129,FINAL
1990-08-18,20.302,20.436,-0.133,FINAL
1990-08-19,20.299,20.436,-0.137,FINAL
1990-08-20,20.296,20.436,-0.14,FINAL
1990-08-21,20.292,20.436,-0.143,FINAL
1990-08-22,20.29,20.435,-0.145,FINAL
1990-08-23,20.291,20.434,-0.143,FINAL
1990-08-24,20.294,20.433,-0.14,FINAL
1990-08-25,20.296,20.432,-0.137,FINAL
1990-08-26,20.293,20.431,-0.138,FINAL
1990-08-27,20.287,20.429,-0.142,FINAL
1990-08-28,20.28,20.428,-0.148,FINAL
1990-08-29,20.274,20.426,-0.152,FINAL
1990-08-30,20.271,20.423,-0.152,FINAL
1990-08-31,20.273,20.421,-0.148,FINAL
1990-09-01,20.279,20.418,-0.139,FINAL
1990-09-02,20.286,20.415,-0.129,FINAL
1990-09-03,20.294,20.412,-0.118,FINAL
1990-09-04,20.303,20.409,-0.106,FINAL
1990-09-05,20.309,20.405,-0.096,FINAL
1990-09-06,20.311,20.401,-0.091,FINAL
1990-09-07,20.305,20.397,-0.092,FINAL
1990-09-08,20.296,20.393,-0.097,FINAL
1990-09-09,20.289,20.389,-0.1,FINAL
1990-09-10,20.285,20.384,-0.099,FINAL
1990-09-11,20.284,20.379,-0.095,FINAL
1990-09-12,20.284,20.375,-0.09,FINAL
1990-09-13,20.285,20.37,-0.084,FINAL
1990-09-14,20.287,20.364,-0.077,FINAL
1990-09-15,20.292,20.359,-0.067,FINAL
1990-09-16,20.297,20.354,-0.057,FINAL
1990-09-17,20.296,20.348,-0.052,FINAL
1990-09-18,20.294,20.343,-0.049,FINAL
1990-09-19,20.292,20.337,-0.045,FINAL
1990-09-20,20.291,20.331,-0.041,FINAL
1990-09-21,20.287,20.326,-0.038,FINAL
1990-09-22,20.281,20.32,-0.039,FINAL
1990-09-23,20.274,20.314,-0.04,FINAL
1990-09-24,20.269,20.308,-0.039,FINAL
1990-09-25,20.266,20.303,-0.036,FINAL
1990-09-26,20.267,20.297,-0.03,FINAL
1990-09-27,20.268,20.291,-0.023,FINAL
1990-09-28,20.269,20.286,-0.016,FINAL
1990-09-29,20.268,20.28,-0.012,FINAL
1990-09-30,20.263,20.274,-0.012,FINAL
1990-10-01,20.253,20.269,-0.016,FINAL
1990-10-02,20.242,20.264,-0.021,FINAL
1990-10-03,20.23,20.258,-0.029,FINAL
1990-10-04,20.218,20.253,-0.036,FINAL
1990-10-05,20.207,20.248,-0.041,FINAL
1990-10-06,20.202,20.243,-0.041,FINAL
1990-10-07,20.2,20.238,-0.038,FINAL
1990-10-08,20.202,20.233,-0.031,FINAL
1990-10-09,20.203,20.229,-0.026,FINAL
1990-10-10,20.202,20.224,-0.022,FINAL
1990-10-11,20.197,20.22,-0.023,FINAL
1990-10-12,20.189,20.216,-0.026,FINAL
1990-10-13,20.181,20.211,-0.031,FINAL
1990-10-14,20.174,20.207,-0.034,FINAL
1990-10-15,20.17,20.203,-0.033,FINAL
1990-10-16,20.168,20.199,-0.031,FINAL
1990-10-17,20.167,20.196,-0.029,FINAL
1990-10-18,20.162,20.192,-0.03,FINAL
1990-10-19,20.164,20.189,-0.024,FINAL
1990-10-20,20.172,20.185,-0.013,FINAL
1990-10-21,20.182,20.182,0.0,FINAL
1990-10-22,20.19,20.178,0.011,FINAL
1990-10-23,20.194,20.175,0.019,FINAL
1990-10-24,20.193,20.172,0.021,FINAL
1990-10-25,20.185,20.169,0.016,FINAL
1990-10-26,20.171,20.166,0.005,FINAL
1990-10-27,20.155,20.163,-0.008,FINAL
1990-10-28,20.137,20.16,-0.023,FINAL
1990-10-29,20.12,20.157,-0.037,FINAL
1990-10-30,20.104,20.154,-0.05,FINAL
1990-10-31,20.096,20.152,-0.055,FINAL
1990-11-01,20.098,20.149,-0.051,FINAL
1990-11-02,20.104,20.146,-0.042,FINAL
1990-11-03,20.11,20.144,-0.034,FINAL
1990-11-04,20.111,20.142,-0.03,FINAL
1990-11-05,20.11,20.139,-0.03,FINAL
1990-11-06,20.108,20.137,-0.029,FINAL
1990-11-07,20.103,20.135,-0.032,FINAL
1990-11-08,20.095,20.133,-0.037,FINAL
1990-11-09,20.082,20.131,-0.049,FINAL
1990-11-10,20.069,20.129,-0.06,FINAL
1990-11-11,20.061,20.127,-0.066,FINAL
1990-11-12,20.055,20.125,-0.07,FINAL
1990-11-13,20.048,20.124,-0.076,FINAL
1990-11-14,20.037,20.123,-0.086,FINAL
1990-11-15,20.026,20.121,-0.095,FINAL
1990-11-16,20.023,20.12,-0.097,FINAL
1990-11-17,20.02,20.119,-0.099,FINAL
1990-11-18,20.02,20.119,-0.098,FINAL
1990-11-19,20.018,20.118,-0.1,FINAL
1990-11-20,20.013,20.118,-0.104,FINAL
1990-11-21,20.011,20.117,-0.106,FINAL
1990-11-22,20.01,20.117,-0.107,FINAL
1990-11-23,20.011,20.117,-0.106,FINAL
1990-11-24,20.013,20.118,-0.105,FINAL
1990-11-25,20.015,20.118,-0.104,FINAL
1990-11-26,20.015,20.119,-0.104,FINAL
1990-11-27,20.017,20.12,-0.103,FINAL
1990-11-28,20.022,20.121,-0.099,FINAL
1990-11-29,20.032,20.123,-0.091,FINAL
1990-11-30,20.041,20.124,-0.083,FINAL
1990-12-01,20.044,20.126,-0.082,FINAL
1990-12-02,20.049,20.128,-0.079,FINAL
1990-12-03,20.057,20.13,-0.073,FINAL
1990-12-04,20.071,20.132,-0.061,FINAL
1990-12-05,20.088,20.135,-0.047,FINAL
1990-12-06,20.099,20.137,-0.038,FINAL
1990-12-07,20.108,20.14,-0.032,FINAL
1990-12-08,20.114,20.143,-0.029,FINAL
1990-12-09,20.119,20.146,-0.027,FINAL
1990-12-10,20.121,20.149,-0.028,FINAL
1990-12-11,20.118,20.152,-0.035,FINAL
1990-12-12,20.113,20.156,-0.043,FINAL
1990-12-13,20.108,20.159,-0.051,FINAL
1990-12-14,20.105,20.163,-0.057,FINAL
1990-12-15,20.108,20.167,-0.058,FINAL
1990-12-16,20.114,20.17,-0.057,FINAL
1990-12-17,20.121,20.174,-0.053,FINAL
1990-12-18,20.129,20.178,-0.049,FINAL
1990-12-19,20.135,20.182,-0.047,FINAL
1990-12-20,20.14,20.186,-0.046,FINAL
1990-12-21,20.144,20.19,-0.047,FINAL
1990-12-22,20.146,20.194,-0.048,FINAL
1990-12-23,20.148,20.198,-0.051,FINAL
1990-12-24,20.148,20.203,-0.055,FINAL
1990-12-25,20.146,20.207,-0.061,FINAL
1990-12-26,20.143,20.211,-0.068,FINAL
1990-12-27,20.142,20.216,-0.074,FINAL
1990-12-28,20.145,20.22,-0.075,FINAL
1990-12-29,20.156,20.224,-0.068,FINAL
1990-12-30,20.172,20.229,-0.056,FINAL
1990-12-31,20.189,20.233,-0.044,FINAL
1991-01-01,20.204,20.238,-0.034,FINAL
1991-01-02,20.22,20.242,-0.022,FINAL
1991-01-03,20.235,20.247,-0.012,FINAL
1991-01-04,20.24,20.252,-0.011,FINAL
1991-01-05,20.236,20.256,-0.02,FINAL
1991-01-06,20.229,20.261,-0.033,FINAL
1991-01-07,20.225,20.266,-0.041,FINAL
1991-01-08,20.233,20.271,-0.038,FINAL
1991-01-09,20.252,20.276,-0.024,FINAL
1991-01-10,20.274,20.281,-0.007,FINAL
1991-01-11,20.296,20.286,0.01,FINAL
1991-01-12,20.315,20.291,0.024,FINAL
1991-01-13,20.327,20.297,0.031,FINAL
1991-01-14,20.329,20.302,0.027,FINAL
1991-01-15,20.322,20.307,0.015,FINAL
1991-01-16,20.313,20.313,-0.0,FINAL
1991-01-17,20.302,20.318,-0.016,FINAL
1991-01-18,20.296,20.324,-0.028,FINAL
1991-01-19,20.297,20.329,-0.032,FINAL
1991-01-20,20.306,20.335,-0.029,FINAL
1991-01-21,20.319,20.341,-0.022,FINAL
1991-01-22,20.334,20.346,-0.013,FINAL
1991-01-23,20.348,20.352,-0.004,FINAL
1991-01-24,20.359,20.358,0.001,FINAL
1991-01-25,20.367,20.364,0.003,FINAL
1991-01-26,20.372,20.37,0.002,FINAL
1991-01-27,20.375,20.375,-0.001,FINAL
1991-01-28,20.374,20.381,-0.007,FINAL
1991-01-29,20.374,20.387,-0.013,FINAL
1991-01-30,20.374,20.392,-0.019,FINAL
1991-01-31,20.373,20.398,-0.025,FINAL
1991-02-01,20.372,20.404,-0.031,FINAL
1991-02-02,20.37,20.409,-0.039,FINAL
1991-02-03,20.368,20.415,-0.046,FINAL
1991-02-04,20.369,20.42,-0.051,FINAL
1991-02-05,20.372,20.425,-0.053,FINAL
1991-02-06,20.379,20.43,-0.051,FINAL
1991-02-07,20.388,20.436,-0.047,FINAL
1991-02-08,20.401,20.44,-0.04,FINAL
1991-02-09,20.413,20.445,-0.033,FINAL
1991-02-10,20.424,20.45,-0.026,FINAL
1991-02-11,20.434,20.455,-0.021,FINAL
1991-02-12,20.441,20.459,-0.019,FINAL
1991-02-13,20.444,20.463,-0.019,FINAL
1991-02-14,20.446,20.468,-0.022,FINAL
1991-02-15,20.444,20.472,-0.027,FINAL
1991-02-16,20.441,20.476,-0.035,FINAL
1991-02-17,20.432,20.48,-0.048,FINAL
1991-02-18,20.422,20.483,-0.061,FINAL
1991-02-19,20.419,20.487,-0.068,FINAL
1991-02-20,20.417,20.49,-0.073,FINAL
1991-02-21,20.416,20.493,-0.078,FINAL
1991-02-22,20.414,20.497,-0.083,FINAL
1991-02-23,20.414,20.5,-0.085,FINAL
1991-02-24,20.42,20.503,-0.083,FINAL
1991-02-25,20.428,20.505,-0.077,FINAL
1991-02-26,20.435,20.508,-0.073,FINAL
1991-02-27,20.437,20.51,-0.073,FINAL
1991-02-28,20.436,20.513,-0.077,FINAL
1991-03-01,20.432,20.515,-0.083,FINAL
1991-03-02,20.429,20.517,-0.089,FINAL
1991-03-03,20.425,20.52,-0.094,FINAL
1991-03-04,20.42,20.522,-0.102,FINAL
1991-03-05,20.414,20.523,-0.11,FINAL
1991-03-06,20.411,20.525,-0.114,FINAL
1991-03-07,20.41,20.527,-0.117,FINAL
1991-03-08,20.412,20.529,-0.116,FINAL
1991-03-09,20.42,20.53,-0.11,FINAL
1991-03-10,20.429,20.531,-0.102,FINAL
1991-03-11,20.437,20.533,-0.095,FINAL
1991-03-12,20.445,20.534,-0.089,FINAL
1991-03-13,20.455,20.535,-0.08,FINAL
1991-03-14,20.469,20.536,-0.067,FINAL
1991-03-15,20.482,20.537,-0.055,FINAL
1991-03-16,20.488,20.538,-0.05,FINAL
1991-03-17,20.49,20.538,-0.049,FINAL
1991-03-18,20.49,20.539,-0.049,FINAL
1991-03-19,20.492,20.539,-0.048,FINAL
1991-03-20,20.492,20.54,-0.048,FINAL
1991-03-21,20.49,20.54,-0.05,FINAL
1991-03-22,20.487,20.54,-0.053,FINAL
1991-03-23,20.481,20.54,-0.059,FINAL
1991-03-24,20.478,20.54,-0.062,FINAL
1991-03-25,20.476,20.539,-0.064,FINAL
1991-03-26,20.475,20.539,-0.063,FINAL
1991-03-27,20.477,20.538,-0.062,FINAL
1991-03-28,20.476,20.538,-0.062,FINAL
1991-03-29,20.472,20.537,-0.065,FINAL
1991-03-30,20.465,20.536,-0.071,FINAL
1991-03-31,20.457,20.535,-0.078,FINAL
1991-04-01,20.448,20.534,-0.086,FINAL
1991-04-02,20.443,20.532,-0.089,FINAL
1991-04-03,20.445,20.531,-0.086,FINAL
1991-04-04,20.452,20.529,-0.078,FINAL
1991-04-05,20.461,20.528,-0.066,FINAL
1991-04-06,20.471,20.526,-0.055,FINAL
1991-04-07,20.478,20.524,-0.046,FINAL
1991-04-08,20.48,20.522,-0.041,FINAL
1991-04-09,20.474,20.52,-0.046,FINAL
1991-04-10,20.461,20.517,-0.056,FINAL
1991-04-11,20.446,20.515,-0.069,FINAL
1991-04-12,20.434,20.513,-0.079,FINAL
1991-04-13,20.43,20.51,-0.081,FINAL
1991-04-14,20.436,20.508,-0.071,FINAL
1991-04-15,20.452,20.505,-0.053,FINAL
1991-04-16,20.465,20.502,-0.037,FINAL
1991-04-17,20.474,20.5,-0.026,FINAL
1991-04-18,20.474,20.497,-0.023,FINAL
1991-04-19,20.465,20.494,-0.028,FINAL
1991-04-20,20.452,20.491,-0.039,FINAL
1991-04-21,20.433,20.488,-0.055,FINAL
1991-04-22,20.413,20.485,-0.072,FINAL
1991-04-23,20.393,20.482,-0.089,FINAL
1991-04-24,20.376,20.479,-0.103,FINAL
1991-04-25,20.368,20.476,-0.108,FINAL
1991-04-26,20.365,20.473,-0.107,FINAL
1991-04-27,20.368,20.469,-0.101,FINAL
1991-04-28,20.375,20.466,-0.091,FINAL
1991-04-29,20.384,20.463,-0.079,FINAL
1991-04-30,20.394,20.46,-0.066,FINAL
1991-05-01,20.405,20.457,-0.051,FINAL
1991-05-02,20.41,20.453,-0.044,FINAL
1991-05-03,20.409,20.45,-0.042,FINAL
1991-05-04,20.401,20.447,-0.046,FINAL
1991-05-05,20.388,20.444,-0.056,FINAL
1991-05-06,20.371,20.441,-0.069,FINAL
1991-05-07,20.355,20.437,-0.083,FINAL
1991-05-08,20.34,20.434,-0.094,FINAL
1991-05-09,20.333,20.431,-0.098,FINAL
1991-05-10,20.334,20.428,-0.093,FINAL
1991-05-11,20.339,20.425,-0.086,FINAL
1991-05-12,20.342,20.421,-0.079,FINAL
1991-05-13,20.339,20.418,-0.079,FINAL
1991-05-14,20.331,20.415,-0.084,FINAL
1991-05-15,20.323,20.412,-0.09,FINAL
1991-05-16,20.317,20.409,-0.092,FINAL
1991-05-17,20.306,20.406,-0.1,FINAL
1991-05-18,20.293,20.403,-0.11,FINAL
1991-05-19,20.285,20.4,-0.115,FINAL
1991-05-20,20.281,20.397,-0.116,FINAL
1991-05-21,20.28,20.394,-0.115,FINAL
1991-05-22,20.279,20.392,-0.113,FINAL
1991-05-23,20.277,20.389,-0.112,FINAL
1991-05-24,20.271,20.386,-0.115,FINAL
1991-05-25,20.266,20.383,-0.118,FINAL
1991-05-26,20.261,20.381,-0.12,FINAL
1991-05-27,20.258,20.378,-0.121,FINAL
1991-05-28,20.259,20.376,-0.117,FINAL
1991-05-29,20.265,20.374,-0.109,FINAL
1991-05-30,20.27,20.371,-0.101,FINAL
1991-05-31,20.275,20.369,-0.094,FINAL
1991-06-01,20.284,20.367,-0.083,FINAL
1991-06-02,20.285,20.365,-0.081,FINAL
1991-06-03,20.28,20.363,-0.083,FINAL
1991-06-04,20.272,20.361,-0.089,FINAL
1991-06-05,20.262,20.36,-0.098,FINAL
1991-06-06,20.252,20.358,-0.106,FINAL
1991-06-07,20.242,20.357,-0.114,FINAL
1991-06-08,20.23,20.355,-0.125,FINAL
1991-06-09,20.218,20.354,-0.136,FINAL
1991-06-10,20.211,20.353,-0.142,FINAL
1991-06-11,20.215,20.352,-0.136,FINAL
1991-06-12,20.236,20.351,-0.114,FINAL
1991-06-13,20.263,20.35,-0.087,FINAL
1991-06-14,20.283,20.349,-0.067,FINAL
1991-06-15,20.301,20.349,-0.047,FINAL
1991-06-16,20.325,20.348,-0.023,FINAL
1991-06-17,20.36,20.348,0.012,FINAL
1991-06-18,20.393,20.347,0.046,FINAL
1991-06-19,20.408,20.347,0.061,FINAL
1991-06-20,20.412,20.347,0.064,FINAL
1991-06-21,20.408,20.347,0.06,FINAL
1991-06-22,20.401,20.347,0.054,FINAL
1991-06-23,20.393,20.348,0.045,FINAL
1991-06-24,20.379,20.348,0.031,FINAL
1991-06-25,20.363,20.348,0.014,FINAL
1991-06-26,20.346,20.349,-0.003,FINAL
1991-06-27,20.332,20.349,-0.017,FINAL
1991-06-28,20.325,20.35,-0.025,FINAL
1991-06-29,20.326,20.351,-0.025,FINAL
1991-06-30,20.332,20.352,-0.02,FINAL
1991-07-01,20.343,20.353,-0.01,FINAL
1991-07-02,20.356,20.354,0.002,FINAL
1991-07-03,20.368,20.355,0.013,FINAL
1991-07-04,20.38,20.356,0.023,FINAL
1991-07-05,20.387,20.358,0.03,FINAL
1991-07-06,20.389,20.359,0.03,FINAL
1991-07-07,20.384,20.36,0.024,FINAL
1991-07-08,20.375,20.362,0.013,FINAL
1991-07-09,20.367,20.363,0.004,FINAL
1991-07-10,20.357,20.365,-0.008,FINAL
1991-07-11,20.344,20.367,-0.023,FINAL
1991-07-12,20.327,20.369,-0.042,FINAL
1991-07-13,20.316,20.37,-0.055,FINAL
1991-07-14,20.317,20.372,-0.056,FINAL
1991-07-15,20.321,20.374,-0.053,FINAL
1991-07-16,20.326,20.376,-0.051,FINAL
1991-07-17,20.316,20.378,-0.062,FINAL
1991-07-18,20.3,20.38,-0.08,FINAL
1991-07-19,20.291,20.383,-0.091,FINAL
1991-07-20,20.285,20.385,-0.1,FINAL
1991-07-21,20.277,20.387,-0.11,FINAL
1991-07-22,20.264,20.389,-0.126,FINAL
1991-07-23,20.252,20.391,-0.14,FINAL
1991-07-24,20.249,20.394,-0.144,FINAL
1991-07-25,20.252,20.396,-0.144,FINAL
1991-07-26,20.257,20.398,-0.142,FINAL
1991-07-27,20.259,20.401,-0.141,FINAL
1991-07-28,20.263,20.403,-0.14,FINAL
1991-07-29,20.271,20.405,-0.134,FINAL
1991-07-30,20.279,20.407,-0.128,FINAL
1991-07-31,20.283,20.41,-0.127,FINAL
1991-08-01,20.278,20.412,-0.133,FINAL
1991-08-02,20.272,20.414,-0.142,FINAL
1991-08-03,20.266,20.416,-0.15,FINAL
1991-08-04,20.26,20.418,-0.158,FINAL
1991-08-05,20.25,20.42,-0.17,FINAL
1991-08-06,20.234,20.422,-0.188,FINAL
1991-08-07,20.221,20.424,-0.203,FINAL
1991-08-08,20.218,20.426,-0.208,FINAL
1991-08-09,20.219,20.427,-0.208,FINAL
1991-08-10,20.219,20.429,-0.209,FINAL
1991-08-11,20.212,20.43,-0.218,FINAL
1991-08-12,20.203,20.431,-0.228,FINAL
1991-08-13,20.199,20.432,-0.234,FINAL
1991-08-14,20.198,20.433,-0.236,FINAL
1991-08-15,20.197,20.434,-0.237,FINAL
1991-08-16,20.2,20.435,-0.235,FINAL
1991-08-17,20.2,20.435,-0.235,FINAL
1991-08-18,20.204,20.436,-0.232,FINAL
1991-08-19,20.209,20.436,-0.227,FINAL
1991-08-20,20.212,20.436,-0.224,FINAL
1991-08-21,20.209,20.436,-0.226,FINAL
1991-08-22,20.201,20.435,-0.234,FINAL
1991-08-23,20.19,20.434,-0.244,FINAL
1991-08-24,20.181,20.433,-0.253,FINAL
1991-08-25,20.174,20.432,-0.258,FINAL
1991-08-26,20.174,20.431,-0.257,FINAL
1991-08-27,20.177,20.429,-0.253,FINAL
1991-08-28,20.184,20.428,-0.244,FINAL
1991-08-29,20.193,20.426,-0.232,FINAL
1991-08-30,20.206,20.423,-0.218,FINAL
1991-08-31,20.22,20.421,-0.2,FINAL
1991-09-01,20.232,20.418,-0.186,FINAL
1991-09-02,20.237,20.415,-0.178,FINAL
1991-09-03,20.237,20.412,-0.175,FINAL
1991-09-04,20.234,20.409,-0.175,FINAL
1991-09-05,20.232,20.405,-0.173,FINAL
1991-09-06,20.233,20.401,-0.168,FINAL
1991-09-07,20.234,20.397,-0.163,FINAL
1991-09-08,20.232,20.393,-0.161,FINAL
1991-09-09,20.223,20.389,-0.166,FINAL
1991-09-10,20.2,20.384,-0.185,FINAL
1991-09-11,20.173,20.379,-0.207,FINAL
1991-09-12,20.151,20.375,-0.224,FINAL
1991-09-13,20.132,20.37,-0.237,FINAL
1991-09-14,20.114,20.364,-0.25,FINAL
1991-09-15,20.095,20.359,-0.264,FINAL
1991-09-16,20.083,20.354,-0.271,FINAL
1991-09-17,20.082,20.348,-0.266,FINAL
1991-09-18,20.088,20.343,-0.255,FINAL
1991-09-19,20.096,20.337,-0.241,FINAL
1991-09-20,20.1,20.331,-0.231,FINAL
1991-09-21,20.101,20.326,-0.224,FINAL
1991-09-22,20.101,20.32,-0.219,FINAL
1991-09-23,20.098,20.314,-0.217,FINAL
1991-09-24,20.091,20.308,-0.218,FINAL
1991-09-25,20.079,20.303,-0.224,FINAL
1991-09-26,20.064,20.297,-0.233,FINAL
1991-09-27,20.052,20.291,-0.239,FINAL
1991-09-28,20.04,20.286,-0.246,FINAL
1991-09-29,20.028,20.28,-0.252,FINAL
1991-09-30,20.015,20.274,-0.26,FINAL
1991-10-01,20.004,20.269,-0.265,FINAL
1991-10-02,19.998,20.264,-0.265,FINAL
1991-10-03,19.996,20.258,-0.262,FINAL
1991-10-04,19.996,20.253,-0.257,FINAL
1991-10-05,19.996,20.248,-0.252,FINAL
1991-10-06,19.996,20.243,-0.247,FINAL
1991-10-07,19.997,20.238,-0.241,FINAL
1991-10-08,19.996,20.233,-0.237,FINAL
1991-10-09,19.992,20.229,-0.236,FINAL
1991-10-10,19.984,20.224,-0.24,FINAL
1991-10-11,19.971,20.22,-0.249,FINAL
1991-10-12,19.956,20.216,-0.26,FINAL
1991-10-13,19.941,20.211,-0.27,FINAL
1991-10-14,19.93,20.207,-0.277,FINAL
1991-10-15,19.925,20.203,-0.278,FINAL
1991-10-16,19.927,20.199,-0.272,FINAL
1991-10-17,19.933,20.196,-0.262,FINAL
1991-10-18,19.937,20.192,-0.255,FINAL
1991-10-19,19.945,20.189,-0.243,FINAL
1991-10-20,19.952,20.185,-0.233,FINAL
1991-10-21,19.951,20.182,-0.231,FINAL
1991-10-22,19.942,20.178,-0.236,FINAL
1991-10-23,19.931,20.175,-0.244,FINAL
1991-10-24,19.921,20.172,-0.251,FINAL
1991-10-25,19.916,20.169,-0.253,FINAL
1991-10-26,19.92,20.166,-0.246,FINAL
1991-10-27,19.929,20.163,-0.234,FINAL
1991-10-28,19.937,20.16,-0.223,FINAL
1991-10-29,19.942,20.157,-0.216,FINAL
1991-10-30,19.937,20.154,-0.217,FINAL
1991-10-31,19.924,20.152,-0.228,FINAL
1991-11-01,19.908,20.149,-0.241,FINAL
1991-11-02,19.889,20.146,-0.257,FINAL
1991-11-03,19.872,20.144,-0.272,FINAL
1991-11-04,19.86,20.142,-0.281,FINAL
1991-11-05,19.855,20.139,-0.284,FINAL
1991-11-06,19.857,20.137,-0.28,FINAL
1991-11-07,19.864,20.135,-0.271,FINAL
1991-11-08,19.875,20.133,-0.258,FINAL
1991-11-09,19.889,20.131,-0.242,FINAL
1991-11-10,19.902,20.129,-0.227,FINAL
1991-11-11,19.909,20.127,-0.218,FINAL
1991-11-12,19.914,20.125,-0.212,FINAL
1991-11-13,19.916,20.124,-0.208,FINAL
1991-11-14,19.919,20.123,-0.203,FINAL
1991-11-15,19.92,20.121,-0.202,FINAL
1991-11-16,19.917,20.12,-0.203,FINAL
1991-11-17,19.912,20.119,-0.208,FINAL
1991-11-18,19.906,20.119,-0.213,FINAL
1991-11-19,19.899,20.118,-0.219,FINAL
1991-11-20,19.896,20.118,-0.222,FINAL
1991-11-21,19.897,20.117,-0.221,FINAL
1991-11-22,19.899,20.117,-0.219,FINAL
1991-11-23,19.899,20.117,-0.219,FINAL
1991-11-24,19.896,20.118,-0.222,FINAL
1991-11-25,19.89,20.118,-0.228,FINAL
1991-11-26,19.886,20.119,-0.233,FINAL
1991-11-27,19.883,20.12,-0.237,FINAL
1991-11-28,19.881,20.121,-0.24,FINAL
1991-11-29,19.88,20.123,-0.243,FINAL
1991-11-30,19.88,20.124,-0.244,FINAL
1991-12-01,19.882,20.126,-0.244,FINAL
1991-12-02,19.887,20.128,-0.24,FINAL
1991-12-03,19.892,20.13,-0.237,FINAL
1991-12-04,19.897,20.132,-0.235,FINAL
1991-12-05,19.898,20.135,-0.236,FINAL
1991-12-06,19.897,20.137,-0.24,FINAL
1991-12-07,19.896,20.14,-0.244,FINAL
1991-12-08,19.897,20.143,-0.246,FINAL
1991-12-09,19.901,20.146,-0.245,FINAL
1991-12-10,19.904,20.149,-0.245,FINAL
1991-12-11,19.905,20.152,-0.247,FINAL
1991-12-12,19.908,20.156,-0.248,FINAL
1991-12-13,19.917,20.159,-0.242,FINAL
1991-12-14,19.938,20.163,-0.224,FINAL
1991-12-15,19.963,20.167,-0.204,FINAL
1991-12-16,19.983,20.17,-0.187,FINAL
1991-12-17,20.0,20.174,-0.174,FINAL
1991-12-18,20.017,20.178,-0.161,FINAL
1991-12-19,20.036,20.182,-0.146,FINAL
1991-12-20,20.048,20.186,-0.138,FINAL
1991-12-21,20.05,20.19,-0.14,FINAL
1991-12-22,20.045,20.194,-0.149,FINAL
1991-12-23,20.041,20.198,-0.158,FINAL
1991-12-24,20.042,20.203,-0.161,FINAL
1991-12-25,20.049,20.207,-0.158,FINAL
1991-12-26,20.059,20.211,-0.152,FINAL
1991-12-27,20.069,20.216,-0.146,FINAL
1991-12-28,20.076,20.22,-0.144,FINAL
1991-12-29,20.077,20.224,-0.147,FINAL
1991-12-30,20.075,20.229,-0.154,FINAL
1991-12-31,20.073,20.233,-0.16,FINAL
1992-01-01,20.069,20.238,-0.168,FINAL
1992-01-02,20.064,20.242,-0.179,FINAL
1992-01-03,20.054,20.247,-0.193,FINAL
1992-01-04,20.045,20.252,-0.206,FINAL
1992-01-05,20.044,20.256,-0.213,FINAL
1992-01-06,20.046,20.261,-0.215,FINAL
1992-01-07,20.05,20.266,-0.216,FINAL
1992-01-08,20.052,20.271,-0.219,FINAL
1992-01-09,20.055,20.276,-0.221,FINAL
1992-01-10,20.062,20.281,-0.219,FINAL
1992-01-11,20.071,20.286,-0.216,FINAL
1992-01-12,20.079,20.291,-0.213,FINAL
1992-01-13,20.084,20.297,-0.213,FINAL
1992-01-14,20.085,20.302,-0.217,FINAL
1992-01-15,20.086,20.307,-0.222,FINAL
1992-01-16,20.088,20.313,-0.225,FINAL
1992-01-17,20.09,20.318,-0.228,FINAL
1992-01-18,20.096,20.324,-0.227,FINAL
1992-01-19,20.102,20.329,-0.228,FINAL
1992-01-20,20.106,20.335,-0.229,FINAL
1992-01-21,20.112,20.341,-0.229,FINAL
1992-01-22,20.124,20.346,-0.223,FINAL
1992-01-23,20.145,20.352,-0.207,FINAL
1992-01-24,20.167,20.358,-0.19,FINAL
1992-01-25,20.184,20.364,-0.18,FINAL
1992-01-26,20.197,20.37,-0.172,FINAL
1992-01-27,20.213,20.375,-0.162,FINAL
1992-01-28,20.236,20.381,-0.145,FINAL
1992-01-29,20.256,20.387,-0.131,FINAL
1992-01-30,20.266,20.392,-0.126,FINAL
1992-01-31,20.271,20.398,-0.127,FINAL
1992-02-01,20.273,20.404,-0.13,FINAL
1992-02-02,20.28,20.409,-0.129,FINAL
1992-02-03,20.288,20.415,-0.126,FINAL
1992-02-04,20.293,20.42,-0.127,FINAL
1992-02-05,20.295,20.425,-0.13,FINAL
1992-02-06,20.296,20.43,-0.134,FINAL
1992-02-07,20.298,20.436,-0.137,FINAL
1992-02-08,20.301,20.44,-0.139,FINAL
1992-02-09,20.305,20.445,-0.14,FINAL
1992-02-10,20.309,20.45,-0.141,FINAL
1992-02-11,20.311,20.455,-0.143,FINAL
1992-02-12,20.312,20.459,-0.148,FINAL
1992-02-13,20.31,20.463,-0.153,FINAL
1992-02-14,20.31,20.468,-0.158,FINAL
1992-02-15,20.31,20.472,-0.161,FINAL
1992-02-16,20.312,20.476,-0.164,FINAL
1992-02-17,20.314,20.48,-0.165,FINAL
1992-02-18,20.317,20.483,-0.166,FINAL
1992-02-19,20.322,20.487,-0.164,FINAL
1992-02-20,20.329,20.49,-0.162,FINAL
1992-02-21,20.334,20.493,-0.159,FINAL
1992-02-22,20.337,20.497,-0.16,FINAL
1992-02-23,20.339,20.5,-0.16,FINAL
1992-02-24,20.345,20.503,-0.157,FINAL
1992-02-25,20.349,20.505,-0.156,FINAL
1992-02-26,20.35,20.508,-0.158,FINAL
1992-02-27,20.341,20.51,-0.17,FINAL
1992-02-28,20.323,20.513,-0.19,FINAL
1992-02-29,20.306,20.514,-0.208,FINAL
1992-03-01,20.295,20.515,-0.221,FINAL
1992-03-02,20.285,20.517,-0.233,FINAL
1992-03-03,20.273,20.52,-0.246,FINAL
1992-03-04,20.257,20.522,-0.264,FINAL
1992-03-05,20.244,20.523,-0.279,FINAL
1992-03-06,20.244,20.525,-0.281,FINAL
1992-03-07,20.25,20.527,-0.277,FINAL
1992-03-08,20.257,20.529,-0.272,FINAL
1992-03-09,20.259,20.53,-0.271,FINAL
1992-03-10,20.256,20.531,-0.275,FINAL
1992-03-11,20.254,20.533,-0.279,FINAL
1992-03-12,20.253,20.534,-0.281,FINAL
1992-03-13,20.253,20.535,-0.282,FINAL
1992-03-14,20.254,20.536,-0.282,FINAL
1992-03-15,20.254,20.537,-0.283,FINAL
1992-03-16,20.251,20.538,-0.287,FINAL
1992-03-17,20.25,20.538,-0.288,FINAL
1992-03-18,20.255,20.539,-0.284,FINAL
1992-03-19,20.272,20.539,-0.267,FINAL
1992-03-20,20.292,20.54,-0.247,FINAL
1992-03-21,20.307,20.54,-0.233,FINAL
1992-03-22,20.32,20.54,-0.22,FINAL
1992-03-23,20.333,20.54,-0.207,FINAL
1992-03-24,20.349,20.54,-0.191,FINAL
1992-03-25,20.359,20.539,-0.181,FINAL
1992-03-26,20.357,20.539,-0.182,FINAL
1992-03-27,20.349,20.538,-0.19,FINAL
1992-03-28,20.341,20.538,-0.196,FINAL
1992-03-29,20.342,20.537,-0.195,FINAL
1992-03-30,20.347,20.536,-0.189,FINAL
1992-03-31,20.352,20.535,-0.183,FINAL
1992-04-01,20.355,20.534,-0.178,FINAL
1992-04-02,20.359,20.532,-0.173,FINAL
1992-04-03,20.362,20.531,-0.169,FINAL
1992-04-04,20.362,20.529,-0.167,FINAL
1992-04-05,20.358,20.528,-0.17,FINAL
1992-04-06,20.352,20.526,-0.174,FINAL
1992-04-07,20.345,20.524,-0.179,FINAL
1992-04-08,20.338,20.522,-0.184,FINAL
1992-04-09,20.334,20.52,-0.186,FINAL
1992-04-10,20.333,20.517,-0.184,FINAL
1992-04-11,20.333,20.515,-0.182,FINAL
1992-04-12,20.329,20.513,-0.183,FINAL
1992-04-13,20.321,20.51,-0.189,FINAL
1992-04-14,20.31,20.508,-0.198,FINAL
1992-04-15,20.304,20.505,-0.201,FINAL
1992-04-16,20.295,20.502,-0.207,FINAL
1992-04-17,20.286,20.5,-0.214,FINAL
1992-04-18,20.275,20.497,-0.222,FINAL
1992-04-19,20.265,20.494,-0.229,FINAL
1992-04-20,20.258,20.491,-0.233,FINAL
1992-04-21,20.254,20.488,-0.234,FINAL
1992-04-22,20.254,20.485,-0.231,FINAL
1992-04-23,20.255,20.482,-0.227,FINAL
1992-04-24,20.258,20.479,-0.221,FINAL
1992-04-25,20.262,20.476,-0.213,FINAL
1992-04-26,20.266,20.473,-0.206,FINAL
1992-04-27,20.268,20.469,-0.202,FINAL
1992-04-28,20.266,20.466,-0.201,FINAL
1992-04-29,20.26,20.463,-0.203,FINAL
1992-04-30,20.252,20.46,-0.208,FINAL
1992-05-01,20.246,20.457,-0.21,FINAL
1992-05-02,20.236,20.453,-0.217,FINAL
1992-05-03,20.224,20.45,-0.226,FINAL
1992-05-04,20.215,20.447,-0.232,FINAL
1992-05-05,20.209,20.444,-0.235,FINAL
1992-05-06,20.206,20.441,-0.235,FINAL
1992-05-07,20.203,20.437,-0.234,FINAL
1992-05-08,20.201,20.434,-0.233,FINAL
1992-05-09,20.197,20.431,-0.234,FINAL
1992-05-10,20.194,20.428,-0.234,FINAL
1992-05-11,20.191,20.425,-0.234,FINAL
1992-05-12,20.19,20.421,-0.231,FINAL
1992-05-13,20.193,20.418,-0.226,FINAL
1992-05-14,20.196,20.415,-0.219,FINAL
1992-05-15,20.199,20.412,-0.214,FINAL
1992-05-16,20.201,20.409,-0.208,FINAL
1992-05-17,20.2,20.406,-0.206,FINAL
1992-05-18,20.199,20.403,-0.204,FINAL
1992-05-19,20.194,20.4,-0.206,FINAL
1992-05-20,20.184,20.397,-0.213,FINAL
1992-05-21,20.175,20.394,-0.22,FINAL
1992-05-22,20.167,20.392,-0.224,FINAL
1992-05-23,20.166,20.389,-0.223,FINAL
1992-05-24,20.166,20.386,-0.22,FINAL
1992-05-25,20.166,20.383,-0.217,FINAL
1992-05-26,20.168,20.381,-0.213,FINAL
1992-05-27,20.174,20.378,-0.205,FINAL
1992-05-28,20.186,20.376,-0.19,FINAL
1992-05-29,20.199,20.374,-0.175,FINAL
1992-05-30,20.205,20.371,-0.167,FINAL
1992-05-31,20.208,20.369,-0.161,FINAL
1992-06-01,20.218,20.367,-0.149,FINAL
1992-06-02,20.22,20.365,-0.145,FINAL
1992-06-03,20.22,20.363,-0.144,FINAL
1992-06-04,20.214,20.361,-0.147,FINAL
1992-06-05,20.205,20.36,-0.154,FINAL
1992-06-06,20.196,20.358,-0.162,FINAL
1992-06-07,20.188,20.357,-0.169,FINAL
1992-06-08,20.184,20.355,-0.171,FINAL
1992-06-09,20.184,20.354,-0.17,FINAL
1992-06-10,20.186,20.353,-0.167,FINAL
1992-06-11,20.184,20.352,-0.168,FINAL
1992-06-12,20.176,20.351,-0.175,FINAL
1992-06-13,20.165,20.35,-0.185,FINAL
1992-06-14,20.154,20.349,-0.195,FINAL
1992-06-15,20.145,20.349,-0.204,FINAL
1992-06-16,20.135,20.348,-0.213,FINAL
1992-06-17,20.126,20.348,-0.222,FINAL
1992-06-18,20.121,20.347,-0.226,FINAL
1992-06-19,20.124,20.347,-0.223,FINAL
1992-06-20,20.128,20.347,-0.219,FINAL
1992-06-21,20.131,20.347,-0.216,FINAL
1992-06-22,20.128,20.347,-0.219,FINAL
1992-06-23,20.122,20.348,-0.226,FINAL
1992-06-24,20.116,20.348,-0.232,FINAL
1992-06-25,20.11,20.348,-0.239,FINAL
1992-06-26,20.101,20.349,-0.247,FINAL
1992-06-27,20.09,20.349,-0.259,FINAL
1992-06-28,20.081,20.35,-0.27,FINAL
1992-06-29,20.077,20.351,-0.274,FINAL
1992-06-30,20.075,20.352,-0.277,FINAL
1992-07-01,20.076,20.353,-0.277,FINAL
1992-07-02,20.073,20.354,-0.28,FINAL
1992-07-03,20.072,20.355,-0.283,FINAL
1992-07-04,20.075,20.356,-0.281,FINAL
1992-07-05,20.079,20.358,-0.278,FINAL
1992-07-06,20.081,20.359,-0.278,FINAL
1992-07-07,20.075,20.36,-0.285,FINAL
1992-07-08,20.067,20.362,-0.295,FINAL
1992-07-09,20.058,20.363,-0.306,FINAL
1992-07-10,20.05,20.365,-0.315,FINAL
1992-07-11,20.045,20.367,-0.322,FINAL
1992-07-12,20.042,20.369,-0.327,FINAL
1992-07-13,20.043,20.37,-0.327,FINAL
1992-07-14,20.048,20.372,-0.325,FINAL
1992-07-15,20.055,20.374,-0.32,FINAL
1992-07-16,20.066,20.376,-0.31,FINAL
1992-07-17,20.078,20.378,-0.3,FINAL
1992-07-18,20.089,20.38,-0.291,FINAL
1992-07-19,20.096,20.383,-0.287,FINAL
1992-07-20,20.101,20.385,-0.284,FINAL
1992-07-21,20.103,20.387,-0.284,FINAL
1992-07-22,20.103,20.389,-0.286,FINAL
1992-07-23,20.103,20.391,-0.288,FINAL
1992-07-24,20.103,20.394,-0.29,FINAL
1992-07-25,20.102,20.396,-0.294,FINAL
1992-07-26,20.097,20.398,-0.302,FINAL
1992-07-27,20.088,20.401,-0.313,FINAL
1992-07-28,20.078,20.403,-0.325,FINAL
1992-07-29,20.074,20.405,-0.332,FINAL
1992-07-30,20.072,20.407,-0.335,FINAL
1992-07-31,20.07,20.41,-0.339,FINAL
1992-08-01,20.067,20.412,-0.344,FINAL
1992-08-02,20.067,20.414,-0.347,FINAL
1992-08-03,20.071,20.416,-0.345,FINAL
1992-08-04,20.077,20.418,-0.341,FINAL
1992-08-05,20.083,20.42,-0.337,FINAL
1992-08-06,20.086,20.422,-0.336,FINAL
1992-08-07,20.084,20.424,-0.34,FINAL
1992-08-08,20.079,20.426,-0.347,FINAL
1992-08-09,20.075,20.427,-0.352,FINAL
1992-08-10,20.075,20.429,-0.353,FINAL
1992-08-11,20.083,20.43,-0.347,FINAL
1992-08-12,20.097,20.431,-0.335,FINAL
1992-08-13,20.112,20.432,-0.321,FINAL
1992-08-14,20.128,20.433,-0.305,FINAL
1992-08-15,20.142,20.434,-0.292,FINAL
1992-08-16,20.156,20.435,-0.279,FINAL
1992-08-17,20.158,20.435,-0.277,FINAL
1992-08-18,20.151,20.436,-0.285,FINAL
1992-08-19,20.14,20.436,-0.296,FINAL
1992-08-20,20.13,20.436,-0.306,FINAL
1992-08-21,20.129,20.436,-0.307,FINAL
1992-08-22,20.138,20.435,-0.297,FINAL
1992-08-23,20.151,20.434,-0.283,FINAL
1992-08-24,20.165,20.433,-0.269,FINAL
1992-08-25,20.175,20.432,-0.257,FINAL
1992-08-26,20.178,20.431,-0.253,FINAL
1992-08-27,20.173,20.429,-0.256,FINAL
1992-08-28,20.166,20.428,-0.261,FINAL
1992-08-29,20.155,20.426,-0.271,FINAL
1992-08-30,20.137,20.423,-0.286,FINAL
1992-08-31,20.114,20.421,-0.307,FINAL
1992-09-01,20.092,20.418,-0.326,FINAL
1992-09-02,20.08,20.415,-0.335,FINAL
1992-09-03,20.073,20.412,-0.339,FINAL
1992-09-04,20.068,20.409,-0.34,FINAL
1992-09-05,20.062,20.405,-0.343,FINAL
1992-09-06,20.055,20.401,-0.346,FINAL
1992-09-07,20.054,20.397,-0.343,FINAL
1992-09-08,20.056,20.393,-0.337,FINAL
1992-09-09,20.06,20.389,-0.329,FINAL
1992-09-10,20.065,20.384,-0.319,FINAL
1992-09-11,20.067,20.379,-0.312,FINAL
1992-09-12,20.065,20.375,-0.309,FINAL
1992-09-13,20.062,20.37,-0.307,FINAL
1992-09-14,20.06,20.364,-0.304,FINAL
1992-09-15,20.064,20.359,-0.295,FINAL
1992-09-16,20.07,20.354,-0.283,FINAL
1992-09-17,20.077,20.348,-0.271,FINAL
1992-09-18,20.08,20.343,-0.263,FINAL
1992-09-19,20.078,20.337,-0.259,FINAL
1992-09-20,20.068,20.331,-0.263,FINAL
1992-09-21,20.053,20.326,-0.272,FINAL
1992-09-22,20.036,20.32,-0.284,FINAL
1992-09-23,20.018,20.314,-0.296,FINAL
1992-09-24,20.002,20.308,-0.307,FINAL
1992-09-25,19.987,20.303,-0.315,FINAL
1992-09-26,19.982,20.297,-0.315,FINAL
1992-09-27,19.985,20.291,-0.306,FINAL
1992-09-28,19.992,20.286,-0.293,FINAL
1992-09-29,19.997,20.28,-0.283,FINAL
1992-09-30,19.995,20.274,-0.279,FINAL
1992-10-01,19.988,20.269,-0.281,FINAL
1992-10-02,19.98,20.264,-0.284,FINAL
1992-10-03,19.969,20.258,-0.29,FINAL
1992-10-04,19.953,20.253,-0.3,FINAL
1992-10-05,19.929,20.248,-0.319,FINAL
1992-10-06,19.905,20.243,-0.338,FINAL
1992-10-07,19.89,20.238,-0.349,FINAL
1992-10-08,19.878,20.233,-0.356,FINAL
1992-10-09,19.867,20.229,-0.362,FINAL
1992-10-10,19.855,20.224,-0.369,FINAL
1992-10-11,19.845,20.22,-0.375,FINAL
1992-10-12,19.842,20.216,-0.374,FINAL
1992-10-13,19.842,20.211,-0.369,FINAL
1992-10-14,19.844,20.207,-0.364,FINAL
1992-10-15,19.844,20.203,-0.359,FINAL
1992-10-16,19.843,20.199,-0.357,FINAL
1992-10-17,19.841,20.196,-0.355,FINAL
1992-10-18,19.833,20.192,-0.359,FINAL
1992-10-19,19.829,20.189,-0.359,FINAL
1992-10-20,19.823,20.185,-0.362,FINAL
1992-10-21,19.814,20.182,-0.367,FINAL
1992-10-22,19.805,20.178,-0.373,FINAL
1992-10-23,19.797,20.175,-0.378,FINAL
1992-10-24,19.791,20.172,-0.381,FINAL
1992-10-25,19.79,20.169,-0.379,FINAL
1992-10-26,19.792,20.166,-0.374,FINAL
1992-10-27,19.795,20.163,-0.368,FINAL
1992-10-28,19.799,20.16,-0.361,FINAL
1992-10-29,19.805,20.157,-0.352,FINAL
1992-10-30,19.814,20.154,-0.341,FINAL
1992-10-31,19.82,20.152,-0.331,FINAL
1992-11-01,19.822,20.149,-0.327,FINAL
1992-11-02,19.821,20.146,-0.326,FINAL
1992-11-03,19.819,20.144,-0.325,FINAL
1992-11-04,19.818,20.142,-0.323,FINAL
1992-11-05,19.819,20.139,-0.321,FINAL
1992-11-06,19.818,20.137,-0.319,FINAL
1992-11-07,19.816,20.135,-0.319,FINAL
1992-11-08,19.813,20.133,-0.32,FINAL
1992-11-09,19.811,20.131,-0.32,FINAL
1992-11-10,19.81,20.129,-0.319,FINAL
1992-11-11,19.81,20.127,-0.318,FINAL
1992-11-12,19.809,20.125,-0.317,FINAL
1992-11-13,19.807,20.124,-0.317,FINAL
1992-11-14,19.804,20.123,-0.318,FINAL
1992-11-15,19.8,20.121,-0.322,FINAL
1992-11-16,19.796,20.12,-0.324,FINAL
1992-11-17,19.794,20.119,-0.326,FINAL
1992-11-18,19.792,20.119,-0.327,FINAL
1992-11-19,19.789,20.118,-0.329,FINAL
1992-11-20,19.787,20.118,-0.331,FINAL
1992-11-21,19.784,20.117,-0.333,FINAL
1992-11-22,19.784,20.117,-0.333,FINAL
1992-11-23,19.787,20.117,-0.331,FINAL
1992-11-24,19.793,20.118,-0.325,FINAL
1992-11-25,19.803,20.118,-0.315,FINAL
1992-11-26,19.813,20.119,-0.306,FINAL
1992-11-27,19.822,20.12,-0.298,FINAL
1992-11-28,19.828,20.121,-0.293,FINAL
1992-11-29,19.83,20.123,-0.293,FINAL
1992-11-30,19.826,20.124,-0.298,FINAL
1992-12-01,19.817,20.126,-0.309,FINAL
1992-12-02,19.808,20.128,-0.319,FINAL
1992-12-03,19.801,20.13,-0.328,FINAL
1992-12-04,19.8,20.132,-0.332,FINAL
1992-12-05,19.804,20.135,-0.33,FINAL
1992-12-06,19.813,20.137,-0.324,FINAL
1992-12-07,19.824,20.14,-0.316,FINAL
1992-12-08,19.837,20.143,-0.306,FINAL
1992-12-09,19.85,20.146,-0.296,FINAL
1992-12-10,19.86,20.149,-0.289,FINAL
1992-12-11,19.865,20.152,-0.288,FINAL
1992-12-12,19.867,20.156,-0.289,FINAL
1992-12-13,19.868,20.159,-0.291,FINAL
1992-12-14,19.871,20.163,-0.292,FINAL
1992-12-15,19.874,20.167,-0.292,FINAL
1992-12-16,19.878,20.17,-0.293,FINAL
1992-12-17,19.881,20.174,-0.293,FINAL
1992-12-18,19.885,20.178,-0.293,FINAL
1992-12-19,19.889,20.182,-0.293,FINAL
1992-12-20,19.892,20.186,-0.294,FINAL
1992-12-21,19.894,20.19,-0.297,FINAL
1992-12-22,19.896,20.194,-0.299,FINAL
1992-12-23,19.9,20.198,-0.298,FINAL
1992-12-24,19.909,20.203,-0.293,FINAL
1992-12-25,19.919,20.207,-0.288,FINAL
1992-12-26,19.926,20.211,-0.285,FINAL
1992-12-27,19.934,20.216,-0.282,FINAL
1992-12-28,19.944,20.22,-0.276,FINAL
1992-12-29,19.96,20.224,-0.265,FINAL
1992-12-30,19.974,20.229,-0.255,FINAL
1992-12-31,19.983,20.233,-0.25,FINAL
1993-01-01,19.989,20.238,-0.249,FINAL
1993-01-02,19.997,20.242,-0.245,FINAL
1993-01-03,20.011,20.247,-0.236,FINAL
1993-01-04,20.024,20.252,-0.228,FINAL
1993-01-05,20.029,20.256,-0.227,FINAL
1993-01-06,20.032,20.261,-0.229,FINAL
1993-01-07,20.04,20.266,-0.226,FINAL
1993-01-08,20.058,20.271,-0.213,FINAL
1993-01-09,20.08,20.276,-0.196,FINAL
1993-01-10,20.098,20.281,-0.183,FINAL
1993-01-11,20.113,20.286,-0.173,FINAL
1993-01-12,20.126,20.291,-0.166,FINAL
1993-01-13,20.14,20.297,-0.157,FINAL
1993-01-14,20.149,20.302,-0.153,FINAL
1993-01-15,20.152,20.307,-0.156,FINAL
1993-01-16,20.155,20.313,-0.158,FINAL
1993-01-17,20.153,20.318,-0.165,FINAL
1993-01-18,20.155,20.324,-0.168,FINAL
1993-01-19,20.162,20.329,-0.167,FINAL
1993-01-20,20.172,20.335,-0.163,FINAL
1993-01-21,20.183,20.341,-0.158,FINAL
1993-01-22,20.19,20.346,-0.156,FINAL
1993-01-23,20.192,20.352,-0.16,FINAL
1993-01-24,20.19,20.358,-0.168,FINAL
1993-01-25,20.188,20.364,-0.176,FINAL
1993-01-26,20.184,20.37,-0.185,FINAL
1993-01-27,20.18,20.375,-0.195,FINAL
1993-01-28,20.176,20.381,-0.205,FINAL
1993-01-29,20.177,20.387,-0.21,FINAL
1993-01-30,20.186,20.392,-0.206,FINAL
1993-01-31,20.197,20.398,-0.202,FINAL
1993-02-01,20.203,20.404,-0.201,FINAL
1993-02-02,20.199,20.409,-0.211,FINAL
1993-02-03,20.187,20.415,-0.228,FINAL
1993-02-04,20.176,20.42,-0.244,FINAL
1993-02-05,20.166,20.425,-0.26,FINAL
1993-02-06,20.158,20.43,-0.272,FINAL
1993-02-07,20.155,20.436,-0.281,FINAL
1993-02-08,20.154,20.44,-0.286,FINAL
1993-02-09,20.159,20.445,-0.287,FINAL
1993-02-10,20.169,20.45,-0.281,FINAL
1993-02-11,20.188,20.455,-0.267,FINAL
1993-02-12,20.215,20.459,-0.244,FINAL
1993-02-13,20.244,20.463,-0.22,FINAL
1993-02-14,20.265,20.468,-0.203,FINAL
1993-02-15,20.281,20.472,-0.191,FINAL
1993-02-16,20.298,20.476,-0.178,FINAL
1993-02-17,20.315,20.48,-0.165,FINAL
1993-02-18,20.329,20.483,-0.155,FINAL
1993-02-19,20.332,20.487,-0.155,FINAL
1993-02-20,20.328,20.49,-0.162,FINAL
1993-02-21,20.323,20.493,-0.171,FINAL
1993-02-22,20.318,20.497,-0.178,FINAL
1993-02-23,20.319,20.5,-0.18,FINAL
1993-02-24,20.325,20.503,-0.177,FINAL
1993-02-25,20.33,20.505,-0.175,FINAL
1993-02-26,20.33,20.508,-0.178,FINAL
1993-02-27,20.32,20.51,-0.191,FINAL
1993-02-28,20.305,20.513,-0.207,FINAL
1993-03-01,20.293,20.515,-0.222,FINAL
1993-03-02,20.284,20.517,-0.233,FINAL
1993-03-03,20.275,20.52,-0.245,FINAL
1993-03-04,20.266,20.522,-0.255,FINAL
1993-03-05,20.261,20.523,-0.263,FINAL
1993-03-06,20.262,20.525,-0.264,FINAL
1993-03-07,20.267,20.527,-0.26,FINAL
1993-03-08,20.277,20.529,-0.251,FINAL
1993-03-09,20.29,20.53,-0.24,FINAL
1993-03-10,20.302,20.531,-0.229,FINAL
1993-03-11,20.31,20.533,-0.222,FINAL
1993-03-12,20.317,20.534,-0.217,FINAL
1993-03-13,20.323,20.535,-0.212,FINAL
1993-03-14,20.33,20.536,-0.206,FINAL
1993-03-15,20.334,20.537,-0.203,FINAL
1993-03-16,20.332,20.538,-0.205,FINAL
1993-03-17,20.328,20.538,-0.21,FINAL
1993-03-18,20.325,20.539,-0.214,FINAL
1993-03-19,20.327,20.539,-0.213,FINAL
1993-03-20,20.33,20.54,-0.21,FINAL
1993-03-21,20.331,20.54,-0.209,FINAL
1993-03-22,20.333,20.54,-0.207,FINAL
1993-03-23,20.338,20.54,-0.202,FINAL
1993-03-24,20.349,20.54,-0.191,FINAL
1993-03-25,20.36,20.539,-0.179,FINAL
1993-03-26,20.366,20.539,-0.173,FINAL
1993-03-27,20.37,20.538,-0.169,FINAL
1993-03-28,20.374,20.538,-0.163,FINAL
1993-03-29,20.382,20.537,-0.155,FINAL
1993-03-30,20.391,20.536,-0.145,FINAL
1993-03-31,20.397,20.535,-0.137,FINAL
1993-04-01,20.397,20.534,-0.137,FINAL
1993-04-02,20.392,20.532,-0.14,FINAL
1993-04-03,20.379,20.531,-0.152,FINAL
1993-04-04,20.362,20.529,-0.167,FINAL
1993-04-05,20.346,20.528,-0.182,FINAL
1993-04-06,20.33,20.526,-0.196,FINAL
1993-04-07,20.314,20.524,-0.21,FINAL
1993-04-08,20.3,20.522,-0.221,FINAL
1993-04-09,20.292,20.52,-0.228,FINAL
1993-04-10,20.292,20.517,-0.225,FINAL
1993-04-11,20.297,20.515,-0.218,FINAL
1993-04-12,20.305,20.513,-0.208,FINAL
1993-04-13,20.312,20.51,-0.198,FINAL
1993-04-14,20.318,20.508,-0.189,FINAL
1993-04-15,20.324,20.505,-0.181,FINAL
1993-04-16,20.323,20.502,-0.179,FINAL
1993-04-17,20.319,20.5,-0.18,FINAL
1993-04-18,20.312,20.497,-0.184,FINAL
1993-04-19,20.302,20.494,-0.192,FINAL
1993-04-20,20.289,20.491,-0.202,FINAL
1993-04-21,20.277,20.488,-0.211,FINAL
1993-04-22,20.267,20.485,-0.218,FINAL
1993-04-23,20.26,20.482,-0.221,FINAL
1993-04-24,20.259,20.479,-0.22,FINAL
1993-04-25,20.263,20.476,-0.213,FINAL
1993-04-26,20.27,20.473,-0.203,FINAL
1993-04-27,20.275,20.469,-0.194,FINAL
1993-04-28,20.278,20.466,-0.189,FINAL
1993-04-29,20.274,20.463,-0.189,FINAL
1993-04-30,20.264,20.46,-0.196,FINAL
1993-05-01,20.256,20.457,-0.2,FINAL
1993-05-02,20.248,20.453,-0.206,FINAL
1993-05-03,20.247,20.45,-0.203,FINAL
1993-05-04,20.253,20.447,-0.194,FINAL
1993-05-05,20.26,20.444,-0.183,FINAL
1993-05-06,20.269,20.441,-0.172,FINAL
1993-05-07,20.274,20.437,-0.163,FINAL
1993-05-08,20.275,20.434,-0.159,FINAL
1993-05-09,20.271,20.431,-0.16,FINAL
1993-05-10,20.262,20.428,-0.165,FINAL
1993-05-11,20.25,20.425,-0.174,FINAL
1993-05-12,20.234,20.421,-0.187,FINAL
1993-05-13,20.215,20.418,-0.203,FINAL
1993-05-14,20.198,20.415,-0.217,FINAL
1993-05-15,20.187,20.412,-0.225,FINAL
1993-05-16,20.181,20.409,-0.228,FINAL
1993-05-17,20.176,20.406,-0.23,FINAL
1993-05-18,20.172,20.403,-0.231,FINAL
1993-05-19,20.171,20.4,-0.229,FINAL
1993-05-20,20.175,20.397,-0.222,FINAL
1993-05-21,20.18,20.394,-0.214,FINAL
1993-05-22,20.183,20.392,-0.208,FINAL
1993-05-23,20.181,20.389,-0.207,FINAL
1993-05-24,20.174,20.386,-0.212,FINAL
1993-05-25,20.163,20.383,-0.22,FINAL
1993-05-26,20.152,20.381,-0.229,FINAL
1993-05-27,20.141,20.378,-0.237,FINAL
1993-05-28,20.134,20.376,-0.242,FINAL
1993-05-29,20.131,20.374,-0.242,FINAL
1993-05-30,20.132,20.371,-0.239,FINAL
1993-05-31,20.136,20.369,-0.233,FINAL
1993-06-01,20.148,20.367,-0.219,FINAL
1993-06-02,20.151,20.365,-0.214,FINAL
1993-06-03,20.151,20.363,-0.212,FINAL
1993-06-04,20.148,20.361,-0.214,FINAL
1993-06-05,20.142,20.36,-0.218,FINAL
1993-06-06,20.136,20.358,-0.222,FINAL
1993-06-07,20.131,20.357,-0.225,FINAL
1993-06-08,20.129,20.355,-0.226,FINAL
1993-06-09,20.129,20.354,-0.225,FINAL
1993-06-10,20.129,20.353,-0.224,FINAL
1993-06-11,20.125,20.352,-0.226,FINAL
1993-06-12,20.119,20.351,-0.232,FINAL
1993-06-13,20.11,20.35,-0.24,FINAL
1993-06-14,20.101,20.349,-0.248,FINAL
1993-06-15,20.094,20.349,-0.255,FINAL
1993-06-16,20.086,20.348,-0.262,FINAL
1993-06-17,20.075,20.348,-0.273,FINAL
1993-06-18,20.067,20.347,-0.28,FINAL
1993-06-19,20.063,20.347,-0.284,FINAL
1993-06-20,20.061,20.347,-0.286,FINAL
1993-06-21,20.063,20.347,-0.284,FINAL
1993-06-22,20.068,20.347,-0.28,FINAL
1993-06-23,20.075,20.348,-0.273,FINAL
1993-06-24,20.083,20.348,-0.265,FINAL
1993-06-25,20.09,20.348,-0.258,FINAL
1993-06-26,20.096,20.349,-0.253,FINAL
1993-06-27,20.099,20.349,-0.25,FINAL
1993-06-28,20.098,20.35,-0.252,FINAL
1993-06-29,20.094,20.351,-0.257,FINAL
1993-06-30,20.086,20.352,-0.265,FINAL
1993-07-01,20.081,20.353,-0.272,FINAL
1993-07-02,20.075,20.354,-0.279,FINAL
1993-07-03,20.072,20.355,-0.283,FINAL
1993-07-04,20.071,20.356,-0.285,FINAL
1993-07-05,20.072,20.358,-0.286,FINAL
1993-07-06,20.075,20.359,-0.284,FINAL
1993-07-07,20.078,20.36,-0.283,FINAL
1993-07-08,20.078,20.362,-0.284,FINAL
1993-07-09,20.08,20.363,-0.284,FINAL
1993-07-10,20.081,20.365,-0.285,FINAL
1993-07-11,20.081,20.367,-0.286,FINAL
1993-07-12,20.078,20.369,-0.291,FINAL
1993-07-13,20.078,20.37,-0.293,FINAL
1993-07-14,20.081,20.372,-0.292,FINAL
1993-07-15,20.083,20.374,-0.291,FINAL
1993-07-16,20.083,20.376,-0.293,FINAL
1993-07-17,20.074,20.378,-0.304,FINAL
1993-07-18,20.06,20.38,-0.32,FINAL
1993-07-19,20.05,20.383,-0.332,FINAL
1993-07-20,20.042,20.385,-0.342,FINAL
1993-07-21,20.037,20.387,-0.35,FINAL
1993-07-22,20.033,20.389,-0.356,FINAL
1993-07-23,20.035,20.391,-0.357,FINAL
1993-07-24,20.043,20.394,-0.351,FINAL
1993-07-25,20.054,20.396,-0.342,FINAL
1993-07-26,20.066,20.398,-0.332,FINAL
1993-07-27,20.077,20.401,-0.323,FINAL
1993-07-28,20.084,20.403,-0.319,FINAL
1993-07-29,20.085,20.405,-0.32,FINAL
1993-07-30,20.083,20.407,-0.324,FINAL
1993-07-31,20.082,20.41,-0.328,FINAL
1993-08-01,20.083,20.412,-0.329,FINAL
1993-08-02,20.086,20.414,-0.328,FINAL
1993-08-03,20.09,20.416,-0.326,FINAL
1993-08-04,20.094,20.418,-0.324,FINAL
1993-08-05,20.1,20.42,-0.32,FINAL
1993-08-06,20.109,20.422,-0.313,FINAL
1993-08-07,20.118,20.424,-0.306,FINAL
1993-08-08,20.124,20.426,-0.301,FINAL
1993-08-09,20.129,20.427,-0.298,FINAL
1993-08-10,20.135,20.429,-0.294,FINAL
1993-08-11,20.141,20.43,-0.289,FINAL
1993-08-12,20.144,20.431,-0.287,FINAL
1993-08-13,20.146,20.432,-0.286,FINAL
1993-08-14,20.145,20.433,-0.288,FINAL
1993-08-15,20.144,20.434,-0.29,FINAL
1993-08-16,20.149,20.435,-0.286,FINAL
1993-08-17,20.15,20.435,-0.286,FINAL
1993-08-18,20.151,20.436,-0.284,FINAL
1993-08-19,20.153,20.436,-0.283,FINAL
1993-08-20,20.153,20.436,-0.283,FINAL
1993-08-21,20.149,20.436,-0.286,FINAL
1993-08-22,20.143,20.435,-0.292,FINAL
1993-08-23,20.136,20.434,-0.298,FINAL
1993-08-24,20.131,20.433,-0.303,FINAL
1993-08-25,20.127,20.432,-0.305,FINAL
1993-08-26,20.127,20.431,-0.304,FINAL
1993-08-27,20.13,20.429,-0.299,FINAL
1993-08-28,20.134,20.428,-0.294,FINAL
1993-08-29,20.139,20.426,-0.286,FINAL
1993-08-30,20.146,20.423,-0.278,FINAL
1993-08-31,20.154,20.421,-0.267,FINAL
1993-09-01,20.16,20.418,-0.258,FINAL
1993-09-02,20.161,20.415,-0.255,FINAL
1993-09-03,20.158,20.412,-0.254,FINAL
1993-09-04,20.157,20.409,-0.252,FINAL
1993-09-05,20.159,20.405,-0.246,FINAL
1993-09-06,20.164,20.401,-0.237,FINAL
1993-09-07,20.168,20.397,-0.23,FINAL
1993-09-08,20.17,20.393,-0.223,FINAL
1993-09-09,20.169,20.389,-0.22,FINAL
1993-09-10,20.164,20.384,-0.22,FINAL
1993-09-11,20.158,20.379,-0.221,FINAL
1993-09-12,20.152,20.375,-0.223,FINAL
1993-09-13,20.143,20.37,-0.226,FINAL
1993-09-14,20.132,20.364,-0.232,FINAL
1993-09-15,20.117,20.359,-0.242,FINAL
1993-09-16,20.106,20.354,-0.247,FINAL
1993-09-17,20.105,20.348,-0.243,FINAL
1993-09-18,20.105,20.343,-0.238,FINAL
1993-09-19,20.098,20.337,-0.239,FINAL
1993-09-20,20.075,20.331,-0.257,FINAL
1993-09-21,20.044,20.326,-0.282,FINAL
1993-09-22,20.018,20.32,-0.302,FINAL
1993-09-23,19.997,20.314,-0.317,FINAL
1993-09-24,19.978,20.308,-0.33,FINAL
1993-09-25,19.961,20.303,-0.342,FINAL
1993-09-26,19.951,20.297,-0.346,FINAL
1993-09-27,19.953,20.291,-0.338,FINAL
1993-09-28,19.962,20.286,-0.323,FINAL
1993-09-29,19.973,20.28,-0.307,FINAL
1993-09-30,19.981,20.274,-0.294,FINAL
1993-10-01,19.982,20.269,-0.287,FINAL
1993-10-02,19.976,20.264,-0.287,FINAL
1993-10-03,19.968,20.258,-0.291,FINAL
1993-10-04,19.959,20.253,-0.294,FINAL
1993-10-05,19.953,20.248,-0.295,FINAL
1993-10-06,19.949,20.243,-0.294,FINAL
1993-10-07,19.946,20.238,-0.292,FINAL
1993-10-08,19.943,20.233,-0.29,FINAL
1993-10-09,19.94,20.229,-0.289,FINAL
1993-10-10,19.936,20.224,-0.288,FINAL
1993-10-11,19.931,20.22,-0.289,FINAL
1993-10-12,19.923,20.216,-0.293,FINAL
1993-10-13,19.915,20.211,-0.296,FINAL
1993-10-14,19.912,20.207,-0.296,FINAL
1993-10-15,19.915,20.203,-0.289,FINAL
1993-10-16,19.919,20.199,-0.28,FINAL
1993-10-17,19.922,20.196,-0.274,FINAL
1993-10-18,19.918,20.192,-0.274,FINAL
1993-10-19,19.924,20.189,-0.264,FINAL
1993-10-20,19.936,20.185,-0.249,FINAL
1993-10-21,19.947,20.182,-0.235,FINAL
1993-10-22,19.951,20.178,-0.228,FINAL
1993-10-23,19.95,20.175,-0.225,FINAL
1993-10-24,19.948,20.172,-0.224,FINAL
1993-10-25,19.949,20.169,-0.22,FINAL
1993-10-26,19.95,20.166,-0.216,FINAL
1993-10-27,19.948,20.163,-0.214,FINAL
1993-10-28,19.944,20.16,-0.216,FINAL
1993-10-29,19.938,20.157,-0.219,FINAL
1993-10-30,19.93,20.154,-0.225,FINAL
1993-10-31,19.919,20.152,-0.233,FINAL
1993-11-01,19.908,20.149,-0.241,FINAL
1993-11-02,19.898,20.146,-0.248,FINAL
1993-11-03,19.893,20.144,-0.251,FINAL
1993-11-04,19.896,20.142,-0.246,FINAL
1993-11-05,19.906,20.139,-0.233,FINAL
1993-11-06,19.919,20.137,-0.218,FINAL
1993-11-07,19.932,20.135,-0.202,FINAL
1993-11-08,19.943,20.133,-0.19,FINAL
1993-11-09,19.949,20.131,-0.182,FINAL
1993-11-10,19.946,20.129,-0.183,FINAL
1993-11-11,19.935,20.127,-0.192,FINAL
1993-11-12,19.921,20.125,-0.204,FINAL
1993-11-13,19.908,20.124,-0.216,FINAL
1993-11-14,19.898,20.123,-0.225,FINAL
1993-11-15,19.894,20.121,-0.228,FINAL
1993-11-16,19.896,20.12,-0.224,FINAL
1993-11-17,19.902,20.119,-0.217,FINAL
1993-11-18,19.91,20.119,-0.208,FINAL
1993-11-19,19.919,20.118,-0.199,FINAL
1993-11-20,19.925,20.118,-0.192,FINAL
1993-11-21,19.928,20.117,-0.189,FINAL
1993-11-22,19.929,20.117,-0.188,FINAL
1993-11-23,19.93,20.117,-0.187,FINAL
1993-11-24,19.931,20.118,-0.187,FINAL
1993-11-25,19.932,20.118,-0.187,FINAL
1993-11-26,19.933,20.119,-0.186,FINAL
1993-11-27,19.933,20.12,-0.187,FINAL
1993-11-28,19.932,20.121,-0.189,FINAL
1993-11-29,19.929,20.123,-0.193,FINAL
1993-11-30,19.928,20.124,-0.196,FINAL
1993-12-01,19.926,20.126,-0.2,FINAL
1993-12-02,19.927,20.128,-0.201,FINAL
1993-12-03,19.926,20.13,-0.203,FINAL
1993-12-04,19.923,20.132,-0.209,FINAL
1993-12-05,19.921,20.135,-0.214,FINAL
1993-12-06,19.922,20.137,-0.215,FINAL
1993-12-07,19.924,20.14,-0.216,FINAL
1993-12-08,19.924,20.143,-0.219,FINAL
1993-12-09,19.919,20.146,-0.226,FINAL
1993-12-10,19.912,20.149,-0.237,FINAL
1993-12-11,19.906,20.152,-0.246,FINAL
1993-12-12,19.904,20.156,-0.252,FINAL
1993-12-13,19.904,20.159,-0.255,FINAL
1993-12-14,19.91,20.163,-0.253,FINAL
1993-12-15,19.921,20.167,-0.245,FINAL
1993-12-16,19.939,20.17,-0.232,FINAL
1993-12-17,19.954,20.174,-0.22,FINAL
1993-12-18,19.969,20.178,-0.209,FINAL
1993-12-19,19.977,20.182,-0.206,FINAL
1993-12-20,19.977,20.186,-0.209,FINAL
1993-12-21,19.972,20.19,-0.218,FINAL
1993-12-22,19.965,20.194,-0.229,FINAL
1993-12-23,19.957,20.198,-0.241,FINAL
1993-12-24,19.953,20.203,-0.25,FINAL
1993-12-25,19.951,20.207,-0.256,FINAL
1993-12-26,19.953,20.211,-0.259,FINAL
1993-12-27,19.96,20.216,-0.256,FINAL
1993-12-28,19.972,20.22,-0.248,FINAL
1993-12-29,19.991,20.224,-0.233,FINAL
1993-12-30,20.011,20.229,-0.217,FINAL
1993-12-31,20.029,20.233,-0.205,FINAL
1994-01-01,20.043,20.238,-0.195,FINAL
1994-01-02,20.056,20.242,-0.186,FINAL
1994-01-03,20.07,20.247,-0.177,FINAL
1994-01-04,20.08,20.252,-0.172,FINAL
1994-01-05,20.083,20.256,-0.174,FINAL
1994-01-06,20.082,20.261,-0.18,FINAL
1994-01-07,20.078,20.266,-0.188,FINAL
1994-01-08,20.074,20.271,-0.197,FINAL
1994-01-09,20.072,20.276,-0.204,FINAL
1994-01-10,20.072,20.281,-0.209,FINAL
1994-01-11,20.074,20.286,-0.212,FINAL
1994-01-12,20.079,20.291,-0.213,FINAL
1994-01-13,20.086,20.297,-0.21,FINAL
1994-01-14,20.098,20.302,-0.204,FINAL
1994-01-15,20.112,20.307,-0.195,FINAL
1994-01-16,20.128,20.313,-0.184,FINAL
1994-01-17,20.139,20.318,-0.179,FINAL
1994-01-18,20.145,20.324,-0.178,FINAL
1994-01-19,20.149,20.329,-0.181,FINAL
1994-01-20,20.151,20.335,-0.184,FINAL
1994-01-21,20.151,20.341,-0.189,FINAL
1994-01-22,20.143,20.346,-0.203,FINAL
1994-01-23,20.126,20.352,-0.226,FINAL
1994-01-24,20.105,20.358,-0.253,FINAL
1994-01-25,20.089,20.364,-0.274,FINAL
1994-01-26,20.08,20.37,-0.289,FINAL
1994-01-27,20.075,20.375,-0.301,FINAL
1994-01-28,20.075,20.381,-0.306,FINAL
1994-01-29,20.082,20.387,-0.304,FINAL
1994-01-30,20.097,20.392,-0.295,FINAL
1994-01-31,20.117,20.398,-0.281,FINAL
1994-02-01,20.14,20.404,-0.264,FINAL
1994-02-02,20.163,20.409,-0.247,FINAL
1994-02-03,20.178,20.415,-0.237,FINAL
1994-02-04,20.184,20.42,-0.236,FINAL
1994-02-05,20.185,20.425,-0.241,FINAL
1994-02-06,20.184,20.43,-0.246,FINAL
1994-02-07,20.188,20.436,-0.247,FINAL
1994-02-08,20.195,20.44,-0.246,FINAL
1994-02-09,20.202,20.445,-0.244,FINAL
1994-02-10,20.208,20.45,-0.243,FINAL
1994-02-11,20.211,20.455,-0.243,FINAL
1994-02-12,20.214,20.459,-0.246,FINAL
1994-02-13,20.215,20.463,-0.249,FINAL
1994-02-14,20.217,20.468,-0.251,FINAL
1994-02-15,20.218,20.472,-0.254,FINAL
1994-02-16,20.218,20.476,-0.258,FINAL
1994-02-17,20.213,20.48,-0.266,FINAL
1994-02-18,20.208,20.483,-0.275,FINAL
1994-02-19,20.204,20.487,-0.283,FINAL
1994-02-20,20.203,20.49,-0.288,FINAL
1994-02-21,20.204,20.493,-0.29,FINAL
1994-02-22,20.209,20.497,-0.288,FINAL
1994-02-23,20.216,20.5,-0.283,FINAL
1994-02-24,20.225,20.503,-0.277,FINAL
1994-02-25,20.235,20.505,-0.27,FINAL
1994-02-26,20.245,20.508,-0.263,FINAL
1994-02-27,20.255,20.51,-0.255,FINAL
1994-02-28,20.261,20.513,-0.252,FINAL
1994-03-01,20.259,20.515,-0.257,FINAL
1994-03-02,20.256,20.517,-0.262,FINAL
1994-03-03,20.255,20.52,-0.264,FINAL
1994-03-04,20.261,20.522,-0.26,FINAL
1994-03-05,20.271,20.523,-0.252,FINAL
1994-03-06,20.281,20.525,-0.245,FINAL
1994-03-07,20.289,20.527,-0.238,FINAL
1994-03-08,20.298,20.529,-0.231,FINAL
1994-03-09,20.306,20.53,-0.224,FINAL
1994-03-10,20.311,20.531,-0.221,FINAL
1994-03-11,20.31,20.533,-0.223,FINAL
1994-03-12,20.306,20.534,-0.228,FINAL
1994-03-13,20.302,20.535,-0.233,FINAL
1994-03-14,20.302,20.536,-0.234,FINAL
1994-03-15,20.305,20.537,-0.232,FINAL
1994-03-16,20.31,20.538,-0.228,FINAL
1994-03-17,20.314,20.538,-0.225,FINAL
1994-03-18,20.316,20.539,-0.222,FINAL
1994-03-19,20.316,20.539,-0.224,FINAL
1994-03-20,20.309,20.54,-0.231,FINAL
1994-03-21,20.298,20.54,-0.241,FINAL
1994-03-22,20.288,20.54,-0.252,FINAL
1994-03-23,20.282,20.54,-0.258,FINAL
1994-03-24,20.285,20.54,-0.254,FINAL
1994-03-25,20.298,20.539,-0.242,FINAL
1994-03-26,20.314,20.539,-0.225,FINAL
1994-03-27,20.331,20.538,-0.207,FINAL
1994-03-28,20.344,20.538,-0.194,FINAL
1994-03-29,20.349,20.537,-0.188,FINAL
1994-03-30,20.343,20.536,-0.193,FINAL
1994-03-31,20.33,20.535,-0.204,FINAL
1994-04-01,20.31,20.534,-0.224,FINAL
1994-04-02,20.29,20.532,-0.242,FINAL
1994-04-03,20.268,20.531,-0.262,FINAL
1994-04-04,20.255,20.529,-0.274,FINAL
1994-04-05,20.255,20.528,-0.272,FINAL
1994-04-06,20.259,20.526,-0.266,FINAL
1994-04-07,20.261,20.524,-0.263,FINAL
1994-04-08,20.251,20.522,-0.271,FINAL
1994-04-09,20.232,20.52,-0.288,FINAL
1994-04-10,20.214,20.517,-0.304,FINAL
1994-04-11,20.197,20.515,-0.319,FINAL
1994-04-12,20.187,20.513,-0.326,FINAL
1994-04-13,20.184,20.51,-0.327,FINAL
1994-04-14,20.185,20.508,-0.323,FINAL
1994-04-15,20.193,20.505,-0.312,FINAL
1994-04-16,20.204,20.502,-0.298,FINAL
1994-04-17,20.22,20.5,-0.28,FINAL
1994-04-18,20.243,20.497,-0.253,FINAL
1994-04-19,20.262,20.494,-0.232,FINAL
1994-04-20,20.269,20.491,-0.222,FINAL
1994-04-21,20.27,20.488,-0.218,FINAL
1994-04-22,20.271,20.485,-0.214,FINAL
1994-04-23,20.278,20.482,-0.203,FINAL
1994-04-24,20.291,20.479,-0.188,FINAL
1994-04-25,20.3,20.476,-0.175,FINAL
1994-04-26,20.304,20.473,-0.169,FINAL
1994-04-27,20.298,20.469,-0.171,FINAL
1994-04-28,20.28,20.466,-0.186,FINAL
1994-04-29,20.255,20.463,-0.208,FINAL
1994-04-30,20.23,20.46,-0.23,FINAL
1994-05-01,20.208,20.457,-0.249,FINAL
1994-05-02,20.185,20.453,-0.268,FINAL
1994-05-03,20.165,20.45,-0.285,FINAL
1994-05-04,20.154,20.447,-0.293,FINAL
1994-05-05,20.156,20.444,-0.288,FINAL
1994-05-06,20.166,20.441,-0.274,FINAL
1994-05-07,20.178,20.437,-0.26,FINAL
1994-05-08,20.185,20.434,-0.249,FINAL
1994-05-09,20.187,20.431,-0.244,FINAL
1994-05-10,20.184,20.428,-0.243,FINAL
1994-05-11,20.179,20.425,-0.246,FINAL
1994-05-12,20.171,20.421,-0.251,FINAL
1994-05-13,20.16,20.418,-0.258,FINAL
1994-05-14,20.151,20.415,-0.264,FINAL
1994-05-15,20.144,20.412,-0.269,FINAL
1994-05-16,20.139,20.409,-0.27,FINAL
1994-05-17,20.132,20.406,-0.274,FINAL
1994-05-18,20.123,20.403,-0.28,FINAL
1994-05-19,20.117,20.4,-0.283,FINAL
1994-05-20,20.114,20.397,-0.283,FINAL
1994-05-21,20.112,20.394,-0.282,FINAL
1994-05-22,20.111,20.392,-0.281,FINAL
1994-05-23,20.109,20.389,-0.28,FINAL
1994-05-24,20.104,20.386,-0.282,FINAL
1994-05-25,20.099,20.383,-0.285,FINAL
1994-05-26,20.093,20.381,-0.287,FINAL
1994-05-27,20.091,20.378,-0.288,FINAL
1994-05-28,20.093,20.376,-0.283,FINAL
1994-05-29,20.1,20.374,-0.273,FINAL
1994-05-30,20.109,20.371,-0.263,FINAL
1994-05-31,20.115,20.369,-0.254,FINAL
1994-06-01,20.128,20.367,-0.24,FINAL
1994-06-02,20.123,20.365,-0.242,FINAL
1994-06-03,20.111,20.363,-0.252,FINAL
1994-06-04,20.095,20.361,-0.267,FINAL
1994-06-05,20.077,20.36,-0.282,FINAL
1994-06-06,20.061,20.358,-0.297,FINAL
1994-06-07,20.05,20.357,-0.307,FINAL
1994-06-08,20.046,20.355,-0.309,FINAL
1994-06-09,20.051,20.354,-0.303,FINAL
1994-06-10,20.059,20.353,-0.294,FINAL
1994-06-11,20.069,20.352,-0.282,FINAL
1994-06-12,20.078,20.351,-0.273,FINAL
1994-06-13,20.081,20.35,-0.269,FINAL
1994-06-14,20.078,20.349,-0.271,FINAL
1994-06-15,20.072,20.349,-0.277,FINAL
1994-06-16,20.066,20.348,-0.282,FINAL
1994-06-17,20.063,20.348,-0.285,FINAL
1994-06-18,20.063,20.347,-0.285,FINAL
1994-06-19,20.063,20.347,-0.285,FINAL
1994-06-20,20.063,20.347,-0.284,FINAL
1994-06-21,20.063,20.347,-0.284,FINAL
1994-06-22,20.065,20.347,-0.282,FINAL
1994-06-23,20.067,20.348,-0.28,FINAL
1994-06-24,20.069,20.348,-0.279,FINAL
1994-06-25,20.07,20.348,-0.279,FINAL
1994-06-26,20.068,20.349,-0.28,FINAL
1994-06-27,20.064,20.349,-0.285,FINAL
1994-06-28,20.059,20.35,-0.291,FINAL
1994-06-29,20.056,20.351,-0.295,FINAL
1994-06-30,20.052,20.352,-0.3,FINAL
1994-07-01,20.047,20.353,-0.306,FINAL
1994-07-02,20.039,20.354,-0.315,FINAL
1994-07-03,20.031,20.355,-0.324,FINAL
1994-07-04,20.026,20.356,-0.331,FINAL
1994-07-05,20.023,20.358,-0.334,FINAL
1994-07-06,20.024,20.359,-0.335,FINAL
1994-07-07,20.03,20.36,-0.331,FINAL
1994-07-08,20.039,20.362,-0.323,FINAL
1994-07-09,20.05,20.363,-0.314,FINAL
1994-07-10,20.06,20.365,-0.305,FINAL
1994-07-11,20.07,20.367,-0.297,FINAL
1994-07-12,20.076,20.369,-0.293,FINAL
1994-07-13,20.076,20.37,-0.295,FINAL
1994-07-14,20.071,20.372,-0.301,FINAL
1994-07-15,20.064,20.374,-0.311,FINAL
1994-07-16,20.06,20.376,-0.317,FINAL
1994-07-17,20.058,20.378,-0.321,FINAL
1994-07-18,20.061,20.38,-0.32,FINAL
1994-07-19,20.067,20.383,-0.316,FINAL
1994-07-20,20.076,20.385,-0.309,FINAL
1994-07-21,20.085,20.387,-0.302,FINAL
1994-07-22,20.095,20.389,-0.295,FINAL
1994-07-23,20.099,20.391,-0.292,FINAL
1994-07-24,20.1,20.394,-0.294,FINAL
1994-07-25,20.099,20.396,-0.297,FINAL
1994-07-26,20.1,20.398,-0.298,FINAL
1994-07-27,20.104,20.401,-0.296,FINAL
1994-07-28,20.11,20.403,-0.293,FINAL
1994-07-29,20.114,20.405,-0.291,FINAL
1994-07-30,20.119,20.407,-0.289,FINAL
1994-07-31,20.125,20.41,-0.285,FINAL
1994-08-01,20.135,20.412,-0.277,FINAL
1994-08-02,20.145,20.414,-0.269,FINAL
1994-08-03,20.15,20.416,-0.266,FINAL
1994-08-04,20.154,20.418,-0.264,FINAL
1994-08-05,20.159,20.42,-0.261,FINAL
1994-08-06,20.169,20.422,-0.253,FINAL
1994-08-07,20.179,20.424,-0.245,FINAL
1994-08-08,20.186,20.426,-0.239,FINAL
1994-08-09,20.191,20.427,-0.236,FINAL
1994-08-10,20.195,20.429,-0.234,FINAL
1994-08-11,20.198,20.43,-0.232,FINAL
1994-08-12,20.2,20.431,-0.232,FINAL
1994-08-13,20.199,20.432,-0.233,FINAL
1994-08-14,20.198,20.433,-0.235,FINAL
1994-08-15,20.196,20.434,-0.238,FINAL
1994-08-16,20.195,20.435,-0.24,FINAL
1994-08-17,20.191,20.435,-0.244,FINAL
1994-08-18,20.19,20.436,-0.246,FINAL
1994-08-19,20.189,20.436,-0.247,FINAL
1994-08-20,20.189,20.436,-0.247,FINAL
1994-08-21,20.188,20.436,-0.247,FINAL
1994-08-22,20.188,20.435,-0.247,FINAL
1994-08-23,20.187,20.434,-0.247,FINAL
1994-08-24,20.189,20.433,-0.244,FINAL
1994-08-25,20.191,20.432,-0.242,FINAL
1994-08-26,20.193,20.431,-0.238,FINAL
1994-08-27,20.195,20.429,-0.235,FINAL
1994-08-28,20.194,20.428,-0.233,FINAL
1994-08-29,20.193,20.426,-0.232,FINAL
1994-08-30,20.193,20.423,-0.23,FINAL
1994-08-31,20.197,20.421,-0.224,FINAL
1994-09-01,20.201,20.418,-0.218,FINAL
1994-09-02,20.203,20.415,-0.212,FINAL
1994-09-03,20.204,20.412,-0.208,FINAL
1994-09-04,20.204,20.409,-0.204,FINAL
1994-09-05,20.206,20.405,-0.199,FINAL
1994-09-06,20.209,20.401,-0.192,FINAL
1994-09-07,20.214,20.397,-0.183,FINAL
1994-09-08,20.216,20.393,-0.177,FINAL
1994-09-09,20.21,20.389,-0.179,FINAL
1994-09-10,20.193,20.384,-0.191,FINAL
1994-09-11,20.172,20.379,-0.207,FINAL
1994-09-12,20.155,20.375,-0.219,FINAL
1994-09-13,20.139,20.37,-0.23,FINAL
1994-09-14,20.122,20.364,-0.243,FINAL
1994-09-15,20.099,20.359,-0.26,FINAL
1994-09-16,20.081,20.354,-0.273,FINAL
1994-09-17,20.075,20.348,-0.273,FINAL
1994-09-18,20.075,20.343,-0.267,FINAL
1994-09-19,20.076,20.337,-0.261,FINAL
1994-09-20,20.074,20.331,-0.257,FINAL
1994-09-21,20.068,20.326,-0.258,FINAL
1994-09-22,20.062,20.32,-0.258,FINAL
1994-09-23,20.057,20.314,-0.257,FINAL
1994-09-24,20.055,20.308,-0.253,FINAL
1994-09-25,20.055,20.303,-0.247,FINAL
1994-09-26,20.055,20.297,-0.242,FINAL
1994-09-27,20.051,20.291,-0.24,FINAL
1994-09-28,20.048,20.286,-0.238,FINAL
1994-09-29,20.049,20.28,-0.231,FINAL
1994-09-30,20.057,20.274,-0.217,FINAL
1994-10-01,20.066,20.269,-0.203,FINAL
1994-10-02,20.067,20.264,-0.197,FINAL
1994-10-03,20.067,20.258,-0.192,FINAL
1994-10-04,20.07,20.253,-0.183,FINAL
1994-10-05,20.083,20.248,-0.165,FINAL
1994-10-06,20.098,20.243,-0.145,FINAL
1994-10-07,20.106,20.238,-0.132,FINAL
1994-10-08,20.11,20.233,-0.123,FINAL
1994-10-09,20.111,20.229,-0.118,FINAL
1994-10-10,20.11,20.224,-0.115,FINAL
1994-10-11,20.105,20.22,-0.115,FINAL
1994-10-12,20.097,20.216,-0.119,FINAL
1994-10-13,20.085,20.211,-0.127,FINAL
1994-10-14,20.069,20.207,-0.138,FINAL
1994-10-15,20.052,20.203,-0.151,FINAL
1994-10-16,20.037,20.199,-0.162,FINAL
1994-10-17,20.029,20.196,-0.167,FINAL
1994-10-18,20.019,20.192,-0.173,FINAL
1994-10-19,20.015,20.189,-0.174,FINAL
1994-10-20,20.008,20.185,-0.177,FINAL
1994-10-21,20.001,20.182,-0.181,FINAL
1994-10-22,19.997,20.178,-0.181,FINAL
1994-10-23,19.995,20.175,-0.18,FINAL
1994-10-24,19.993,20.172,-0.178,FINAL
1994-10-25,19.993,20.169,-0.176,FINAL
1994-10-26,19.993,20.166,-0.173,FINAL
1994-10-27,19.994,20.163,-0.169,FINAL
1994-10-28,19.994,20.16,-0.166,FINAL
1994-10-29,19.992,20.157,-0.165,FINAL
1994-10-30,19.989,20.154,-0.165,FINAL
1994-10-31,19.984,20.152,-0.167,FINAL
1994-11-01,19.98,20.149,-0.169,FINAL
1994-11-02,19.975,20.146,-0.171,FINAL
1994-11-03,19.969,20.144,-0.175,FINAL
1994-11-04,19.959,20.142,-0.183,FINAL
1994-11-05,19.949,20.139,-0.19,FINAL
1994-11-06,19.944,20.137,-0.193,FINAL
1994-11-07,19.94,20.135,-0.194,FINAL
1994-11-08,19.937,20.133,-0.196,FINAL
1994-11-09,19.931,20.131,-0.2,FINAL
1994-11-10,19.924,20.129,-0.205,FINAL
1994-11-11,19.919,20.127,-0.209,FINAL
1994-11-12,19.915,20.125,-0.21,FINAL
1994-11-13,19.916,20.124,-0.208,FINAL
1994-11-14,19.92,20.123,-0.202,FINAL
1994-11-15,19.926,20.121,-0.195,FINAL
1994-11-16,19.931,20.12,-0.189,FINAL
1994-11-17,19.934,20.119,-0.185,FINAL
1994-11-18,19.941,20.119,-0.177,FINAL
1994-11-19,19.951,20.118,-0.167,FINAL
1994-11-20,19.959,20.118,-0.158,FINAL
1994-11-21,19.962,20.117,-0.155,FINAL
1994-11-22,19.963,20.117,-0.155,FINAL
1994-11-23,19.964,20.117,-0.154,FINAL
1994-11-24,19.97,20.118,-0.148,FINAL
1994-11-25,19.978,20.118,-0.14,FINAL
1994-11-26,19.984,20.119,-0.135,FINAL
1994-11-27,19.989,20.12,-0.131,FINAL
1994-11-28,19.992,20.121,-0.129,FINAL
1994-11-29,19.993,20.123,-0.129,FINAL
1994-11-30,19.994,20.124,-0.13,FINAL
1994-12-01,19.993,20.126,-0.133,FINAL
1994-12-02,19.993,20.128,-0.135,FINAL
1994-12-03,19.989,20.13,-0.141,FINAL
1994-12-04,19.98,20.132,-0.152,FINAL
1994-12-05,19.97,20.135,-0.165,FINAL
1994-12-06,19.962,20.137,-0.175,FINAL
1994-12-07,19.956,20.14,-0.184,FINAL
1994-12-08,19.953,20.143,-0.189,FINAL
1994-12-09,19.954,20.146,-0.192,FINAL
1994-12-10,19.958,20.149,-0.191,FINAL
1994-12-11,19.966,20.152,-0.186,FINAL
1994-12-12,19.977,20.156,-0.179,FINAL
1994-12-13,19.989,20.159,-0.17,FINAL
1994-12-14,20.002,20.163,-0.161,FINAL
1994-12-15,20.012,20.167,-0.155,FINAL
1994-12-16,20.015,20.17,-0.156,FINAL
1994-12-17,20.016,20.174,-0.158,FINAL
1994-12-18,20.02,20.178,-0.158,FINAL
1994-12-19,20.028,20.182,-0.154,FINAL
1994-12-20,20.038,20.186,-0.148,FINAL
1994-12-21,20.046,20.19,-0.144,FINAL
1994-12-22,20.053,20.194,-0.141,FINAL
1994-12-23,20.061,20.198,-0.137,FINAL
1994-12-24,20.071,20.203,-0.132,FINAL
1994-12-25,20.081,20.207,-0.126,FINAL
1994-12-26,20.088,20.211,-0.123,FINAL
1994-12-27,20.093,20.216,-0.122,FINAL
1994-12-28,20.096,20.22,-0.124,FINAL
1994-12-29,20.096,20.224,-0.128,FINAL
1994-12-30,20.097,20.229,-0.132,FINAL
1994-12-31,20.101,20.233,-0.133,FINAL
1995-01-01,20.102,20.238,-0.136,FINAL
1995-01-02,20.1,20.242,-0.143,FINAL
1995-01-03,20.091,20.247,-0.156,FINAL
1995-01-04,20.077,20.252,-0.174,FINAL
1995-01-05,20.066,20.256,-0.19,FINAL
1995-01-06,20.059,20.261,-0.202,FINAL
1995-01-07,20.058,20.266,-0.208,FINAL
1995-01-08,20.062,20.271,-0.209,FINAL
1995-01-09,20.073,20.276,-0.203,FINAL
1995-01-10,20.09,20.281,-0.191,FINAL
1995-01-11,20.109,20.286,-0.177,FINAL
1995-01-12,20.13,20.291,-0.161,FINAL
1995-01-13,20.15,20.297,-0.147,FINAL
1995-01-14,20.159,20.302,-0.143,FINAL
1995-01-15,20.16,20.307,-0.148,FINAL
1995-01-16,20.156,20.313,-0.156,FINAL
1995-01-17,20.157,20.318,-0.162,FINAL
1995-01-18,20.17,20.324,-0.154,FINAL
1995-01-19,20.189,20.329,-0.14,FINAL
1995-01-20,20.207,20.335,-0.128,FINAL
1995-01-21,20.224,20.341,-0.116,FINAL
1995-01-22,20.243,20.346,-0.103,FINAL
1995-01-23,20.264,20.352,-0.089,FINAL
1995-01-24,20.278,20.358,-0.08,FINAL
1995-01-25,20.281,20.364,-0.082,FINAL
1995-01-26,20.28,20.37,-0.09,FINAL
1995-01-27,20.279,20.375,-0.096,FINAL
1995-01-28,20.285,20.381,-0.096,FINAL
1995-01-29,20.298,20.387,-0.089,FINAL
1995-01-30,20.31,20.392,-0.082,FINAL
1995-01-31,20.322,20.398,-0.076,FINAL
1995-02-01,20.334,20.404,-0.07,FINAL
1995-02-02,20.344,20.409,-0.066,FINAL
1995-02-03,20.349,20.415,-0.066,FINAL
1995-02-04,20.349,20.42,-0.071,FINAL
1995-02-05,20.347,20.425,-0.078,FINAL
1995-02-06,20.348,20.43,-0.083,FINAL
1995-02-07,20.352,20.436,-0.084,FINAL
1995-02-08,20.361,20.44,-0.079,FINAL
1995-02-09,20.376,20.445,-0.069,FINAL
1995-02-10,20.389,20.45,-0.061,FINAL
1995-02-11,20.399,20.455,-0.056,FINAL
1995-02-12,20.401,20.459,-0.058,FINAL
1995-02-13,20.396,20.463,-0.068,FINAL
1995-02-14,20.384,20.468,-0.083,FINAL
1995-02-15,20.373,20.472,-0.099,FINAL
1995-02-16,20.367,20.476,-0.109,FINAL
1995-02-17,20.368,20.48,-0.112,FINAL
1995-02-18,20.38,20.483,-0.103,FINAL
1995-02-19,20.398,20.487,-0.088,FINAL
1995-02-20,20.42,20.49,-0.07,FINAL
1995-02-21,20.439,20.493,-0.054,FINAL
1995-02-22,20.453,20.497,-0.044,FINAL
1995-02-23,20.455,20.5,-0.045,FINAL
1995-02-24,20.45,20.503,-0.053,FINAL
1995-02-25,20.44,20.505,-0.065,FINAL
1995-02-26,20.428,20.508,-0.08,FINAL
1995-02-27,20.417,20.51,-0.094,FINAL
1995-02-28,20.413,20.513,-0.1,FINAL
1995-03-01,20.417,20.515,-0.098,FINAL
1995-03-02,20.424,20.517,-0.093,FINAL
1995-03-03,20.429,20.52,-0.091,FINAL
1995-03-04,20.427,20.522,-0.094,FINAL
1995-03-05,20.419,20.523,-0.104,FINAL
1995-03-06,20.41,20.525,-0.115,FINAL
1995-03-07,20.401,20.527,-0.126,FINAL
1995-03-08,20.397,20.529,-0.132,FINAL
1995-03-09,20.398,20.53,-0.133,FINAL
1995-03-10,20.404,20.531,-0.127,FINAL
1995-03-11,20.413,20.533,-0.119,FINAL
1995-03-12,20.425,20.534,-0.109,FINAL
1995-03-13,20.437,20.535,-0.098,FINAL
1995-03-14,20.449,20.536,-0.087,FINAL
1995-03-15,20.456,20.537,-0.081,FINAL
1995-03-16,20.455,20.538,-0.083,FINAL
1995-03-17,20.452,20.538,-0.086,FINAL
1995-03-18,20.448,20.539,-0.091,FINAL
1995-03-19,20.445,20.539,-0.095,FINAL
1995-03-20,20.443,20.54,-0.097,FINAL
1995-03-21,20.441,20.54,-0.099,FINAL
1995-03-22,20.439,20.54,-0.101,FINAL
1995-03-23,20.439,20.54,-0.101,FINAL
1995-03-24,20.442,20.54,-0.098,FINAL
1995-03-25,20.449,20.539,-0.091,FINAL
1995-03-26,20.458,20.539,-0.081,FINAL
1995-03-27,20.465,20.538,-0.073,FINAL
1995-03-28,20.467,20.538,-0.07,FINAL
1995-03-29,20.46,20.537,-0.076,FINAL
1995-03-30,20.447,20.536,-0.089,FINAL
1995-03-31,20.431,20.535,-0.103,FINAL
1995-04-01,20.413,20.534,-0.121,FINAL
1995-04-02,20.397,20.532,-0.136,FINAL
1995-04-03,20.383,20.531,-0.148,FINAL
1995-04-04,20.377,20.529,-0.152,FINAL
1995-04-05,20.381,20.528,-0.147,FINAL
1995-04-06,20.389,20.526,-0.136,FINAL
1995-04-07,20.397,20.524,-0.127,FINAL
1995-04-08,20.399,20.522,-0.123,FINAL
1995-04-09,20.393,20.52,-0.127,FINAL
1995-04-10,20.38,20.517,-0.137,FINAL
1995-04-11,20.368,20.515,-0.148,FINAL
1995-04-12,20.359,20.513,-0.154,FINAL
1995-04-13,20.357,20.51,-0.153,FINAL
1995-04-14,20.363,20.508,-0.144,FINAL
1995-04-15,20.377,20.505,-0.128,FINAL
1995-04-16,20.388,20.502,-0.114,FINAL
1995-04-17,20.396,20.5,-0.103,FINAL
1995-04-18,20.401,20.497,-0.096,FINAL
1995-04-19,20.397,20.494,-0.097,FINAL
1995-04-20,20.385,20.491,-0.106,FINAL
1995-04-21,20.37,20.488,-0.118,FINAL
1995-04-22,20.357,20.485,-0.128,FINAL
1995-04-23,20.348,20.482,-0.134,FINAL
1995-04-24,20.345,20.479,-0.134,FINAL
1995-04-25,20.345,20.476,-0.131,FINAL
1995-04-26,20.348,20.473,-0.125,FINAL
1995-04-27,20.354,20.469,-0.115,FINAL
1995-04-28,20.363,20.466,-0.104,FINAL
1995-04-29,20.371,20.463,-0.092,FINAL
1995-04-30,20.377,20.46,-0.083,FINAL
1995-05-01,20.383,20.457,-0.074,FINAL
1995-05-02,20.38,20.453,-0.073,FINAL
1995-05-03,20.371,20.45,-0.079,FINAL
1995-05-04,20.358,20.447,-0.089,FINAL
1995-05-05,20.345,20.444,-0.099,FINAL
1995-05-06,20.33,20.441,-0.11,FINAL
1995-05-07,20.315,20.437,-0.123,FINAL
1995-05-08,20.297,20.434,-0.137,FINAL
1995-05-09,20.285,20.431,-0.146,FINAL
1995-05-10,20.279,20.428,-0.148,FINAL
1995-05-11,20.279,20.425,-0.146,FINAL
1995-05-12,20.28,20.421,-0.141,FINAL
1995-05-13,20.28,20.418,-0.139,FINAL
1995-05-14,20.277,20.415,-0.138,FINAL
1995-05-15,20.275,20.412,-0.137,FINAL
1995-05-16,20.275,20.409,-0.134,FINAL
1995-05-17,20.272,20.406,-0.134,FINAL
1995-05-18,20.268,20.403,-0.135,FINAL
1995-05-19,20.265,20.4,-0.136,FINAL
1995-05-20,20.261,20.397,-0.136,FINAL
1995-05-21,20.256,20.394,-0.138,FINAL
1995-05-22,20.251,20.392,-0.141,FINAL
1995-05-23,20.243,20.389,-0.145,FINAL
1995-05-24,20.234,20.386,-0.152,FINAL
1995-05-25,20.225,20.383,-0.158,FINAL
1995-05-26,20.219,20.381,-0.162,FINAL
1995-05-27,20.215,20.378,-0.163,FINAL
1995-05-28,20.216,20.376,-0.16,FINAL
1995-05-29,20.22,20.374,-0.154,FINAL
1995-05-30,20.224,20.371,-0.148,FINAL
1995-05-31,20.228,20.369,-0.141,FINAL
1995-06-01,20.243,20.367,-0.124,FINAL
1995-06-02,20.25,20.365,-0.115,FINAL
1995-06-03,20.254,20.363,-0.109,FINAL
1995-06-04,20.252,20.361,-0.109,FINAL
1995-06-05,20.247,20.36,-0.113,FINAL
1995-06-06,20.242,20.358,-0.116,FINAL
1995-06-07,20.24,20.357,-0.117,FINAL
1995-06-08,20.239,20.355,-0.116,FINAL
1995-06-09,20.241,20.354,-0.113,FINAL
1995-06-10,20.243,20.353,-0.11,FINAL
1995-06-11,20.242,20.352,-0.11,FINAL
1995-06-12,20.238,20.351,-0.113,FINAL
1995-06-13,20.233,20.35,-0.117,FINAL
1995-06-14,20.227,20.349,-0.122,FINAL
1995-06-15,20.22,20.349,-0.128,FINAL
1995-06-16,20.213,20.348,-0.135,FINAL
1995-06-17,20.203,20.348,-0.145,FINAL
1995-06-18,20.194,20.347,-0.153,FINAL
1995-06-19,20.188,20.347,-0.16,FINAL
1995-06-20,20.184,20.347,-0.163,FINAL
1995-06-21,20.184,20.347,-0.163,FINAL
1995-06-22,20.189,20.347,-0.159,FINAL
1995-06-23,20.195,20.348,-0.153,FINAL
1995-06-24,20.2,20.348,-0.148,FINAL
1995-06-25,20.206,20.348,-0.142,FINAL
1995-06-26,20.213,20.349,-0.136,FINAL
1995-06-27,20.224,20.349,-0.126,FINAL
1995-06-28,20.231,20.35,-0.119,FINAL
1995-06-29,20.233,20.351,-0.118,FINAL
1995-06-30,20.232,20.352,-0.12,FINAL
1995-07-01,20.232,20.353,-0.12,FINAL
1995-07-02,20.233,20.354,-0.121,FINAL
1995-07-03,20.233,20.355,-0.122,FINAL
1995-07-04,20.231,20.356,-0.125,FINAL
1995-07-05,20.23,20.358,-0.128,FINAL
1995-07-06,20.23,20.359,-0.129,FINAL
1995-07-07,20.235,20.36,-0.125,FINAL
1995-07-08,20.242,20.362,-0.12,FINAL
1995-07-09,20.246,20.363,-0.117,FINAL
1995-07-10,20.251,20.365,-0.114,FINAL
1995-07-11,20.259,20.367,-0.108,FINAL
1995-07-12,20.27,20.369,-0.098,FINAL
1995-07-13,20.284,20.37,-0.087,FINAL
1995-07-14,20.294,20.372,-0.078,FINAL
1995-07-15,20.3,20.374,-0.074,FINAL
1995-07-16,20.309,20.376,-0.067,FINAL
1995-07-17,20.31,20.378,-0.068,FINAL
1995-07-18,20.307,20.38,-0.073,FINAL
1995-07-19,20.303,20.383,-0.08,FINAL
1995-07-20,20.297,20.385,-0.088,FINAL
1995-07-21,20.29,20.387,-0.097,FINAL
1995-07-22,20.283,20.389,-0.106,FINAL
1995-07-23,20.279,20.391,-0.112,FINAL
1995-07-24,20.281,20.394,-0.113,FINAL
1995-07-25,20.285,20.396,-0.111,FINAL
1995-07-26,20.29,20.398,-0.109,FINAL
1995-07-27,20.293,20.401,-0.108,FINAL
1995-07-28,20.296,20.403,-0.107,FINAL
1995-07-29,20.299,20.405,-0.106,FINAL
1995-07-30,20.303,20.407,-0.105,FINAL
1995-07-31,20.305,20.41,-0.105,FINAL
1995-08-01,20.306,20.412,-0.106,FINAL
1995-08-02,20.306,20.414,-0.108,FINAL
1995-08-03,20.306,20.416,-0.11,FINAL
1995-08-04,20.306,20.418,-0.112,FINAL
1995-08-05,20.305,20.42,-0.115,FINAL
1995-08-06,20.304,20.422,-0.118,FINAL
1995-08-07,20.304,20.424,-0.12,FINAL
1995-08-08,20.307,20.426,-0.119,FINAL
1995-08-09,20.309,20.427,-0.118,FINAL
1995-08-10,20.309,20.429,-0.12,FINAL
1995-08-11,20.305,20.43,-0.125,FINAL
1995-08-12,20.297,20.431,-0.134,FINAL
1995-08-13,20.291,20.432,-0.141,FINAL
1995-08-14,20.285,20.433,-0.148,FINAL
1995-08-15,20.281,20.434,-0.154,FINAL
1995-08-16,20.283,20.435,-0.152,FINAL
1995-08-17,20.285,20.435,-0.15,FINAL
1995-08-18,20.292,20.436,-0.144,FINAL
1995-08-19,20.299,20.436,-0.137,FINAL
1995-08-20,20.305,20.436,-0.131,FINAL
1995-08-21,20.306,20.436,-0.129,FINAL
1995-08-22,20.305,20.435,-0.13,FINAL
1995-08-23,20.302,20.434,-0.132,FINAL
1995-08-24,20.298,20.433,-0.135,FINAL
1995-08-25,20.29,20.432,-0.142,FINAL
1995-08-26,20.277,20.431,-0.154,FINAL
1995-08-27,20.265,20.429,-0.164,FINAL
1995-08-28,20.257,20.428,-0.17,FINAL
1995-08-29,20.252,20.426,-0.173,FINAL
1995-08-30,20.247,20.423,-0.176,FINAL
1995-08-31,20.24,20.421,-0.181,FINAL
1995-09-01,20.235,20.418,-0.183,FINAL
1995-09-02,20.234,20.415,-0.181,FINAL
1995-09-03,20.236,20.412,-0.176,FINAL
1995-09-04,20.237,20.409,-0.172,FINAL
1995-09-05,20.235,20.405,-0.17,FINAL
1995-09-06,20.231,20.401,-0.171,FINAL
1995-09-07,20.226,20.397,-0.171,FINAL
1995-09-08,20.221,20.393,-0.172,FINAL
1995-09-09,20.215,20.389,-0.174,FINAL
1995-09-10,20.207,20.384,-0.177,FINAL
1995-09-11,20.204,20.379,-0.176,FINAL
1995-09-12,20.205,20.375,-0.17,FINAL
1995-09-13,20.206,20.37,-0.164,FINAL
1995-09-14,20.2,20.364,-0.165,FINAL
1995-09-15,20.182,20.359,-0.177,FINAL
1995-09-16,20.156,20.354,-0.197,FINAL
1995-09-17,20.134,20.348,-0.214,FINAL
1995-09-18,20.114,20.343,-0.229,FINAL
1995-09-19,20.096,20.337,-0.241,FINAL
1995-09-20,20.083,20.331,-0.248,FINAL
1995-09-21,20.078,20.326,-0.247,FINAL
1995-09-22,20.083,20.32,-0.237,FINAL
1995-09-23,20.094,20.314,-0.22,FINAL
1995-09-24,20.106,20.308,-0.202,FINAL
1995-09-25,20.115,20.303,-0.188,FINAL
1995-09-26,20.116,20.297,-0.181,FINAL
1995-09-27,20.113,20.291,-0.179,FINAL
1995-09-28,20.104,20.286,-0.182,FINAL
1995-09-29,20.091,20.28,-0.189,FINAL
1995-09-30,20.075,20.274,-0.199,FINAL
1995-10-01,20.059,20.269,-0.21,FINAL
1995-10-02,20.044,20.264,-0.22,FINAL
1995-10-03,20.032,20.258,-0.227,FINAL
1995-10-04,20.022,20.253,-0.231,FINAL
1995-10-05,20.016,20.248,-0.232,FINAL
1995-10-06,20.015,20.243,-0.228,FINAL
1995-10-07,20.016,20.238,-0.222,FINAL
1995-10-08,20.021,20.233,-0.213,FINAL
1995-10-09,20.026,20.229,-0.202,FINAL
1995-10-10,20.033,20.224,-0.191,FINAL
1995-10-11,20.037,20.22,-0.183,FINAL
1995-10-12,20.035,20.216,-0.18,FINAL
1995-10-13,20.03,20.211,-0.181,FINAL
1995-10-14,20.025,20.207,-0.183,FINAL
1995-10-15,20.021,20.203,-0.182,FINAL
1995-10-16,20.017,20.199,-0.182,FINAL
1995-10-17,20.012,20.196,-0.184,FINAL
1995-10-18,19.998,20.192,-0.194,FINAL
1995-10-19,19.994,20.189,-0.195,FINAL
1995-10-20,19.994,20.185,-0.191,FINAL
1995-10-21,19.996,20.182,-0.186,FINAL
1995-10-22,19.998,20.178,-0.181,FINAL
1995-10-23,19.999,20.175,-0.176,FINAL
1995-10-24,20.001,20.172,-0.171,FINAL
1995-10-25,20.003,20.169,-0.166,FINAL
1995-10-26,20.006,20.166,-0.16,FINAL
1995-10-27,20.007,20.163,-0.156,FINAL
1995-10-28,20.005,20.16,-0.155,FINAL
1995-10-29,19.999,20.157,-0.158,FINAL
1995-10-30,19.989,20.154,-0.166,FINAL
1995-10-31,19.976,20.152,-0.175,FINAL
1995-11-01,19.967,20.149,-0.182,FINAL
1995-11-02,19.957,20.146,-0.189,FINAL
1995-11-03,19.947,20.144,-0.197,FINAL
1995-11-04,19.935,20.142,-0.207,FINAL
1995-11-05,19.925,20.139,-0.215,FINAL
1995-11-06,19.919,20.137,-0.218,FINAL
1995-11-07,19.918,20.135,-0.217,FINAL
1995-11-08,19.92,20.133,-0.212,FINAL
1995-11-09,19.926,20.131,-0.205,FINAL
1995-11-10,19.933,20.129,-0.196,FINAL
1995-11-11,19.939,20.127,-0.188,FINAL
1995-11-12,19.946,20.125,-0.18,FINAL
1995-11-13,19.951,20.124,-0.173,FINAL
1995-11-14,19.955,20.123,-0.167,FINAL
1995-11-15,19.955,20.121,-0.166,FINAL
1995-11-16,19.951,20.12,-0.169,FINAL
1995-11-17,19.941,20.119,-0.178,FINAL
1995-11-18,19.937,20.119,-0.182,FINAL
1995-11-19,19.937,20.118,-0.181,FINAL
1995-11-20,19.943,20.118,-0.174,FINAL
1995-11-21,19.953,20.117,-0.164,FINAL
1995-11-22,19.963,20.117,-0.154,FINAL
1995-11-23,19.969,20.117,-0.148,FINAL
1995-11-24,19.968,20.118,-0.15,FINAL
1995-11-25,19.958,20.118,-0.16,FINAL
1995-11-26,19.944,20.119,-0.175,FINAL
1995-11-27,19.929,20.12,-0.191,FINAL
1995-11-28,19.918,20.121,-0.203,FINAL
1995-11-29,19.916,20.123,-0.207,FINAL
1995-11-30,19.924,20.124,-0.201,FINAL
1995-12-01,19.938,20.126,-0.188,FINAL
1995-12-02,19.956,20.128,-0.171,FINAL
1995-12-03,19.974,20.13,-0.156,FINAL
1995-12-04,19.989,20.132,-0.143,FINAL
1995-12-05,19.998,20.135,-0.136,FINAL
1995-12-06,20.003,20.137,-0.134,FINAL
1995-12-07,20.001,20.14,-0.139,FINAL
1995-12-08,19.992,20.143,-0.15,FINAL
1995-12-09,19.976,20.146,-0.17,FINAL
1995-12-10,19.957,20.149,-0.192,FINAL
1995-12-11,19.943,20.152,-0.209,FINAL
1995-12-12,19.933,20.156,-0.223,FINAL
1995-12-13,19.926,20.159,-0.233,FINAL
1995-12-14,19.922,20.163,-0.241,FINAL
1995-12-15,19.924,20.167,-0.243,FINAL
1995-12-16,19.932,20.17,-0.238,FINAL
1995-12-17,19.946,20.174,-0.228,FINAL
1995-12-18,19.967,20.178,-0.211,FINAL
1995-12-19,19.987,20.182,-0.195,FINAL
1995-12-20,20.002,20.186,-0.184,FINAL
1995-12-21,20.009,20.19,-0.181,FINAL
1995-12-22,20.012,20.194,-0.182,FINAL
1995-12-23,20.017,20.198,-0.181,FINAL
1995-12-24,20.029,20.203,-0.173,FINAL
1995-12-25,20.045,20.207,-0.161,FINAL
1995-12-26,20.058,20.211,-0.153,FINAL
1995-12-27,20.069,20.216,-0.146,FINAL
1995-12-28,20.078,20.22,-0.142,FINAL
1995-12-29,20.085,20.224,-0.139,FINAL
1995-12-30,20.09,20.229,-0.139,FINAL
1995-12-31,20.09,20.233,-0.143,FINAL
1996-01-01,20.087,20.238,-0.151,FINAL
1996-01-02,20.083,20.242,-0.159,FINAL
1996-01-03,20.081,20.247,-0.166,FINAL
1996-01-04,20.08,20.252,-0.172,FINAL
1996-01-05,20.083,20.256,-0.174,FINAL
1996-01-06,20.087,20.261,-0.175,FINAL
1996-01-07,20.092,20.266,-0.174,FINAL
1996-01-08,20.096,20.271,-0.175,FINAL
1996-01-09,20.099,20.276,-0.177,FINAL
1996-01-10,20.103,20.281,-0.178,FINAL
1996-01-11,20.107,20.286,-0.179,FINAL
1996-01-12,20.113,20.291,-0.179,FINAL
1996-01-13,20.12,20.297,-0.177,FINAL
1996-01-14,20.128,20.302,-0.174,FINAL
1996-01-15,20.135,20.307,-0.172,FINAL
1996-01-16,20.144,20.313,-0.169,FINAL
1996-01-17,20.151,20.318,-0.167,FINAL
1996-01-18,20.158,20.324,-0.166,FINAL
1996-01-19,20.166,20.329,-0.164,FINAL
1996-01-20,20.173,20.335,-0.162,FINAL
1996-01-21,20.179,20.341,-0.162,FINAL
1996-01-22,20.18,20.346,-0.166,FINAL
1996-01-23,20.177,20.352,-0.175,FINAL
1996-01-24,20.169,20.358,-0.189,FINAL
1996-01-25,20.161,20.364,-0.203,FINAL
1996-01-26,20.154,20.37,-0.215,FINAL
1996-01-27,20.153,20.375,-0.223,FINAL
1996-01-28,20.159,20.381,-0.222,FINAL
1996-01-29,20.172,20.387,-0.214,FINAL
1996-01-30,20.188,20.392,-0.204,FINAL
1996-01-31,20.208,20.398,-0.19,FINAL
1996-02-01,20.228,20.404,-0.176,FINAL
1996-02-02,20.247,20.409,-0.162,FINAL
1996-02-03,20.259,20.415,-0.156,FINAL
1996-02-04,20.262,20.42,-0.158,FINAL
1996-02-05,20.26,20.425,-0.165,FINAL
1996-02-06,20.258,20.43,-0.173,FINAL
1996-02-07,20.258,20.436,-0.177,FINAL
1996-02-08,20.264,20.44,-0.177,FINAL
1996-02-09,20.272,20.445,-0.174,FINAL
1996-02-10,20.28,20.45,-0.17,FINAL
1996-02-11,20.286,20.455,-0.168,FINAL
1996-02-12,20.287,20.459,-0.172,FINAL
1996-02-13,20.283,20.463,-0.18,FINAL
1996-02-14,20.28,20.468,-0.188,FINAL
1996-02-15,20.277,20.472,-0.195,FINAL
1996-02-16,20.273,20.476,-0.202,FINAL
1996-02-17,20.269,20.48,-0.21,FINAL
1996-02-18,20.264,20.483,-0.219,FINAL
1996-02-19,20.263,20.487,-0.224,FINAL
1996-02-20,20.266,20.49,-0.225,FINAL
1996-02-21,20.271,20.493,-0.222,FINAL
1996-02-22,20.279,20.497,-0.217,FINAL
1996-02-23,20.289,20.5,-0.211,FINAL
1996-02-24,20.301,20.503,-0.202,FINAL
1996-02-25,20.31,20.505,-0.195,FINAL
1996-02-26,20.319,20.508,-0.189,FINAL
1996-02-27,20.324,20.51,-0.186,FINAL
1996-02-28,20.326,20.513,-0.187,FINAL
1996-02-29,20.322,20.514,-0.192,FINAL
1996-03-01,20.317,20.515,-0.198,FINAL
1996-03-02,20.312,20.517,-0.206,FINAL
1996-03-03,20.306,20.52,-0.214,FINAL
1996-03-04,20.3,20.522,-0.222,FINAL
1996-03-05,20.297,20.523,-0.227,FINAL
1996-03-06,20.298,20.525,-0.227,FINAL
1996-03-07,20.302,20.527,-0.225,FINAL
1996-03-08,20.307,20.529,-0.221,FINAL
1996-03-09,20.311,20.53,-0.219,FINAL
1996-03-10,20.313,20.531,-0.218,FINAL
1996-03-11,20.312,20.533,-0.221,FINAL
1996-03-12,20.312,20.534,-0.222,FINAL
1996-03-13,20.313,20.535,-0.222,FINAL
1996-03-14,20.318,20.536,-0.219,FINAL
1996-03-15,20.323,20.537,-0.214,FINAL
1996-03-16,20.327,20.538,-0.211,FINAL
1996-03-17,20.33,20.538,-0.208,FINAL
1996-03-18,20.335,20.539,-0.204,FINAL
1996-03-19,20.342,20.539,-0.198,FINAL
1996-03-20,20.351,20.54,-0.188,FINAL
1996-03-21,20.36,20.54,-0.18,FINAL
1996-03-22,20.365,20.54,-0.175,FINAL
1996-03-23,20.364,20.54,-0.176,FINAL
1996-03-24,20.353,20.54,-0.187,FINAL
1996-03-25,20.335,20.539,-0.204,FINAL
1996-03-26,20.316,20.539,-0.223,FINAL
1996-03-27,20.297,20.538,-0.241,FINAL
1996-03-28,20.283,20.538,-0.255,FINAL
1996-03-29,20.275,20.537,-0.262,FINAL
1996-03-30,20.276,20.536,-0.26,FINAL
1996-03-31,20.288,20.535,-0.247,FINAL
1996-04-01,20.302,20.534,-0.232,FINAL
1996-04-02,20.318,20.532,-0.214,FINAL
1996-04-03,20.33,20.531,-0.201,FINAL
1996-04-04,20.333,20.529,-0.197,FINAL
1996-04-05,20.328,20.528,-0.199,FINAL
1996-04-06,20.319,20.526,-0.207,FINAL
1996-04-07,20.307,20.524,-0.217,FINAL
1996-04-08,20.298,20.522,-0.224,FINAL
1996-04-09,20.292,20.52,-0.228,FINAL
1996-04-10,20.29,20.517,-0.227,FINAL
1996-04-11,20.29,20.515,-0.225,FINAL
1996-04-12,20.289,20.513,-0.224,FINAL
1996-04-13,20.286,20.51,-0.224,FINAL
1996-04-14,20.282,20.508,-0.226,FINAL
1996-04-15,20.279,20.505,-0.226,FINAL
1996-04-16,20.275,20.502,-0.228,FINAL
1996-04-17,20.269,20.5,-0.23,FINAL
1996-04-18,20.263,20.497,-0.234,FINAL
1996-04-19,20.257,20.494,-0.237,FINAL
1996-04-20,20.254,20.491,-0.237,FINAL
1996-04-21,20.251,20.488,-0.237,FINAL
1996-04-22,20.247,20.485,-0.238,FINAL
1996-04-23,20.24,20.482,-0.242,FINAL
1996-04-24,20.231,20.479,-0.247,FINAL
1996-04-25,20.225,20.476,-0.251,FINAL
1996-04-26,20.22,20.473,-0.252,FINAL
1996-04-27,20.215,20.469,-0.254,FINAL
1996-04-28,20.209,20.466,-0.257,FINAL
1996-04-29,20.204,20.463,-0.259,FINAL
1996-04-30,20.203,20.46,-0.257,FINAL
1996-05-01,20.205,20.457,-0.252,FINAL
1996-05-02,20.202,20.453,-0.251,FINAL
1996-05-03,20.196,20.45,-0.254,FINAL
1996-05-04,20.187,20.447,-0.26,FINAL
1996-05-05,20.178,20.444,-0.265,FINAL
1996-05-06,20.17,20.441,-0.27,FINAL
1996-05-07,20.162,20.437,-0.275,FINAL
1996-05-08,20.155,20.434,-0.279,FINAL
1996-05-09,20.151,20.431,-0.28,FINAL
1996-05-10,20.151,20.428,-0.277,FINAL
1996-05-11,20.153,20.425,-0.272,FINAL
1996-05-12,20.153,20.421,-0.268,FINAL
1996-05-13,20.15,20.418,-0.268,FINAL
1996-05-14,20.143,20.415,-0.272,FINAL
1996-05-15,20.134,20.412,-0.278,FINAL
1996-05-16,20.128,20.409,-0.281,FINAL
1996-05-17,20.12,20.406,-0.286,FINAL
1996-05-18,20.115,20.403,-0.288,FINAL
1996-05-19,20.111,20.4,-0.289,FINAL
1996-05-20,20.11,20.397,-0.287,FINAL
1996-05-21,20.11,20.394,-0.284,FINAL
1996-05-22,20.114,20.392,-0.278,FINAL
1996-05-23,20.121,20.389,-0.267,FINAL
1996-05-24,20.126,20.386,-0.261,FINAL
1996-05-25,20.122,20.383,-0.261,FINAL
1996-05-26,20.118,20.381,-0.263,FINAL
1996-05-27,20.121,20.378,-0.258,FINAL
1996-05-28,20.137,20.376,-0.239,FINAL
1996-05-29,20.157,20.374,-0.217,FINAL
1996-05-30,20.17,20.371,-0.201,FINAL
1996-05-31,20.181,20.369,-0.188,FINAL
1996-06-01,20.196,20.367,-0.171,FINAL
1996-06-02,20.209,20.365,-0.156,FINAL
1996-06-03,20.216,20.363,-0.148,FINAL
1996-06-04,20.207,20.361,-0.154,FINAL
1996-06-05,20.193,20.36,-0.167,FINAL
1996-06-06,20.184,20.358,-0.174,FINAL
1996-06-07,20.189,20.357,-0.167,FINAL
1996-06-08,20.204,20.355,-0.151,FINAL
1996-06-09,20.22,20.354,-0.134,FINAL
1996-06-10,20.234,20.353,-0.119,FINAL
1996-06-11,20.246,20.352,-0.106,FINAL
1996-06-12,20.255,20.351,-0.096,FINAL
1996-06-13,20.258,20.35,-0.092,FINAL
1996-06-14,20.253,20.349,-0.096,FINAL
1996-06-15,20.244,20.349,-0.105,FINAL
1996-06-16,20.23,20.348,-0.119,FINAL
1996-06-17,20.214,20.348,-0.134,FINAL
1996-06-18,20.201,20.347,-0.146,FINAL
1996-06-19,20.192,20.347,-0.155,FINAL
1996-06-20,20.188,20.347,-0.16,FINAL
1996-06-21,20.185,20.347,-0.162,FINAL
1996-06-22,20.185,20.347,-0.162,FINAL
1996-06-23,20.189,20.348,-0.159,FINAL
1996-06-24,20.196,20.348,-0.152,FINAL
1996-06-25,20.203,20.348,-0.145,FINAL
1996-06-26,20.209,20.349,-0.14,FINAL
1996-06-27,20.211,20.349,-0.138,FINAL
1996-06-28,20.208,20.35,-0.142,FINAL
1996-06-29,20.201,20.351,-0.15,FINAL
1996-06-30,20.192,20.352,-0.159,FINAL
1996-07-01,20.186,20.353,-0.167,FINAL
1996-07-02,20.181,20.354,-0.172,FINAL
1996-07-03,20.182,20.355,-0.173,FINAL
1996-07-04,20.188,20.356,-0.169,FINAL
1996-07-05,20.195,20.358,-0.162,FINAL
1996-07-06,20.201,20.359,-0.158,FINAL
1996-07-07,20.203,20.36,-0.157,FINAL
1996-07-08,20.201,20.362,-0.161,FINAL
1996-07-09,20.199,20.363,-0.165,FINAL
1996-07-10,20.195,20.365,-0.17,FINAL
1996-07-11,20.188,20.367,-0.179,FINAL
1996-07-12,20.178,20.369,-0.191,FINAL
1996-07-13,20.168,20.37,-0.202,FINAL
1996-07-14,20.163,20.372,-0.209,FINAL
1996-07-15,20.162,20.374,-0.213,FINAL
1996-07-16,20.163,20.376,-0.214,FINAL
1996-07-17,20.161,20.378,-0.217,FINAL
1996-07-18,20.16,20.38,-0.22,FINAL
1996-07-19,20.161,20.383,-0.221,FINAL
1996-07-20,20.165,20.385,-0.219,FINAL
1996-07-21,20.172,20.387,-0.215,FINAL
1996-07-22,20.181,20.389,-0.209,FINAL
1996-07-23,20.189,20.391,-0.203,FINAL
1996-07-24,20.196,20.394,-0.198,FINAL
1996-07-25,20.202,20.396,-0.194,FINAL
1996-07-26,20.206,20.398,-0.193,FINAL
1996-07-27,20.208,20.401,-0.192,FINAL
1996-07-28,20.208,20.403,-0.194,FINAL
1996-07-29,20.207,20.405,-0.198,FINAL
1996-07-30,20.205,20.407,-0.203,FINAL
1996-07-31,20.202,20.41,-0.208,FINAL
1996-08-01,20.198,20.412,-0.214,FINAL
1996-08-02,20.197,20.414,-0.217,FINAL
1996-08-03,20.199,20.416,-0.217,FINAL
1996-08-04,20.203,20.418,-0.215,FINAL
1996-08-05,20.206,20.42,-0.214,FINAL
1996-08-06,20.211,20.422,-0.211,FINAL
1996-08-07,20.213,20.424,-0.211,FINAL
1996-08-08,20.214,20.426,-0.212,FINAL
1996-08-09,20.215,20.427,-0.213,FINAL
1996-08-10,20.218,20.429,-0.211,FINAL
1996-08-11,20.225,20.43,-0.205,FINAL
1996-08-12,20.234,20.431,-0.197,FINAL
1996-08-13,20.243,20.432,-0.19,FINAL
1996-08-14,20.25,20.433,-0.183,FINAL
1996-08-15,20.257,20.434,-0.178,FINAL
1996-08-16,20.268,20.435,-0.167,FINAL
1996-08-17,20.272,20.435,-0.163,FINAL
1996-08-18,20.274,20.436,-0.161,FINAL
1996-08-19,20.273,20.436,-0.163,FINAL
1996-08-20,20.269,20.436,-0.167,FINAL
1996-08-21,20.26,20.436,-0.176,FINAL
1996-08-22,20.25,20.435,-0.185,FINAL
1996-08-23,20.241,20.434,-0.193,FINAL
1996-08-24,20.235,20.433,-0.199,FINAL
1996-08-25,20.229,20.432,-0.203,FINAL
1996-08-26,20.226,20.431,-0.205,FINAL
1996-08-27,20.225,20.429,-0.205,FINAL
1996-08-28,20.228,20.428,-0.2,FINAL
1996-08-29,20.232,20.426,-0.193,FINAL
1996-08-30,20.237,20.423,-0.186,FINAL
1996-08-31,20.241,20.421,-0.18,FINAL
1996-09-01,20.242,20.418,-0.176,FINAL
1996-09-02,20.242,20.415,-0.173,FINAL
1996-09-03,20.24,20.412,-0.172,FINAL
1996-09-04,20.234,20.409,-0.174,FINAL
1996-09-05,20.225,20.405,-0.18,FINAL
1996-09-06,20.215,20.401,-0.186,FINAL
1996-09-07,20.21,20.397,-0.188,FINAL
1996-09-08,20.205,20.393,-0.188,FINAL
1996-09-09,20.197,20.389,-0.192,FINAL
1996-09-10,20.185,20.384,-0.199,FINAL
1996-09-11,20.172,20.379,-0.207,FINAL
1996-09-12,20.166,20.375,-0.209,FINAL
1996-09-13,20.162,20.37,-0.208,FINAL
1996-09-14,20.156,20.364,-0.209,FINAL
1996-09-15,20.146,20.359,-0.213,FINAL
1996-09-16,20.133,20.354,-0.221,FINAL
1996-09-17,20.124,20.348,-0.225,FINAL
1996-09-18,20.116,20.343,-0.226,FINAL
1996-09-19,20.111,20.337,-0.227,FINAL
1996-09-20,20.105,20.331,-0.226,FINAL
1996-09-21,20.104,20.326,-0.222,FINAL
1996-09-22,20.106,20.32,-0.214,FINAL
1996-09-23,20.108,20.314,-0.207,FINAL
1996-09-24,20.108,20.308,-0.201,FINAL
1996-09-25,20.103,20.303,-0.2,FINAL
1996-09-26,20.095,20.297,-0.202,FINAL
1996-09-27,20.086,20.291,-0.205,FINAL
1996-09-28,20.076,20.286,-0.21,FINAL
1996-09-29,20.063,20.28,-0.217,FINAL
1996-09-30,20.047,20.274,-0.227,FINAL
1996-10-01,20.032,20.269,-0.237,FINAL
1996-10-02,20.021,20.264,-0.243,FINAL
1996-10-03,20.013,20.258,-0.245,FINAL
1996-10-04,20.008,20.253,-0.245,FINAL
1996-10-05,20.007,20.248,-0.241,FINAL
1996-10-06,20.009,20.243,-0.235,FINAL
1996-10-07,20.011,20.238,-0.227,FINAL
1996-10-08,20.016,20.233,-0.218,FINAL
1996-10-09,20.02,20.229,-0.209,FINAL
1996-10-10,20.024,20.224,-0.201,FINAL
1996-10-11,20.024,20.22,-0.195,FINAL
1996-10-12,20.021,20.216,-0.195,FINAL
1996-10-13,20.014,20.211,-0.197,FINAL
1996-10-14,20.006,20.207,-0.201,FINAL
1996-10-15,19.997,20.203,-0.206,FINAL
1996-10-16,19.991,20.199,-0.209,FINAL
1996-10-17,19.988,20.196,-0.208,FINAL
1996-10-18,19.981,20.192,-0.211,FINAL
1996-10-19,19.975,20.189,-0.213,FINAL
1996-10-20,19.962,20.185,-0.223,FINAL
1996-10-21,19.944,20.182,-0.238,FINAL
1996-10-22,19.926,20.178,-0.252,FINAL
1996-10-23,19.912,20.175,-0.263,FINAL
1996-10-24,19.903,20.172,-0.269,FINAL
1996-10-25,19.9,20.169,-0.269,FINAL
1996-10-26,19.904,20.166,-0.262,FINAL
1996-10-27,19.913,20.163,-0.249,FINAL
1996-10-28,19.926,20.16,-0.234,FINAL
1996-10-29,19.938,20.157,-0.219,FINAL
1996-10-30,19.949,20.154,-0.206,FINAL
1996-10-31,19.953,20.152,-0.198,FINAL
1996-11-01,19.95,20.149,-0.199,FINAL
1996-11-02,19.943,20.146,-0.204,FINAL
1996-11-03,19.933,20.144,-0.211,FINAL
1996-11-04,19.924,20.142,-0.218,FINAL
1996-11-05,19.917,20.139,-0.222,FINAL
1996-11-06,19.913,20.137,-0.224,FINAL
1996-11-07,19.91,20.135,-0.224,FINAL
1996-11-08,19.908,20.133,-0.225,FINAL
1996-11-09,19.903,20.131,-0.228,FINAL
1996-11-10,19.898,20.129,-0.23,FINAL
1996-11-11,19.896,20.127,-0.231,FINAL
1996-11-12,19.895,20.125,-0.231,FINAL
1996-11-13,19.894,20.124,-0.23,FINAL
1996-11-14,19.894,20.123,-0.229,FINAL
1996-11-15,19.893,20.121,-0.229,FINAL
1996-11-16,19.894,20.12,-0.227,FINAL
1996-11-17,19.897,20.119,-0.223,FINAL
1996-11-18,19.899,20.119,-0.22,FINAL
1996-11-19,19.9,20.118,-0.218,FINAL
1996-11-20,19.899,20.118,-0.218,FINAL
1996-11-21,19.898,20.117,-0.219,FINAL
1996-11-22,19.896,20.117,-0.221,FINAL
1996-11-23,19.895,20.117,-0.222,FINAL
1996-11-24,19.896,20.118,-0.222,FINAL
1996-11-25,19.898,20.118,-0.22,FINAL
1996-11-26,19.9,20.119,-0.219,FINAL
1996-11-27,19.902,20.12,-0.218,FINAL
1996-11-28,19.905,20.121,-0.216,FINAL
1996-11-29,19.91,20.123,-0.212,FINAL
1996-11-30,19.917,20.124,-0.207,FINAL
1996-12-01,19.92,20.126,-0.205,FINAL
1996-12-02,19.925,20.128,-0.202,FINAL
1996-12-03,19.928,20.13,-0.201,FINAL
1996-12-04,19.929,20.132,-0.203,FINAL
1996-12-05,19.926,20.135,-0.208,FINAL
1996-12-06,19.923,20.137,-0.214,FINAL
1996-12-07,19.919,20.14,-0.221,FINAL
1996-12-08,19.916,20.143,-0.227,FINAL
1996-12-09,19.915,20.146,-0.23,FINAL
1996-12-10,19.919,20.149,-0.23,FINAL
1996-12-11,19.924,20.152,-0.228,FINAL
1996-12-12,19.932,20.156,-0.224,FINAL
1996-12-13,19.94,20.159,-0.22,FINAL
1996-12-14,19.948,20.163,-0.215,FINAL
1996-12-15,19.954,20.167,-0.212,FINAL
1996-12-16,19.96,20.17,-0.21,FINAL
1996-12-17,19.963,20.174,-0.211,FINAL
1996-12-18,19.967,20.178,-0.211,FINAL
1996-12-19,19.966,20.182,-0.216,FINAL
1996-12-20,19.965,20.186,-0.221,FINAL
1996-12-21,19.965,20.19,-0.225,FINAL
1996-12-22,19.965,20.194,-0.229,FINAL
1996-12-23,19.964,20.198,-0.234,FINAL
1996-12-24,19.962,20.203,-0.241,FINAL
1996-12-25,19.959,20.207,-0.248,FINAL
1996-12-26,19.959,20.211,-0.252,FINAL
1996-12-27,19.962,20.216,-0.254,FINAL
1996-12-28,19.966,20.22,-0.254,FINAL
1996-12-29,19.97,20.224,-0.255,FINAL
1996-12-30,19.974,20.229,-0.255,FINAL
1996-12-31,19.979,20.233,-0.254,FINAL
1997-01-01,19.984,20.238,-0.254,FINAL
1997-01-02,19.993,20.242,-0.25,FINAL
1997-01-03,20.004,20.247,-0.243,FINAL
1997-01-04,20.013,20.252,-0.239,FINAL
1997-01-05,20.019,20.256,-0.238,FINAL
1997-01-06,20.024,20.261,-0.237,FINAL
1997-01-07,20.032,20.266,-0.234,FINAL
1997-01-08,20.047,20.271,-0.224,FINAL
1997-01-09,20.063,20.276,-0.213,FINAL
1997-01-10,20.073,20.281,-0.208,FINAL
1997-01-11,20.082,20.286,-0.204,FINAL
1997-01-12,20.094,20.291,-0.198,FINAL
1997-01-13,20.111,20.297,-0.186,FINAL
1997-01-14,20.13,20.302,-0.172,FINAL
1997-01-15,20.144,20.307,-0.163,FINAL
1997-01-16,20.156,20.313,-0.157,FINAL
1997-01-17,20.163,20.318,-0.156,FINAL
1997-01-18,20.166,20.324,-0.158,FINAL
1997-01-19,20.163,20.329,-0.166,FINAL
1997-01-20,20.159,20.335,-0.176,FINAL
1997-01-21,20.153,20.341,-0.188,FINAL
1997-01-22,20.147,20.346,-0.2,FINAL
1997-01-23,20.142,20.352,-0.21,FINAL
1997-01-24,20.142,20.358,-0.216,FINAL
1997-01-25,20.148,20.364,-0.216,FINAL
1997-01-26,20.158,20.37,-0.212,FINAL
1997-01-27,20.169,20.375,-0.207,FINAL
1997-01-28,20.18,20.381,-0.201,FINAL
1997-01-29,20.189,20.387,-0.197,FINAL
1997-01-30,20.197,20.392,-0.195,FINAL
1997-01-31,20.203,20.398,-0.195,FINAL
1997-02-01,20.208,20.404,-0.196,FINAL
1997-02-02,20.213,20.409,-0.196,FINAL
1997-02-03,20.217,20.415,-0.198,FINAL
1997-02-04,20.217,20.42,-0.203,FINAL
1997-02-05,20.218,20.425,-0.208,FINAL
1997-02-06,20.22,20.43,-0.21,FINAL
1997-02-07,20.229,20.436,-0.206,FINAL
1997-02-08,20.242,20.44,-0.198,FINAL
1997-02-09,20.256,20.445,-0.19,FINAL
1997-02-10,20.269,20.45,-0.181,FINAL
1997-02-11,20.28,20.455,-0.175,FINAL
1997-02-12,20.288,20.459,-0.172,FINAL
1997-02-13,20.291,20.463,-0.173,FINAL
1997-02-14,20.288,20.468,-0.179,FINAL
1997-02-15,20.284,20.472,-0.187,FINAL
1997-02-16,20.281,20.476,-0.195,FINAL
1997-02-17,20.278,20.48,-0.202,FINAL
1997-02-18,20.279,20.483,-0.204,FINAL
1997-02-19,20.282,20.487,-0.204,FINAL
1997-02-20,20.288,20.49,-0.202,FINAL
1997-02-21,20.296,20.493,-0.198,FINAL
1997-02-22,20.303,20.497,-0.193,FINAL
1997-02-23,20.311,20.5,-0.189,FINAL
1997-02-24,20.316,20.503,-0.187,FINAL
1997-02-25,20.32,20.505,-0.185,FINAL
1997-02-26,20.325,20.508,-0.183,FINAL
1997-02-27,20.33,20.51,-0.181,FINAL
1997-02-28,20.332,20.513,-0.181,FINAL
1997-03-01,20.33,20.515,-0.185,FINAL
1997-03-02,20.329,20.517,-0.188,FINAL
1997-03-03,20.33,20.52,-0.189,FINAL
1997-03-04,20.336,20.522,-0.185,FINAL
1997-03-05,20.347,20.523,-0.176,FINAL
1997-03-06,20.36,20.525,-0.166,FINAL
1997-03-07,20.371,20.527,-0.156,FINAL
1997-03-08,20.379,20.529,-0.149,FINAL
1997-03-09,20.382,20.53,-0.148,FINAL
1997-03-10,20.378,20.531,-0.154,FINAL
1997-03-11,20.365,20.533,-0.168,FINAL
1997-03-12,20.35,20.534,-0.184,FINAL
1997-03-13,20.341,20.535,-0.194,FINAL
1997-03-14,20.344,20.536,-0.192,FINAL
1997-03-15,20.358,20.537,-0.179,FINAL
1997-03-16,20.375,20.538,-0.163,FINAL
1997-03-17,20.394,20.538,-0.144,FINAL
1997-03-18,20.414,20.539,-0.125,FINAL
1997-03-19,20.433,20.539,-0.106,FINAL
1997-03-20,20.444,20.54,-0.095,FINAL
1997-03-21,20.443,20.54,-0.096,FINAL
1997-03-22,20.436,20.54,-0.104,FINAL
1997-03-23,20.427,20.54,-0.113,FINAL
1997-03-24,20.424,20.54,-0.116,FINAL
1997-03-25,20.426,20.539,-0.113,FINAL
1997-03-26,20.432,20.539,-0.107,FINAL
1997-03-27,20.437,20.538,-0.102,FINAL
1997-03-28,20.439,20.538,-0.099,FINAL
1997-03-29,20.439,20.537,-0.098,FINAL
1997-03-30,20.435,20.536,-0.101,FINAL
1997-03-31,20.43,20.535,-0.104,FINAL
1997-04-01,20.422,20.534,-0.112,FINAL
1997-04-02,20.413,20.532,-0.119,FINAL
1997-04-03,20.402,20.531,-0.128,FINAL
1997-04-04,20.391,20.529,-0.138,FINAL
1997-04-05,20.385,20.528,-0.143,FINAL
1997-04-06,20.38,20.526,-0.145,FINAL
1997-04-07,20.378,20.524,-0.146,FINAL
1997-04-08,20.376,20.522,-0.146,FINAL
1997-04-09,20.375,20.52,-0.144,FINAL
1997-04-10,20.376,20.517,-0.142,FINAL
1997-04-11,20.378,20.515,-0.137,FINAL
1997-04-12,20.381,20.513,-0.132,FINAL
1997-04-13,20.386,20.51,-0.125,FINAL
1997-04-14,20.388,20.508,-0.12,FINAL
1997-04-15,20.389,20.505,-0.116,FINAL
1997-04-16,20.386,20.502,-0.116,FINAL
1997-04-17,20.385,20.5,-0.114,FINAL
1997-04-18,20.388,20.497,-0.109,FINAL
1997-04-19,20.393,20.494,-0.101,FINAL
1997-04-20,20.397,20.491,-0.094,FINAL
1997-04-21,20.4,20.488,-0.088,FINAL
1997-04-22,20.4,20.485,-0.085,FINAL
1997-04-23,20.396,20.482,-0.085,FINAL
1997-04-24,20.389,20.479,-0.09,FINAL
1997-04-25,20.378,20.476,-0.098,FINAL
1997-04-26,20.367,20.473,-0.106,FINAL
1997-04-27,20.357,20.469,-0.113,FINAL
1997-04-28,20.349,20.466,-0.117,FINAL
1997-04-29,20.345,20.463,-0.118,FINAL
1997-04-30,20.343,20.46,-0.117,FINAL
1997-05-01,20.349,20.457,-0.108,FINAL
1997-05-02,20.353,20.453,-0.1,FINAL
1997-05-03,20.358,20.45,-0.092,FINAL
1997-05-04,20.36,20.447,-0.087,FINAL
1997-05-05,20.358,20.444,-0.086,FINAL
1997-05-06,20.354,20.441,-0.087,FINAL
1997-05-07,20.352,20.437,-0.085,FINAL
1997-05-08,20.357,20.434,-0.077,FINAL
1997-05-09,20.364,20.431,-0.067,FINAL
1997-05-10,20.366,20.428,-0.062,FINAL
1997-05-11,20.367,20.425,-0.057,FINAL
1997-05-12,20.371,20.421,-0.051,FINAL
1997-05-13,20.379,20.418,-0.04,FINAL
1997-05-14,20.387,20.415,-0.028,FINAL
1997-05-15,20.39,20.412,-0.022,FINAL
1997-05-16,20.391,20.409,-0.018,FINAL
1997-05-17,20.389,20.406,-0.017,FINAL
1997-05-18,20.388,20.403,-0.015,FINAL
1997-05-19,20.386,20.4,-0.014,FINAL
1997-05-20,20.382,20.397,-0.015,FINAL
1997-05-21,20.376,20.394,-0.018,FINAL
1997-05-22,20.369,20.392,-0.023,FINAL
1997-05-23,20.363,20.389,-0.026,FINAL
1997-05-24,20.359,20.386,-0.027,FINAL
1997-05-25,20.358,20.383,-0.026,FINAL
1997-05-26,20.357,20.381,-0.024,FINAL
1997-05-27,20.354,20.378,-0.024,FINAL
1997-05-28,20.346,20.376,-0.03,FINAL
1997-05-29,20.337,20.374,-0.037,FINAL
1997-05-30,20.328,20.371,-0.043,FINAL
1997-05-31,20.32,20.369,-0.049,FINAL
1997-06-01,20.318,20.367,-0.049,FINAL
1997-06-02,20.31,20.365,-0.056,FINAL
1997-06-03,20.301,20.363,-0.062,FINAL
1997-06-04,20.296,20.361,-0.066,FINAL
1997-06-05,20.293,20.36,-0.067,FINAL
1997-06-06,20.294,20.358,-0.064,FINAL
1997-06-07,20.299,20.357,-0.058,FINAL
1997-06-08,20.305,20.355,-0.05,FINAL
1997-06-09,20.311,20.354,-0.043,FINAL
1997-06-10,20.316,20.353,-0.037,FINAL
1997-06-11,20.321,20.352,-0.031,FINAL
1997-06-12,20.326,20.351,-0.025,FINAL
1997-06-13,20.328,20.35,-0.022,FINAL
1997-06-14,20.325,20.349,-0.024,FINAL
1997-06-15,20.32,20.349,-0.028,FINAL
1997-06-16,20.315,20.348,-0.033,FINAL
1997-06-17,20.312,20.348,-0.035,FINAL
1997-06-18,20.313,20.347,-0.034,FINAL
1997-06-19,20.315,20.347,-0.033,FINAL
1997-06-20,20.317,20.347,-0.031,FINAL
1997-06-21,20.318,20.347,-0.029,FINAL
1997-06-22,20.319,20.347,-0.028,FINAL
1997-06-23,20.318,20.348,-0.03,FINAL
1997-06-24,20.313,20.348,-0.034,FINAL
1997-06-25,20.309,20.348,-0.039,FINAL
1997-06-26,20.307,20.349,-0.042,FINAL
1997-06-27,20.309,20.349,-0.041,FINAL
1997-06-28,20.312,20.35,-0.038,FINAL
1997-06-29,20.316,20.351,-0.035,FINAL
1997-06-30,20.319,20.352,-0.033,FINAL
1997-07-01,20.327,20.353,-0.026,FINAL
1997-07-02,20.337,20.354,-0.017,FINAL
1997-07-03,20.346,20.355,-0.009,FINAL
1997-07-04,20.35,20.356,-0.007,FINAL
1997-07-05,20.351,20.358,-0.007,FINAL
1997-07-06,20.355,20.359,-0.004,FINAL
1997-07-07,20.363,20.36,0.003,FINAL
1997-07-08,20.376,20.362,0.014,FINAL
1997-07-09,20.386,20.363,0.022,FINAL
1997-07-10,20.393,20.365,0.028,FINAL
1997-07-11,20.397,20.367,0.03,FINAL
1997-07-12,20.397,20.369,0.028,FINAL
1997-07-13,20.392,20.37,0.022,FINAL
1997-07-14,20.385,20.372,0.013,FINAL
1997-07-15,20.376,20.374,0.002,FINAL
1997-07-16,20.372,20.376,-0.004,FINAL
1997-07-17,20.367,20.378,-0.011,FINAL
1997-07-18,20.368,20.38,-0.012,FINAL
1997-07-19,20.374,20.383,-0.009,FINAL
1997-07-20,20.382,20.385,-0.003,FINAL
1997-07-21,20.392,20.387,0.006,FINAL
1997-07-22,20.402,20.389,0.012,FINAL
1997-07-23,20.406,20.391,0.015,FINAL
1997-07-24,20.406,20.394,0.012,FINAL
1997-07-25,20.405,20.396,0.009,FINAL
1997-07-26,20.404,20.398,0.006,FINAL
1997-07-27,20.406,20.401,0.005,FINAL
1997-07-28,20.411,20.403,0.008,FINAL
1997-07-29,20.417,20.405,0.012,FINAL
1997-07-30,20.423,20.407,0.015,FINAL
1997-07-31,20.428,20.41,0.018,FINAL
1997-08-01,20.433,20.412,0.022,FINAL
1997-08-02,20.439,20.414,0.025,FINAL
1997-08-03,20.443,20.416,0.027,FINAL
1997-08-04,20.445,20.418,0.027,FINAL
1997-08-05,20.446,20.42,0.026,FINAL
1997-08-06,20.447,20.422,0.025,FINAL
1997-08-07,20.449,20.424,0.026,FINAL
1997-08-08,20.452,20.426,0.026,FINAL
1997-08-09,20.453,20.427,0.026,FINAL
1997-08-10,20.453,20.429,0.024,FINAL
1997-08-11,20.45,20.43,0.02,FINAL
1997-08-12,20.447,20.431,0.016,FINAL
1997-08-13,20.446,20.432,0.013,FINAL
1997-08-14,20.445,20.433,0.012,FINAL
1997-08-15,20.443,20.434,0.009,FINAL
1997-08-16,20.444,20.435,0.009,FINAL
1997-08-17,20.443,20.435,0.008,FINAL
1997-08-18,20.445,20.436,0.01,FINAL
1997-08-19,20.447,20.436,0.011,FINAL
1997-08-20,20.449,20.436,0.014,FINAL
1997-08-21,20.45,20.436,0.015,FINAL
1997-08-22,20.448,20.435,0.013,FINAL
1997-08-23,20.443,20.434,0.008,FINAL
1997-08-24,20.439,20.433,0.006,FINAL
1997-08-25,20.439,20.432,0.007,FINAL
1997-08-26,20.447,20.431,0.016,FINAL
1997-08-27,20.46,20.429,0.031,FINAL
1997-08-28,20.471,20.428,0.043,FINAL
1997-08-29,20.481,20.426,0.056,FINAL
1997-08-30,20.492,20.423,0.069,FINAL
1997-08-31,20.503,20.421,0.082,FINAL
1997-09-01,20.507,20.418,0.089,FINAL
1997-09-02,20.503,20.415,0.088,FINAL
1997-09-03,20.495,20.412,0.083,FINAL
1997-09-04,20.486,20.409,0.078,FINAL
1997-09-05,20.482,20.405,0.077,FINAL
1997-09-06,20.482,20.401,0.081,FINAL
1997-09-07,20.484,20.397,0.087,FINAL
1997-09-08,20.487,20.393,0.094,FINAL
1997-09-09,20.487,20.389,0.098,FINAL
1997-09-10,20.483,20.384,0.099,FINAL
1997-09-11,20.475,20.379,0.095,FINAL
1997-09-12,20.466,20.375,0.092,FINAL
1997-09-13,20.456,20.37,0.087,FINAL
1997-09-14,20.445,20.364,0.081,FINAL
1997-09-15,20.434,20.359,0.075,FINAL
1997-09-16,20.424,20.354,0.071,FINAL
1997-09-17,20.419,20.348,0.071,FINAL
1997-09-18,20.417,20.343,0.074,FINAL
1997-09-19,20.415,20.337,0.078,FINAL
1997-09-20,20.412,20.331,0.08,FINAL
1997-09-21,20.407,20.326,0.081,FINAL
1997-09-22,20.404,20.32,0.084,FINAL
1997-09-23,20.4,20.314,0.086,FINAL
1997-09-24,20.397,20.308,0.089,FINAL
1997-09-25,20.395,20.303,0.092,FINAL
1997-09-26,20.392,20.297,0.096,FINAL
1997-09-27,20.39,20.291,0.098,FINAL
1997-09-28,20.387,20.286,0.101,FINAL
1997-09-29,20.383,20.28,0.103,FINAL
1997-09-30,20.377,20.274,0.103,FINAL
1997-10-01,20.373,20.269,0.104,FINAL
1997-10-02,20.37,20.264,0.106,FINAL
1997-10-03,20.366,20.258,0.107,FINAL
1997-10-04,20.36,20.253,0.107,FINAL
1997-10-05,20.351,20.248,0.103,FINAL
1997-10-06,20.341,20.243,0.098,FINAL
1997-10-07,20.332,20.238,0.094,FINAL
1997-10-08,20.324,20.233,0.09,FINAL
1997-10-09,20.315,20.229,0.086,FINAL
1997-10-10,20.305,20.224,0.081,FINAL
1997-10-11,20.296,20.22,0.076,FINAL
1997-10-12,20.289,20.216,0.073,FINAL
1997-10-13,20.283,20.211,0.072,FINAL
1997-10-14,20.281,20.207,0.073,FINAL
1997-10-15,20.282,20.203,0.078,FINAL
1997-10-16,20.283,20.199,0.083,FINAL
1997-10-17,20.283,20.196,0.087,FINAL
1997-10-18,20.277,20.192,0.085,FINAL
1997-10-19,20.281,20.189,0.093,FINAL
1997-10-20,20.29,20.185,0.104,FINAL
1997-10-21,20.299,20.182,0.117,FINAL
1997-10-22,20.305,20.178,0.127,FINAL
1997-10-23,20.309,20.175,0.133,FINAL
1997-10-24,20.307,20.172,0.135,FINAL
1997-10-25,20.3,20.169,0.131,FINAL
1997-10-26,20.289,20.166,0.124,FINAL
1997-10-27,20.277,20.163,0.114,FINAL
1997-10-28,20.263,20.16,0.103,FINAL
1997-10-29,20.247,20.157,0.089,FINAL
1997-10-30,20.228,20.154,0.074,FINAL
1997-10-31,20.214,20.152,0.062,FINAL
1997-11-01,20.207,20.149,0.058,FINAL
1997-11-02,20.205,20.146,0.059,FINAL
1997-11-03,20.206,20.144,0.062,FINAL
1997-11-04,20.209,20.142,0.067,FINAL
1997-11-05,20.211,20.139,0.071,FINAL
1997-11-06,20.212,20.137,0.075,FINAL
1997-11-07,20.215,20.135,0.08,FINAL
1997-11-08,20.22,20.133,0.087,FINAL
1997-11-09,20.229,20.131,0.098,FINAL
1997-11-10,20.237,20.129,0.108,FINAL
1997-11-11,20.242,20.127,0.115,FINAL
1997-11-12,20.244,20.125,0.119,FINAL
1997-11-13,20.247,20.124,0.123,FINAL
1997-11-14,20.251,20.123,0.128,FINAL
1997-11-15,20.254,20.121,0.133,FINAL
1997-11-16,20.254,20.12,0.134,FINAL
1997-11-17,20.251,20.119,0.132,FINAL
1997-11-18,20.249,20.119,0.13,FINAL
1997-11-19,20.25,20.118,0.132,FINAL
1997-11-20,20.249,20.118,0.131,FINAL
1997-11-21,20.246,20.117,0.129,FINAL
1997-11-22,20.245,20.117,0.127,FINAL
1997-11-23,20.247,20.117,0.13,FINAL
1997-11-24,20.256,20.118,0.138,FINAL
1997-11-25,20.269,20.118,0.15,FINAL
1997-11-26,20.28,20.119,0.161,FINAL
1997-11-27,20.291,20.12,0.171,FINAL
1997-11-28,20.3,20.121,0.179,FINAL
1997-11-29,20.308,20.123,0.186,FINAL
1997-11-30,20.311,20.124,0.187,FINAL
1997-12-01,20.304,20.126,0.178,FINAL
1997-12-02,20.297,20.128,0.169,FINAL
1997-12-03,20.292,20.13,0.162,FINAL
1997-12-04,20.295,20.132,0.163,FINAL
1997-12-05,20.305,20.135,0.17,FINAL
1997-12-06,20.317,20.137,0.18,FINAL
1997-12-07,20.331,20.14,0.191,FINAL
1997-12-08,20.343,20.143,0.2,FINAL
1997-12-09,20.35,20.146,0.204,FINAL
1997-12-10,20.355,20.149,0.206,FINAL
1997-12-11,20.357,20.152,0.205,FINAL
1997-12-12,20.355,20.156,0.199,FINAL
1997-12-13,20.346,20.159,0.187,FINAL
1997-12-14,20.329,20.163,0.167,FINAL
1997-12-15,20.311,20.167,0.144,FINAL
1997-12-16,20.298,20.17,0.127,FINAL
1997-12-17,20.288,20.174,0.114,FINAL
1997-12-18,20.283,20.178,0.105,FINAL
1997-12-19,20.283,20.182,0.101,FINAL
1997-12-20,20.29,20.186,0.104,FINAL
1997-12-21,20.305,20.19,0.115,FINAL
1997-12-22,20.325,20.194,0.13,FINAL
1997-12-23,20.344,20.198,0.146,FINAL
1997-12-24,20.361,20.203,0.158,FINAL
1997-12-25,20.368,20.207,0.161,FINAL
1997-12-26,20.366,20.211,0.155,FINAL
1997-12-27,20.361,20.216,0.146,FINAL
1997-12-28,20.358,20.22,0.138,FINAL
1997-12-29,20.36,20.224,0.135,FINAL
1997-12-30,20.368,20.229,0.139,FINAL
1997-12-31,20.38,20.233,0.147,FINAL
1998-01-01,20.392,20.238,0.155,FINAL
1998-01-02,20.403,20.242,0.16,FINAL
1998-01-03,20.409,20.247,0.162,FINAL
1998-01-04,20.41,20.252,0.158,FINAL
1998-01-05,20.407,20.256,0.15,FINAL
1998-01-06,20.402,20.261,0.141,FINAL
1998-01-07,20.398,20.266,0.132,FINAL
1998-01-08,20.395,20.271,0.124,FINAL
1998-01-09,20.396,20.276,0.12,FINAL
1998-01-10,20.402,20.281,0.121,FINAL
1998-01-11,20.411,20.286,0.125,FINAL
1998-01-12,20.421,20.291,0.13,FINAL
1998-01-13,20.43,20.297,0.133,FINAL
1998-01-14,20.438,20.302,0.136,FINAL
1998-01-15,20.444,20.307,0.137,FINAL
1998-01-16,20.451,20.313,0.139,FINAL
1998-01-17,20.456,20.318,0.138,FINAL
1998-01-18,20.461,20.324,0.137,FINAL
1998-01-19,20.463,20.329,0.134,FINAL
1998-01-20,20.464,20.335,0.129,FINAL
1998-01-21,20.465,20.341,0.125,FINAL
1998-01-22,20.468,20.346,0.122,FINAL
1998-01-23,20.474,20.352,0.122,FINAL
1998-01-24,20.483,20.358,0.125,FINAL
1998-01-25,20.493,20.364,0.129,FINAL
1998-01-26,20.504,20.37,0.134,FINAL
1998-01-27,20.513,20.375,0.138,FINAL
1998-01-28,20.518,20.381,0.137,FINAL
1998-01-29,20.519,20.387,0.133,FINAL
1998-01-30,20.517,20.392,0.125,FINAL
1998-01-31,20.514,20.398,0.116,FINAL
1998-02-01,20.512,20.404,0.108,FINAL
1998-02-02,20.515,20.409,0.106,FINAL
1998-02-03,20.524,20.415,0.11,FINAL
1998-02-04,20.536,20.42,0.116,FINAL
1998-02-05,20.549,20.425,0.123,FINAL
1998-02-06,20.56,20.43,0.13,FINAL
1998-02-07,20.568,20.436,0.133,FINAL
1998-02-08,20.571,20.44,0.131,FINAL
1998-02-09,20.571,20.445,0.125,FINAL
1998-02-10,20.568,20.45,0.118,FINAL
1998-02-11,20.565,20.455,0.11,FINAL
1998-02-12,20.565,20.459,0.106,FINAL
1998-02-13,20.568,20.463,0.105,FINAL
1998-02-14,20.574,20.468,0.106,FINAL
1998-02-15,20.582,20.472,0.11,FINAL
1998-02-16,20.592,20.476,0.116,FINAL
1998-02-17,20.601,20.48,0.122,FINAL
1998-02-18,20.608,20.483,0.125,FINAL
1998-02-19,20.612,20.487,0.125,FINAL
1998-02-20,20.614,20.49,0.124,FINAL
1998-02-21,20.618,20.493,0.125,FINAL
1998-02-22,20.625,20.497,0.128,FINAL
1998-02-23,20.632,20.5,0.132,FINAL
1998-02-24,20.636,20.503,0.133,FINAL
1998-02-25,20.639,20.505,0.134,FINAL
1998-02-26,20.645,20.508,0.137,FINAL
1998-02-27,20.654,20.51,0.144,FINAL
1998-02-28,20.666,20.513,0.153,FINAL
1998-03-01,20.675,20.515,0.16,FINAL
1998-03-02,20.682,20.517,0.165,FINAL
1998-03-03,20.687,20.52,0.167,FINAL
1998-03-04,20.689,20.522,0.167,FINAL
1998-03-05,20.69,20.523,0.167,FINAL
1998-03-06,20.69,20.525,0.165,FINAL
1998-03-07,20.687,20.527,0.16,FINAL
1998-03-08,20.681,20.529,0.152,FINAL
1998-03-09,20.669,20.53,0.139,FINAL
1998-03-10,20.656,20.531,0.124,FINAL
1998-03-11,20.645,20.533,0.113,FINAL
1998-03-12,20.638,20.534,0.104,FINAL
1998-03-13,20.634,20.535,0.099,FINAL
1998-03-14,20.632,20.536,0.096,FINAL
1998-03-15,20.636,20.537,0.099,FINAL
1998-03-16,20.645,20.538,0.107,FINAL
1998-03-17,20.656,20.538,0.118,FINAL
1998-03-18,20.666,20.539,0.127,FINAL
1998-03-19,20.671,20.539,0.132,FINAL
1998-03-20,20.67,20.54,0.131,FINAL
1998-03-21,20.665,20.54,0.125,FINAL
1998-03-22,20.657,20.54,0.117,FINAL
1998-03-23,20.647,20.54,0.108,FINAL
1998-03-24,20.639,20.54,0.099,FINAL
1998-03-25,20.635,20.539,0.096,FINAL
1998-03-26,20.635,20.539,0.096,FINAL
1998-03-27,20.637,20.538,0.099,FINAL
1998-03-28,20.639,20.538,0.102,FINAL
1998-03-29,20.639,20.537,0.102,FINAL
1998-03-30,20.637,20.536,0.101,FINAL
1998-03-31,20.633,20.535,0.099,FINAL
1998-04-01,20.627,20.534,0.094,FINAL
1998-04-02,20.623,20.532,0.091,FINAL
1998-04-03,20.619,20.531,0.088,FINAL
1998-04-04,20.615,20.529,0.086,FINAL
1998-04-05,20.612,20.528,0.085,FINAL
1998-04-06,20.61,20.526,0.085,FINAL
1998-04-07,20.609,20.524,0.085,FINAL
1998-04-08,20.609,20.522,0.087,FINAL
1998-04-09,20.611,20.52,0.091,FINAL
1998-04-10,20.611,20.517,0.094,FINAL
1998-04-11,20.611,20.515,0.096,FINAL
1998-04-12,20.611,20.513,0.098,FINAL
1998-04-13,20.61,20.51,0.1,FINAL
1998-04-14,20.609,20.508,0.101,FINAL
1998-04-15,20.609,20.505,0.104,FINAL
1998-04-16,20.604,20.502,0.102,FINAL
1998-04-17,20.598,20.5,0.099,FINAL
1998-04-18,20.594,20.497,0.097,FINAL
1998-04-19,20.59,20.494,0.096,FINAL
1998-04-20,20.586,20.491,0.095,FINAL
1998-04-21,20.582,20.488,0.094,FINAL
1998-04-22,20.58,20.485,0.095,FINAL
1998-04-23,20.579,20.482,0.097,FINAL
1998-04-24,20.577,20.479,0.099,FINAL
1998-04-25,20.575,20.476,0.099,FINAL
1998-04-26,20.573,20.473,0.1,FINAL
1998-04-27,20.573,20.469,0.103,FINAL
1998-04-28,20.575,20.466,0.109,FINAL
1998-04-29,20.577,20.463,0.114,FINAL
1998-04-30,20.575,20.46,0.115,FINAL
1998-05-01,20.576,20.457,0.119,FINAL
1998-05-02,20.576,20.453,0.123,FINAL
1998-05-03,20.582,20.45,0.132,FINAL
1998-05-04,20.593,20.447,0.146,FINAL
1998-05-05,20.602,20.444,0.158,FINAL
1998-05-06,20.609,20.441,0.168,FINAL
1998-05-07,20.61,20.437,0.173,FINAL
1998-05-08,20.606,20.434,0.172,FINAL
1998-05-09,20.595,20.431,0.164,FINAL
1998-05-10,20.581,20.428,0.153,FINAL
1998-05-11,20.564,20.425,0.14,FINAL
1998-05-12,20.546,20.421,0.124,FINAL
1998-05-13,20.528,20.418,0.109,FINAL
1998-05-14,20.515,20.415,0.1,FINAL
1998-05-15,20.511,20.412,0.099,FINAL
1998-05-16,20.516,20.409,0.106,FINAL
1998-05-17,20.516,20.406,0.11,FINAL
1998-05-18,20.512,20.403,0.109,FINAL
1998-05-19,20.507,20.4,0.107,FINAL
1998-05-20,20.503,20.397,0.106,FINAL
1998-05-21,20.498,20.394,0.104,FINAL
1998-05-22,20.492,20.392,0.101,FINAL
1998-05-23,20.486,20.389,0.097,FINAL
1998-05-24,20.48,20.386,0.094,FINAL
1998-05-25,20.475,20.383,0.092,FINAL
1998-05-26,20.471,20.381,0.09,FINAL
1998-05-27,20.468,20.378,0.089,FINAL
1998-05-28,20.464,20.376,0.088,FINAL
1998-05-29,20.461,20.374,0.087,FINAL
1998-05-30,20.46,20.371,0.088,FINAL
1998-05-31,20.459,20.369,0.09,FINAL
1998-06-01,20.466,20.367,0.099,FINAL
1998-06-02,20.461,20.365,0.096,FINAL
1998-06-03,20.454,20.363,0.091,FINAL
1998-06-04,20.446,20.361,0.085,FINAL
1998-06-05,20.439,20.36,0.079,FINAL
1998-06-06,20.431,20.358,0.073,FINAL
1998-06-07,20.423,20.357,0.067,FINAL
1998-06-08,20.416,20.355,0.061,FINAL
1998-06-09,20.41,20.354,0.057,FINAL
1998-06-10,20.407,20.353,0.055,FINAL
1998-06-11,20.408,20.352,0.056,FINAL
1998-06-12,20.413,20.351,0.062,FINAL
1998-06-13,20.419,20.35,0.07,FINAL
1998-06-14,20.425,20.349,0.076,FINAL
1998-06-15,20.431,20.349,0.083,FINAL
1998-06-16,20.437,20.348,0.089,FINAL
1998-06-17,20.443,20.348,0.096,FINAL
1998-06-18,20.45,20.347,0.103,FINAL
1998-06-19,20.454,20.347,0.107,FINAL
1998-06-20,20.453,20.347,0.106,FINAL
1998-06-21,20.448,20.347,0.101,FINAL
1998-06-22,20.44,20.347,0.092,FINAL
1998-06-23,20.428,20.348,0.081,FINAL
1998-06-24,20.417,20.348,0.069,FINAL
1998-06-25,20.406,20.348,0.058,FINAL
1998-06-26,20.398,20.349,0.049,FINAL
1998-06-27,20.392,20.349,0.042,FINAL
1998-06-28,20.39,20.35,0.04,FINAL
1998-06-29,20.393,20.351,0.042,FINAL
1998-06-30,20.399,20.352,0.048,FINAL
1998-07-01,20.413,20.353,0.06,FINAL
1998-07-02,20.423,20.354,0.07,FINAL
1998-07-03,20.434,20.355,0.079,FINAL
1998-07-04,20.442,20.356,0.086,FINAL
1998-07-05,20.448,20.358,0.09,FINAL
1998-07-06,20.448,20.359,0.089,FINAL
1998-07-07,20.442,20.36,0.081,FINAL
1998-07-08,20.431,20.362,0.069,FINAL
1998-07-09,20.417,20.363,0.054,FINAL
1998-07-10,20.404,20.365,0.039,FINAL
1998-07-11,20.394,20.367,0.027,FINAL
1998-07-12,20.39,20.369,0.022,FINAL
1998-07-13,20.394,20.37,0.024,FINAL
1998-07-14,20.405,20.372,0.033,FINAL
1998-07-15,20.42,20.374,0.046,FINAL
1998-07-16,20.441,20.376,0.065,FINAL
1998-07-17,20.454,20.378,0.076,FINAL
1998-07-18,20.458,20.38,0.078,FINAL
1998-07-19,20.455,20.383,0.072,FINAL
1998-07-20,20.448,20.385,0.064,FINAL
1998-07-21,20.443,20.387,0.056,FINAL
1998-07-22,20.442,20.389,0.053,FINAL
1998-07-23,20.448,20.391,0.057,FINAL
1998-07-24,20.456,20.394,0.062,FINAL
1998-07-25,20.465,20.396,0.069,FINAL
1998-07-26,20.474,20.398,0.076,FINAL
1998-07-27,20.483,20.401,0.083,FINAL
1998-07-28,20.49,20.403,0.088,FINAL
1998-07-29,20.493,20.405,0.088,FINAL
1998-07-30,20.494,20.407,0.086,FINAL
1998-07-31,20.494,20.41,0.084,FINAL
1998-08-01,20.494,20.412,0.082,FINAL
1998-08-02,20.496,20.414,0.082,FINAL
1998-08-03,20.497,20.416,0.081,FINAL
1998-08-04,20.499,20.418,0.081,FINAL
1998-08-05,20.501,20.42,0.081,FINAL
1998-08-06,20.503,20.422,0.081,FINAL
1998-08-07,20.507,20.424,0.084,FINAL
1998-08-08,20.515,20.426,0.089,FINAL
1998-08-09,20.521,20.427,0.094,FINAL
1998-08-10,20.523,20.429,0.094,FINAL
1998-08-11,20.516,20.43,0.086,FINAL
1998-08-12,20.504,20.431,0.072,FINAL
1998-08-13,20.492,20.432,0.06,FINAL
1998-08-14,20.48,20.433,0.047,FINAL
1998-08-15,20.47,20.434,0.036,FINAL
1998-08-16,20.465,20.435,0.03,FINAL
1998-08-17,20.463,20.435,0.028,FINAL
1998-08-18,20.47,20.436,0.034,FINAL
1998-08-19,20.48,20.436,0.044,FINAL
1998-08-20,20.489,20.436,0.053,FINAL
1998-08-21,20.494,20.436,0.058,FINAL
1998-08-22,20.493,20.435,0.058,FINAL
1998-08-23,20.489,20.434,0.055,FINAL
1998-08-24,20.483,20.433,0.05,FINAL
1998-08-25,20.477,20.432,0.044,FINAL
1998-08-26,20.468,20.431,0.037,FINAL
1998-08-27,20.461,20.429,0.031,FINAL
1998-08-28,20.456,20.428,0.029,FINAL
1998-08-29,20.455,20.426,0.029,FINAL
1998-08-30,20.454,20.423,0.031,FINAL
1998-08-31,20.454,20.421,0.033,FINAL
1998-09-01,20.454,20.418,0.036,FINAL
1998-09-02,20.459,20.415,0.044,FINAL
1998-09-03,20.463,20.412,0.051,FINAL
1998-09-04,20.463,20.409,0.054,FINAL
1998-09-05,20.455,20.405,0.05,FINAL
1998-09-06,20.444,20.401,0.043,FINAL
1998-09-07,20.434,20.397,0.036,FINAL
1998-09-08,20.423,20.393,0.03,FINAL
1998-09-09,20.409,20.389,0.02,FINAL
1998-09-10,20.392,20.384,0.008,FINAL
1998-09-11,20.377,20.379,-0.002,FINAL
1998-09-12,20.371,20.375,-0.004,FINAL
1998-09-13,20.367,20.37,-0.002,FINAL
1998-09-14,20.364,20.364,-0.001,FINAL
1998-09-15,20.356,20.359,-0.003,FINAL
1998-09-16,20.347,20.354,-0.006,FINAL
1998-09-17,20.343,20.348,-0.005,FINAL
1998-09-18,20.34,20.343,-0.002,FINAL
1998-09-19,20.336,20.337,-0.001,FINAL
1998-09-20,20.326,20.331,-0.005,FINAL
1998-09-21,20.314,20.326,-0.012,FINAL
1998-09-22,20.302,20.32,-0.018,FINAL
1998-09-23,20.292,20.314,-0.022,FINAL
1998-09-24,20.284,20.308,-0.024,FINAL
1998-09-25,20.276,20.303,-0.026,FINAL
1998-09-26,20.272,20.297,-0.025,FINAL
1998-09-27,20.269,20.291,-0.022,FINAL
1998-09-28,20.269,20.286,-0.016,FINAL
1998-09-29,20.27,20.28,-0.01,FINAL
1998-09-30,20.27,20.274,-0.005,FINAL
1998-10-01,20.267,20.269,-0.002,FINAL
1998-10-02,20.263,20.264,-0.001,FINAL
1998-10-03,20.257,20.258,-0.001,FINAL
1998-10-04,20.251,20.253,-0.002,FINAL
1998-10-05,20.245,20.248,-0.003,FINAL
1998-10-06,20.24,20.243,-0.003,FINAL
1998-10-07,20.236,20.238,-0.002,FINAL
1998-10-08,20.231,20.233,-0.002,FINAL
1998-10-09,20.226,20.229,-0.003,FINAL
1998-10-10,20.22,20.224,-0.004,FINAL
1998-10-11,20.215,20.22,-0.004,FINAL
1998-10-12,20.211,20.216,-0.005,FINAL
1998-10-13,20.206,20.211,-0.005,FINAL
1998-10-14,20.202,20.207,-0.006,FINAL
1998-10-15,20.197,20.203,-0.007,FINAL
1998-10-16,20.193,20.199,-0.007,FINAL
1998-10-17,20.19,20.196,-0.006,FINAL
1998-10-18,20.185,20.192,-0.007,FINAL
1998-10-19,20.181,20.189,-0.008,FINAL
1998-10-20,20.173,20.185,-0.012,FINAL
1998-10-21,20.163,20.182,-0.019,FINAL
1998-10-22,20.153,20.178,-0.026,FINAL
1998-10-23,20.143,20.175,-0.032,FINAL
1998-10-24,20.136,20.172,-0.036,FINAL
1998-10-25,20.131,20.169,-0.037,FINAL
1998-10-26,20.129,20.166,-0.037,FINAL
1998-10-27,20.129,20.163,-0.034,FINAL
1998-10-28,20.132,20.16,-0.028,FINAL
1998-10-29,20.137,20.157,-0.02,FINAL
1998-10-30,20.145,20.154,-0.009,FINAL
1998-10-31,20.154,20.152,0.002,FINAL
1998-11-01,20.16,20.149,0.011,FINAL
1998-11-02,20.163,20.146,0.016,FINAL
1998-11-03,20.163,20.144,0.019,FINAL
1998-11-04,20.159,20.142,0.017,FINAL
1998-11-05,20.152,20.139,0.013,FINAL
1998-11-06,20.145,20.137,0.008,FINAL
1998-11-07,20.136,20.135,0.001,FINAL
1998-11-08,20.124,20.133,-0.008,FINAL
1998-11-09,20.11,20.131,-0.02,FINAL
1998-11-10,20.1,20.129,-0.029,FINAL
1998-11-11,20.096,20.127,-0.031,FINAL
1998-11-12,20.095,20.125,-0.03,FINAL
1998-11-13,20.093,20.124,-0.031,FINAL
1998-11-14,20.084,20.123,-0.038,FINAL
1998-11-15,20.071,20.121,-0.05,FINAL
1998-11-16,20.06,20.12,-0.06,FINAL
1998-11-17,20.052,20.119,-0.067,FINAL
1998-11-18,20.048,20.119,-0.07,FINAL
1998-11-19,20.05,20.118,-0.068,FINAL
1998-11-20,20.058,20.118,-0.059,FINAL
1998-11-21,20.071,20.117,-0.046,FINAL
1998-11-22,20.085,20.117,-0.032,FINAL
1998-11-23,20.097,20.117,-0.021,FINAL
1998-11-24,20.103,20.118,-0.014,FINAL
1998-11-25,20.105,20.118,-0.013,FINAL
1998-11-26,20.104,20.119,-0.015,FINAL
1998-11-27,20.097,20.12,-0.023,FINAL
1998-11-28,20.085,20.121,-0.036,FINAL
1998-11-29,20.065,20.123,-0.058,FINAL
1998-11-30,20.046,20.124,-0.078,FINAL
1998-12-01,20.033,20.126,-0.093,FINAL
1998-12-02,20.026,20.128,-0.102,FINAL
1998-12-03,20.017,20.13,-0.112,FINAL
1998-12-04,20.004,20.132,-0.128,FINAL
1998-12-05,19.992,20.135,-0.142,FINAL
1998-12-06,19.991,20.137,-0.146,FINAL
1998-12-07,19.995,20.14,-0.145,FINAL
1998-12-08,19.999,20.143,-0.144,FINAL
1998-12-09,19.997,20.146,-0.149,FINAL
1998-12-10,19.991,20.149,-0.158,FINAL
1998-12-11,19.987,20.152,-0.165,FINAL
1998-12-12,19.985,20.156,-0.171,FINAL
1998-12-13,19.986,20.159,-0.173,FINAL
1998-12-14,19.993,20.163,-0.17,FINAL
1998-12-15,20.002,20.167,-0.164,FINAL
1998-12-16,20.013,20.17,-0.157,FINAL
1998-12-17,20.025,20.174,-0.149,FINAL
1998-12-18,20.04,20.178,-0.138,FINAL
1998-12-19,20.055,20.182,-0.127,FINAL
1998-12-20,20.069,20.186,-0.117,FINAL
1998-12-21,20.076,20.19,-0.114,FINAL
1998-12-22,20.081,20.194,-0.114,FINAL
1998-12-23,20.083,20.198,-0.116,FINAL
1998-12-24,20.085,20.203,-0.118,FINAL
1998-12-25,20.087,20.207,-0.12,FINAL
1998-12-26,20.089,20.211,-0.122,FINAL
1998-12-27,20.091,20.216,-0.125,FINAL
1998-12-28,20.091,20.22,-0.129,FINAL
1998-12-29,20.087,20.224,-0.137,FINAL
1998-12-30,20.084,20.229,-0.144,FINAL
1998-12-31,20.085,20.233,-0.148,FINAL
1999-01-01,20.086,20.238,-0.152,FINAL
1999-01-02,20.088,20.242,-0.155,FINAL
1999-01-03,20.087,20.247,-0.16,FINAL
1999-01-04,20.086,20.252,-0.166,FINAL
1999-01-05,20.089,20.256,-0.167,FINAL
1999-01-06,20.094,20.261,-0.167,FINAL
1999-01-07,20.098,20.266,-0.168,FINAL
1999-01-08,20.098,20.271,-0.173,FINAL
1999-01-09,20.095,20.276,-0.181,FINAL
1999-01-10,20.092,20.281,-0.189,FINAL
1999-01-11,20.091,20.286,-0.195,FINAL
1999-01-12,20.094,20.291,-0.197,FINAL
1999-01-13,20.103,20.297,-0.194,FINAL
1999-01-14,20.115,20.302,-0.187,FINAL
1999-01-15,20.128,20.307,-0.179,FINAL
1999-01-16,20.144,20.313,-0.169,FINAL
1999-01-17,20.16,20.318,-0.159,FINAL
1999-01-18,20.178,20.324,-0.146,FINAL
1999-01-19,20.188,20.329,-0.141,FINAL
1999-01-20,20.191,20.335,-0.144,FINAL
1999-01-21,20.19,20.341,-0.151,FINAL
1999-01-22,20.193,20.346,-0.154,FINAL
1999-01-23,20.204,20.352,-0.148,FINAL
1999-01-24,20.223,20.358,-0.135,FINAL
1999-01-25,20.24,20.364,-0.124,FINAL
1999-01-26,20.255,20.37,-0.114,FINAL
1999-01-27,20.27,20.375,-0.105,FINAL
1999-01-28,20.283,20.381,-0.098,FINAL
1999-01-29,20.293,20.387,-0.094,FINAL
1999-01-30,20.297,20.392,-0.096,FINAL
1999-01-31,20.296,20.398,-0.102,FINAL
1999-02-01,20.292,20.404,-0.112,FINAL
1999-02-02,20.286,20.409,-0.123,FINAL
1999-02-03,20.283,20.415,-0.132,FINAL
1999-02-04,20.285,20.42,-0.135,FINAL
1999-02-05,20.288,20.425,-0.137,FINAL
1999-02-06,20.289,20.43,-0.142,FINAL
1999-02-07,20.285,20.436,-0.15,FINAL
1999-02-08,20.28,20.44,-0.161,FINAL
1999-02-09,20.278,20.445,-0.168,FINAL
1999-02-10,20.278,20.45,-0.172,FINAL
1999-02-11,20.28,20.455,-0.175,FINAL
1999-02-12,20.282,20.459,-0.177,FINAL
1999-02-13,20.285,20.463,-0.179,FINAL
1999-02-14,20.287,20.468,-0.18,FINAL
1999-02-15,20.293,20.472,-0.179,FINAL
1999-02-16,20.305,20.476,-0.171,FINAL
1999-02-17,20.322,20.48,-0.158,FINAL
1999-02-18,20.34,20.483,-0.143,FINAL
1999-02-19,20.354,20.487,-0.132,FINAL
1999-02-20,20.367,20.49,-0.123,FINAL
1999-02-21,20.378,20.493,-0.115,FINAL
1999-02-22,20.391,20.497,-0.105,FINAL
1999-02-23,20.4,20.5,-0.1,FINAL
1999-02-24,20.4,20.503,-0.102,FINAL
1999-02-25,20.397,20.505,-0.108,FINAL
1999-02-26,20.394,20.508,-0.114,FINAL
1999-02-27,20.396,20.51,-0.114,FINAL
1999-02-28,20.403,20.513,-0.11,FINAL
1999-03-01,20.408,20.515,-0.107,FINAL
1999-03-02,20.414,20.517,-0.103,FINAL
1999-03-03,20.42,20.52,-0.099,FINAL
1999-03-04,20.427,20.522,-0.094,FINAL
1999-03-05,20.433,20.523,-0.09,FINAL
1999-03-06,20.435,20.525,-0.09,FINAL
1999-03-07,20.435,20.527,-0.092,FINAL
1999-03-08,20.434,20.529,-0.094,FINAL
1999-03-09,20.434,20.53,-0.096,FINAL
1999-03-10,20.434,20.531,-0.098,FINAL
1999-03-11,20.432,20.533,-0.101,FINAL
1999-03-12,20.429,20.534,-0.105,FINAL
1999-03-13,20.429,20.535,-0.106,FINAL
1999-03-14,20.434,20.536,-0.102,FINAL
1999-03-15,20.443,20.537,-0.094,FINAL
1999-03-16,20.454,20.538,-0.084,FINAL
1999-03-17,20.465,20.538,-0.074,FINAL
1999-03-18,20.47,20.539,-0.069,FINAL
1999-03-19,20.466,20.539,-0.073,FINAL
1999-03-20,20.454,20.54,-0.085,FINAL
1999-03-21,20.439,20.54,-0.101,FINAL
1999-03-22,20.423,20.54,-0.117,FINAL
1999-03-23,20.407,20.54,-0.133,FINAL
1999-03-24,20.393,20.54,-0.147,FINAL
1999-03-25,20.386,20.539,-0.153,FINAL
1999-03-26,20.389,20.539,-0.15,FINAL
1999-03-27,20.397,20.538,-0.142,FINAL
1999-03-28,20.405,20.538,-0.133,FINAL
1999-03-29,20.406,20.537,-0.131,FINAL
1999-03-30,20.402,20.536,-0.134,FINAL
1999-03-31,20.394,20.535,-0.141,FINAL
1999-04-01,20.383,20.534,-0.15,FINAL
1999-04-02,20.375,20.532,-0.157,FINAL
1999-04-03,20.37,20.531,-0.161,FINAL
1999-04-04,20.367,20.529,-0.163,FINAL
1999-04-05,20.367,20.528,-0.161,FINAL
1999-04-06,20.369,20.526,-0.157,FINAL
1999-04-07,20.372,20.524,-0.152,FINAL
1999-04-08,20.374,20.522,-0.148,FINAL
1999-04-09,20.377,20.52,-0.143,FINAL
1999-04-10,20.379,20.517,-0.139,FINAL
1999-04-11,20.378,20.515,-0.137,FINAL
1999-04-12,20.374,20.513,-0.138,FINAL
1999-04-13,20.366,20.51,-0.144,FINAL
1999-04-14,20.356,20.508,-0.152,FINAL
1999-04-15,20.351,20.505,-0.154,FINAL
1999-04-16,20.342,20.502,-0.161,FINAL
1999-04-17,20.332,20.5,-0.168,FINAL
1999-04-18,20.321,20.497,-0.176,FINAL
1999-04-19,20.31,20.494,-0.184,FINAL
1999-04-20,20.302,20.491,-0.188,FINAL
1999-04-21,20.298,20.488,-0.19,FINAL
1999-04-22,20.298,20.485,-0.187,FINAL
1999-04-23,20.3,20.482,-0.182,FINAL
1999-04-24,20.305,20.479,-0.174,FINAL
1999-04-25,20.309,20.476,-0.166,FINAL
1999-04-26,20.313,20.473,-0.159,FINAL
1999-04-27,20.317,20.469,-0.153,FINAL
1999-04-28,20.319,20.466,-0.147,FINAL
1999-04-29,20.318,20.463,-0.145,FINAL
1999-04-30,20.311,20.46,-0.148,FINAL
1999-05-01,20.306,20.457,-0.15,FINAL
1999-05-02,20.298,20.453,-0.155,FINAL
1999-05-03,20.293,20.45,-0.157,FINAL
1999-05-04,20.29,20.447,-0.157,FINAL
1999-05-05,20.289,20.444,-0.155,FINAL
1999-05-06,20.288,20.441,-0.152,FINAL
1999-05-07,20.288,20.437,-0.149,FINAL
1999-05-08,20.288,20.434,-0.146,FINAL
1999-05-09,20.288,20.431,-0.143,FINAL
1999-05-10,20.286,20.428,-0.142,FINAL
1999-05-11,20.283,20.425,-0.142,FINAL
1999-05-12,20.278,20.421,-0.143,FINAL
1999-05-13,20.272,20.418,-0.146,FINAL
1999-05-14,20.267,20.415,-0.148,FINAL
1999-05-15,20.263,20.412,-0.149,FINAL
1999-05-16,20.26,20.409,-0.149,FINAL
1999-05-17,20.255,20.406,-0.151,FINAL
1999-05-18,20.245,20.403,-0.158,FINAL
1999-05-19,20.237,20.4,-0.163,FINAL
1999-05-20,20.232,20.397,-0.166,FINAL
1999-05-21,20.227,20.394,-0.168,FINAL
1999-05-22,20.221,20.392,-0.17,FINAL
1999-05-23,20.213,20.389,-0.176,FINAL
1999-05-24,20.205,20.386,-0.182,FINAL
1999-05-25,20.198,20.383,-0.185,FINAL
1999-05-26,20.194,20.381,-0.187,FINAL
1999-05-27,20.19,20.378,-0.188,FINAL
1999-05-28,20.186,20.376,-0.19,FINAL
1999-05-29,20.181,20.374,-0.193,FINAL
1999-05-30,20.175,20.371,-0.196,FINAL
1999-05-31,20.17,20.369,-0.199,FINAL
1999-06-01,20.18,20.367,-0.187,FINAL
1999-06-02,20.184,20.365,-0.181,FINAL
1999-06-03,20.192,20.363,-0.171,FINAL
1999-06-04,20.199,20.361,-0.163,FINAL
1999-06-05,20.204,20.36,-0.155,FINAL
1999-06-06,20.209,20.358,-0.149,FINAL
1999-06-07,20.211,20.357,-0.145,FINAL
1999-06-08,20.209,20.355,-0.146,FINAL
1999-06-09,20.202,20.354,-0.152,FINAL
1999-06-10,20.192,20.353,-0.16,FINAL
1999-06-11,20.182,20.352,-0.169,FINAL
1999-06-12,20.176,20.351,-0.175,FINAL
1999-06-13,20.173,20.35,-0.177,FINAL
1999-06-14,20.173,20.349,-0.176,FINAL
1999-06-15,20.172,20.349,-0.176,FINAL
1999-06-16,20.176,20.348,-0.172,FINAL
1999-06-17,20.18,20.348,-0.168,FINAL
1999-06-18,20.183,20.347,-0.165,FINAL
1999-06-19,20.183,20.347,-0.164,FINAL
1999-06-20,20.181,20.347,-0.166,FINAL
1999-06-21,20.181,20.347,-0.166,FINAL
1999-06-22,20.183,20.347,-0.164,FINAL
1999-06-23,20.185,20.348,-0.162,FINAL
1999-06-24,20.185,20.348,-0.163,FINAL
1999-06-25,20.185,20.348,-0.163,FINAL
1999-06-26,20.187,20.349,-0.162,FINAL
1999-06-27,20.192,20.349,-0.157,FINAL
1999-06-28,20.201,20.35,-0.15,FINAL
1999-06-29,20.208,20.351,-0.143,FINAL
1999-06-30,20.213,20.352,-0.139,FINAL
1999-07-01,20.218,20.353,-0.135,FINAL
1999-07-02,20.217,20.354,-0.137,FINAL
1999-07-03,20.212,20.355,-0.143,FINAL
1999-07-04,20.202,20.356,-0.154,FINAL
1999-07-05,20.193,20.358,-0.165,FINAL
1999-07-06,20.184,20.359,-0.175,FINAL
1999-07-07,20.181,20.36,-0.179,FINAL
1999-07-08,20.184,20.362,-0.178,FINAL
1999-07-09,20.191,20.363,-0.172,FINAL
1999-07-10,20.201,20.365,-0.164,FINAL
1999-07-11,20.212,20.367,-0.155,FINAL
1999-07-12,20.22,20.369,-0.149,FINAL
1999-07-13,20.224,20.37,-0.146,FINAL
1999-07-14,20.224,20.372,-0.149,FINAL
1999-07-15,20.221,20.374,-0.153,FINAL
1999-07-16,20.227,20.376,-0.149,FINAL
1999-07-17,20.226,20.378,-0.152,FINAL
1999-07-18,20.228,20.38,-0.153,FINAL
1999-07-19,20.235,20.383,-0.148,FINAL
1999-07-20,20.24,20.385,-0.144,FINAL
1999-07-21,20.243,20.387,-0.144,FINAL
1999-07-22,20.239,20.389,-0.15,FINAL
1999-07-23,20.231,20.391,-0.161,FINAL
1999-07-24,20.222,20.394,-0.172,FINAL
1999-07-25,20.214,20.396,-0.182,FINAL
1999-07-26,20.207,20.398,-0.192,FINAL
1999-07-27,20.201,20.401,-0.2,FINAL
1999-07-28,20.201,20.403,-0.202,FINAL
1999-07-29,20.208,20.405,-0.197,FINAL
1999-07-30,20.217,20.407,-0.19,FINAL
1999-07-31,20.226,20.41,-0.184,FINAL
1999-08-01,20.231,20.412,-0.18,FINAL
1999-08-02,20.232,20.414,-0.182,FINAL
1999-08-03,20.229,20.416,-0.187,FINAL
1999-08-04,20.226,20.418,-0.192,FINAL
1999-08-05,20.224,20.42,-0.196,FINAL
1999-08-06,20.224,20.422,-0.198,FINAL
1999-08-07,20.225,20.424,-0.199,FINAL
1999-08-08,20.229,20.426,-0.197,FINAL
1999-08-09,20.234,20.427,-0.193,FINAL
1999-08-10,20.242,20.429,-0.186,FINAL
1999-08-11,20.252,20.43,-0.178,FINAL
1999-08-12,20.261,20.431,-0.171,FINAL
1999-08-13,20.266,20.432,-0.166,FINAL
1999-08-14,20.27,20.433,-0.163,FINAL
1999-08-15,20.273,20.434,-0.161,FINAL
1999-08-16,20.277,20.435,-0.158,FINAL
1999-08-17,20.28,20.435,-0.156,FINAL
1999-08-18,20.281,20.436,-0.155,FINAL
1999-08-19,20.28,20.436,-0.156,FINAL
1999-08-20,20.278,20.436,-0.158,FINAL
1999-08-21,20.274,20.436,-0.161,FINAL
1999-08-22,20.272,20.435,-0.163,FINAL
1999-08-23,20.273,20.434,-0.161,FINAL
1999-08-24,20.274,20.433,-0.159,FINAL
1999-08-25,20.272,20.432,-0.16,FINAL
1999-08-26,20.264,20.431,-0.167,FINAL
1999-08-27,20.253,20.429,-0.176,FINAL
1999-08-28,20.243,20.428,-0.184,FINAL
1999-08-29,20.236,20.426,-0.19,FINAL
1999-08-30,20.23,20.423,-0.194,FINAL
1999-08-31,20.226,20.421,-0.195,FINAL
1999-09-01,20.226,20.418,-0.192,FINAL
1999-09-02,20.23,20.415,-0.185,FINAL
1999-09-03,20.237,20.412,-0.175,FINAL
1999-09-04,20.243,20.409,-0.166,FINAL
1999-09-05,20.245,20.405,-0.16,FINAL
1999-09-06,20.244,20.401,-0.157,FINAL
1999-09-07,20.241,20.397,-0.156,FINAL
1999-09-08,20.236,20.393,-0.157,FINAL
1999-09-09,20.226,20.389,-0.163,FINAL
1999-09-10,20.212,20.384,-0.172,FINAL
1999-09-11,20.199,20.379,-0.18,FINAL
1999-09-12,20.192,20.375,-0.182,FINAL
1999-09-13,20.186,20.37,-0.184,FINAL
1999-09-14,20.176,20.364,-0.188,FINAL
1999-09-15,20.159,20.359,-0.2,FINAL
1999-09-16,20.14,20.354,-0.214,FINAL
1999-09-17,20.127,20.348,-0.222,FINAL
1999-09-18,20.117,20.343,-0.226,FINAL
1999-09-19,20.109,20.337,-0.228,FINAL
1999-09-20,20.101,20.331,-0.23,FINAL
1999-09-21,20.098,20.326,-0.228,FINAL
1999-09-22,20.099,20.32,-0.221,FINAL
1999-09-23,20.103,20.314,-0.211,FINAL
1999-09-24,20.107,20.308,-0.201,FINAL
1999-09-25,20.108,20.303,-0.195,FINAL
1999-09-26,20.103,20.297,-0.194,FINAL
1999-09-27,20.094,20.291,-0.198,FINAL
1999-09-28,20.083,20.286,-0.202,FINAL
1999-09-29,20.074,20.28,-0.206,FINAL
1999-09-30,20.07,20.274,-0.205,FINAL
1999-10-01,20.07,20.269,-0.199,FINAL
1999-10-02,20.071,20.264,-0.193,FINAL
1999-10-03,20.073,20.258,-0.185,FINAL
1999-10-04,20.075,20.253,-0.178,FINAL
1999-10-05,20.077,20.248,-0.171,FINAL
1999-10-06,20.078,20.243,-0.165,FINAL
1999-10-07,20.074,20.238,-0.164,FINAL
1999-10-08,20.069,20.233,-0.165,FINAL
1999-10-09,20.06,20.229,-0.169,FINAL
1999-10-10,20.049,20.224,-0.175,FINAL
1999-10-11,20.039,20.22,-0.181,FINAL
1999-10-12,20.031,20.216,-0.185,FINAL
1999-10-13,20.023,20.211,-0.188,FINAL
1999-10-14,20.014,20.207,-0.193,FINAL
1999-10-15,20.002,20.203,-0.202,FINAL
1999-10-16,19.989,20.199,-0.21,FINAL
1999-10-17,19.981,20.196,-0.215,FINAL
1999-10-18,19.97,20.192,-0.222,FINAL
1999-10-19,19.966,20.189,-0.223,FINAL
1999-10-20,19.962,20.185,-0.223,FINAL
1999-10-21,19.957,20.182,-0.224,FINAL
1999-10-22,19.952,20.178,-0.226,FINAL
1999-10-23,19.949,20.175,-0.226,FINAL
1999-10-24,19.951,20.172,-0.221,FINAL
1999-10-25,19.96,20.169,-0.209,FINAL
1999-10-26,19.97,20.166,-0.196,FINAL
1999-10-27,19.977,20.163,-0.185,FINAL
1999-10-28,19.983,20.16,-0.177,FINAL
1999-10-29,19.987,20.157,-0.17,FINAL
1999-10-30,19.992,20.154,-0.163,FINAL
1999-10-31,19.994,20.152,-0.158,FINAL
1999-11-01,19.992,20.149,-0.157,FINAL
1999-11-02,19.987,20.146,-0.16,FINAL
1999-11-03,19.977,20.144,-0.167,FINAL
1999-11-04,19.966,20.142,-0.176,FINAL
1999-11-05,19.954,20.139,-0.185,FINAL
1999-11-06,19.946,20.137,-0.191,FINAL
1999-11-07,19.94,20.135,-0.195,FINAL
1999-11-08,19.935,20.133,-0.198,FINAL
1999-11-09,19.929,20.131,-0.202,FINAL
1999-11-10,19.925,20.129,-0.204,FINAL
1999-11-11,19.926,20.127,-0.202,FINAL
1999-11-12,19.928,20.125,-0.197,FINAL
1999-11-13,19.931,20.124,-0.193,FINAL
1999-11-14,19.933,20.123,-0.19,FINAL
1999-11-15,19.929,20.121,-0.192,FINAL
1999-11-16,19.923,20.12,-0.197,FINAL
1999-11-17,19.917,20.119,-0.203,FINAL
1999-11-18,19.916,20.119,-0.203,FINAL
1999-11-19,19.923,20.118,-0.195,FINAL
1999-11-20,19.935,20.118,-0.183,FINAL
1999-11-21,19.947,20.117,-0.17,FINAL
1999-11-22,19.959,20.117,-0.158,FINAL
1999-11-23,19.969,20.117,-0.148,FINAL
1999-11-24,19.977,20.118,-0.14,FINAL
1999-11-25,19.983,20.118,-0.136,FINAL
1999-11-26,19.985,20.119,-0.134,FINAL
1999-11-27,19.981,20.12,-0.139,FINAL
1999-11-28,19.971,20.121,-0.15,FINAL
1999-11-29,19.952,20.123,-0.171,FINAL
1999-11-30,19.933,20.124,-0.192,FINAL
1999-12-01,19.919,20.126,-0.207,FINAL
1999-12-02,19.909,20.128,-0.218,FINAL
1999-12-03,19.9,20.13,-0.23,FINAL
1999-12-04,19.887,20.132,-0.245,FINAL
1999-12-05,19.875,20.135,-0.259,FINAL
1999-12-06,19.872,20.137,-0.265,FINAL
1999-12-07,19.876,20.14,-0.263,FINAL
1999-12-08,19.885,20.143,-0.257,FINAL
1999-12-09,19.898,20.146,-0.248,FINAL
1999-12-10,19.909,20.149,-0.24,FINAL
1999-12-11,19.918,20.152,-0.234,FINAL
1999-12-12,19.928,20.156,-0.228,FINAL
1999-12-13,19.939,20.159,-0.22,FINAL
1999-12-14,19.956,20.163,-0.206,FINAL
1999-12-15,19.973,20.167,-0.193,FINAL
1999-12-16,19.984,20.17,-0.187,FINAL
1999-12-17,19.99,20.174,-0.184,FINAL
1999-12-18,19.998,20.178,-0.18,FINAL
1999-12-19,20.002,20.182,-0.18,FINAL
1999-12-20,20.005,20.186,-0.182,FINAL
1999-12-21,20.003,20.19,-0.187,FINAL
1999-12-22,20.0,20.194,-0.194,FINAL
1999-12-23,19.999,20.198,-0.2,FINAL
1999-12-24,20.002,20.203,-0.201,FINAL
1999-12-25,20.009,20.207,-0.198,FINAL
1999-12-26,20.019,20.211,-0.193,FINAL
1999-12-27,20.029,20.216,-0.186,FINAL
1999-12-28,20.04,20.22,-0.18,FINAL
1999-12-29,20.051,20.224,-0.174,FINAL
1999-12-30,20.055,20.229,-0.174,FINAL
1999-12-31,20.054,20.233,-0.179,FINAL
2000-01-01,20.05,20.238,-0.188,FINAL
2000-01-02,20.053,20.242,-0.19,FINAL
2000-01-03,20.065,20.247,-0.182,FINAL
2000-01-04,20.081,20.252,-0.171,FINAL
2000-01-05,20.097,20.256,-0.16,FINAL
2000-01-06,20.113,20.261,-0.148,FINAL
2000-01-07,20.13,20.266,-0.136,FINAL
2000-01-08,20.148,20.271,-0.123,FINAL
2000-01-09,20.162,20.276,-0.114,FINAL
2000-01-10,20.167,20.281,-0.114,FINAL
2000-01-11,20.167,20.286,-0.119,FINAL
2000-01-12,20.167,20.291,-0.125,FINAL
2000-01-13,20.169,20.297,-0.128,FINAL
2000-01-14,20.174,20.302,-0.128,FINAL
2000-01-15,20.18,20.307,-0.127,FINAL
2000-01-16,20.187,20.313,-0.126,FINAL
2000-01-17,20.192,20.318,-0.126,FINAL
2000-01-18,20.196,20.324,-0.128,FINAL
2000-01-19,20.197,20.329,-0.133,FINAL
2000-01-20,20.198,20.335,-0.137,FINAL
2000-01-21,20.2,20.341,-0.141,FINAL
2000-01-22,20.202,20.346,-0.144,FINAL
2000-01-23,20.204,20.352,-0.148,FINAL
2000-01-24,20.208,20.358,-0.15,FINAL
2000-01-25,20.213,20.364,-0.15,FINAL
2000-01-26,20.221,20.37,-0.148,FINAL
2000-01-27,20.228,20.375,-0.147,FINAL
2000-01-28,20.236,20.381,-0.145,FINAL
2000-01-29,20.24,20.387,-0.147,FINAL
2000-01-30,20.242,20.392,-0.151,FINAL
2000-01-31,20.244,20.398,-0.154,FINAL
2000-02-01,20.249,20.404,-0.155,FINAL
2000-02-02,20.258,20.409,-0.151,FINAL
2000-02-03,20.268,20.415,-0.146,FINAL
2000-02-04,20.278,20.42,-0.142,FINAL
2000-02-05,20.287,20.425,-0.138,FINAL
2000-02-06,20.297,20.43,-0.134,FINAL
2000-02-07,20.309,20.436,-0.127,FINAL
2000-02-08,20.32,20.44,-0.121,FINAL
2000-02-09,20.326,20.445,-0.119,FINAL
2000-02-10,20.33,20.45,-0.12,FINAL
2000-02-11,20.332,20.455,-0.122,FINAL
2000-02-12,20.335,20.459,-0.124,FINAL
2000-02-13,20.338,20.463,-0.126,FINAL
2000-02-14,20.34,20.468,-0.127,FINAL
2000-02-15,20.342,20.472,-0.13,FINAL
2000-02-16,20.344,20.476,-0.132,FINAL
2000-02-17,20.346,20.48,-0.134,FINAL
2000-02-18,20.348,20.483,-0.135,FINAL
2000-02-19,20.352,20.487,-0.135,FINAL
2000-02-20,20.356,20.49,-0.134,FINAL
2000-02-21,20.359,20.493,-0.134,FINAL
2000-02-22,20.358,20.497,-0.139,FINAL
2000-02-23,20.356,20.5,-0.143,FINAL
2000-02-24,20.357,20.503,-0.145,FINAL
2000-02-25,20.358,20.505,-0.147,FINAL
2000-02-26,20.357,20.508,-0.151,FINAL
2000-02-27,20.354,20.51,-0.157,FINAL
2000-02-28,20.346,20.513,-0.167,FINAL
2000-02-29,20.337,20.514,-0.177,FINAL
2000-03-01,20.334,20.515,-0.182,FINAL
2000-03-02,20.332,20.517,-0.186,FINAL
2000-03-03,20.331,20.52,-0.188,FINAL
2000-03-04,20.33,20.522,-0.191,FINAL
2000-03-05,20.332,20.523,-0.191,FINAL
2000-03-06,20.339,20.525,-0.187,FINAL
2000-03-07,20.346,20.527,-0.181,FINAL
2000-03-08,20.352,20.529,-0.177,FINAL
2000-03-09,20.354,20.53,-0.177,FINAL
2000-03-10,20.349,20.531,-0.182,FINAL
2000-03-11,20.341,20.533,-0.192,FINAL
2000-03-12,20.333,20.534,-0.201,FINAL
2000-03-13,20.329,20.535,-0.206,FINAL
2000-03-14,20.332,20.536,-0.204,FINAL
2000-03-15,20.342,20.537,-0.195,FINAL
2000-03-16,20.353,20.538,-0.185,FINAL
2000-03-17,20.365,20.538,-0.173,FINAL
2000-03-18,20.379,20.539,-0.16,FINAL
2000-03-19,20.393,20.539,-0.146,FINAL
2000-03-20,20.402,20.54,-0.138,FINAL
2000-03-21,20.403,20.54,-0.137,FINAL
2000-03-22,20.399,20.54,-0.141,FINAL
2000-03-23,20.394,20.54,-0.146,FINAL
2000-03-24,20.392,20.54,-0.148,FINAL
2000-03-25,20.391,20.539,-0.149,FINAL
2000-03-26,20.388,20.539,-0.151,FINAL
2000-03-27,20.386,20.538,-0.153,FINAL
2000-03-28,20.386,20.538,-0.151,FINAL
2000-03-29,20.392,20.537,-0.144,FINAL
2000-03-30,20.401,20.536,-0.135,FINAL
2000-03-31,20.408,20.535,-0.127,FINAL
2000-04-01,20.411,20.534,-0.123,FINAL
2000-04-02,20.416,20.532,-0.116,FINAL
2000-04-03,20.423,20.531,-0.108,FINAL
2000-04-04,20.427,20.529,-0.103,FINAL
2000-04-05,20.424,20.528,-0.103,FINAL
2000-04-06,20.42,20.526,-0.106,FINAL
2000-04-07,20.414,20.524,-0.11,FINAL
2000-04-08,20.41,20.522,-0.112,FINAL
2000-04-09,20.409,20.52,-0.111,FINAL
2000-04-10,20.407,20.517,-0.11,FINAL
2000-04-11,20.405,20.515,-0.11,FINAL
2000-04-12,20.405,20.513,-0.108,FINAL
2000-04-13,20.406,20.51,-0.104,FINAL
2000-04-14,20.406,20.508,-0.102,FINAL
2000-04-15,20.406,20.505,-0.099,FINAL
2000-04-16,20.403,20.502,-0.099,FINAL
2000-04-17,20.403,20.5,-0.097,FINAL
2000-04-18,20.408,20.497,-0.089,FINAL
2000-04-19,20.416,20.494,-0.078,FINAL
2000-04-20,20.423,20.491,-0.068,FINAL
2000-04-21,20.427,20.488,-0.061,FINAL
2000-04-22,20.429,20.485,-0.056,FINAL
2000-04-23,20.427,20.482,-0.055,FINAL
2000-04-24,20.422,20.479,-0.057,FINAL
2000-04-25,20.415,20.476,-0.061,FINAL
2000-04-26,20.404,20.473,-0.068,FINAL
2000-04-27,20.391,20.469,-0.078,FINAL
2000-04-28,20.376,20.466,-0.09,FINAL
2000-04-29,20.363,20.463,-0.1,FINAL
2000-04-30,20.356,20.46,-0.104,FINAL
2000-05-01,20.355,20.457,-0.101,FINAL
2000-05-02,20.352,20.453,-0.101,FINAL
2000-05-03,20.346,20.45,-0.104,FINAL
2000-05-04,20.339,20.447,-0.108,FINAL
2000-05-05,20.333,20.444,-0.111,FINAL
2000-05-06,20.329,20.441,-0.111,FINAL
2000-05-07,20.327,20.437,-0.11,FINAL
2000-05-08,20.325,20.434,-0.109,FINAL
2000-05-09,20.324,20.431,-0.107,FINAL
2000-05-10,20.323,20.428,-0.105,FINAL
2000-05-11,20.322,20.425,-0.102,FINAL
2000-05-12,20.321,20.421,-0.101,FINAL
2000-05-13,20.316,20.418,-0.102,FINAL
2000-05-14,20.31,20.415,-0.105,FINAL
2000-05-15,20.305,20.412,-0.108,FINAL
2000-05-16,20.301,20.409,-0.108,FINAL
2000-05-17,20.293,20.406,-0.113,FINAL
2000-05-18,20.281,20.403,-0.122,FINAL
2000-05-19,20.271,20.4,-0.129,FINAL
2000-05-20,20.264,20.397,-0.133,FINAL
2000-05-21,20.259,20.394,-0.136,FINAL
2000-05-22,20.255,20.392,-0.137,FINAL
2000-05-23,20.251,20.389,-0.138,FINAL
2000-05-24,20.249,20.386,-0.137,FINAL
2000-05-25,20.25,20.383,-0.134,FINAL
2000-05-26,20.252,20.381,-0.129,FINAL
2000-05-27,20.25,20.378,-0.128,FINAL
2000-05-28,20.241,20.376,-0.135,FINAL
2000-05-29,20.226,20.374,-0.147,FINAL
2000-05-30,20.211,20.371,-0.16,FINAL
2000-05-31,20.197,20.369,-0.173,FINAL
2000-06-01,20.193,20.367,-0.174,FINAL
2000-06-02,20.185,20.365,-0.18,FINAL
2000-06-03,20.184,20.363,-0.179,FINAL
2000-06-04,20.191,20.361,-0.171,FINAL
2000-06-05,20.2,20.36,-0.16,FINAL
2000-06-06,20.207,20.358,-0.151,FINAL
2000-06-07,20.208,20.357,-0.148,FINAL
2000-06-08,20.203,20.355,-0.153,FINAL
2000-06-09,20.193,20.354,-0.161,FINAL
2000-06-10,20.182,20.353,-0.171,FINAL
2000-06-11,20.168,20.352,-0.183,FINAL
2000-06-12,20.154,20.351,-0.197,FINAL
2000-06-13,20.142,20.35,-0.208,FINAL
2000-06-14,20.133,20.349,-0.216,FINAL
2000-06-15,20.129,20.349,-0.219,FINAL
2000-06-16,20.132,20.348,-0.216,FINAL
2000-06-17,20.14,20.348,-0.208,FINAL
2000-06-18,20.151,20.347,-0.196,FINAL
2000-06-19,20.162,20.347,-0.185,FINAL
2000-06-20,20.172,20.347,-0.175,FINAL
2000-06-21,20.184,20.347,-0.164,FINAL
2000-06-22,20.195,20.347,-0.152,FINAL
2000-06-23,20.204,20.348,-0.144,FINAL
2000-06-24,20.205,20.348,-0.143,FINAL
2000-06-25,20.2,20.348,-0.148,FINAL
2000-06-26,20.192,20.349,-0.157,FINAL
2000-06-27,20.183,20.349,-0.167,FINAL
2000-06-28,20.174,20.35,-0.176,FINAL
2000-06-29,20.167,20.351,-0.184,FINAL
2000-06-30,20.161,20.352,-0.191,FINAL
2000-07-01,20.158,20.353,-0.195,FINAL
2000-07-02,20.156,20.354,-0.197,FINAL
2000-07-03,20.16,20.355,-0.195,FINAL
2000-07-04,20.167,20.356,-0.189,FINAL
2000-07-05,20.176,20.358,-0.182,FINAL
2000-07-06,20.183,20.359,-0.176,FINAL
2000-07-07,20.188,20.36,-0.173,FINAL
2000-07-08,20.187,20.362,-0.175,FINAL
2000-07-09,20.182,20.363,-0.181,FINAL
2000-07-10,20.175,20.365,-0.19,FINAL
2000-07-11,20.171,20.367,-0.196,FINAL
2000-07-12,20.17,20.369,-0.198,FINAL
2000-07-13,20.175,20.37,-0.195,FINAL
2000-07-14,20.184,20.372,-0.189,FINAL
2000-07-15,20.193,20.374,-0.181,FINAL
2000-07-16,20.203,20.376,-0.173,FINAL
2000-07-17,20.209,20.378,-0.17,FINAL
2000-07-18,20.206,20.38,-0.174,FINAL
2000-07-19,20.197,20.383,-0.185,FINAL
2000-07-20,20.188,20.385,-0.197,FINAL
2000-07-21,20.185,20.387,-0.202,FINAL
2000-07-22,20.197,20.389,-0.192,FINAL
2000-07-23,20.217,20.391,-0.174,FINAL
2000-07-24,20.238,20.394,-0.155,FINAL
2000-07-25,20.26,20.396,-0.136,FINAL
2000-07-26,20.282,20.398,-0.117,FINAL
2000-07-27,20.305,20.401,-0.096,FINAL
2000-07-28,20.322,20.403,-0.081,FINAL
2000-07-29,20.327,20.405,-0.078,FINAL
2000-07-30,20.324,20.407,-0.083,FINAL
2000-07-31,20.317,20.41,-0.093,FINAL
2000-08-01,20.308,20.412,-0.104,FINAL
2000-08-02,20.302,20.414,-0.112,FINAL
2000-08-03,20.298,20.416,-0.118,FINAL
2000-08-04,20.296,20.418,-0.122,FINAL
2000-08-05,20.293,20.42,-0.127,FINAL
2000-08-06,20.29,20.422,-0.132,FINAL
2000-08-07,20.286,20.424,-0.138,FINAL
2000-08-08,20.284,20.426,-0.141,FINAL
2000-08-09,20.285,20.427,-0.142,FINAL
2000-08-10,20.292,20.429,-0.136,FINAL
2000-08-11,20.306,20.43,-0.124,FINAL
2000-08-12,20.324,20.431,-0.108,FINAL
2000-08-13,20.341,20.432,-0.092,FINAL
2000-08-14,20.355,20.433,-0.078,FINAL
2000-08-15,20.365,20.434,-0.069,FINAL
2000-08-16,20.373,20.435,-0.061,FINAL
2000-08-17,20.37,20.435,-0.065,FINAL
2000-08-18,20.359,20.436,-0.077,FINAL
2000-08-19,20.345,20.436,-0.091,FINAL
2000-08-20,20.33,20.436,-0.106,FINAL
2000-08-21,20.32,20.436,-0.116,FINAL
2000-08-22,20.317,20.435,-0.118,FINAL
2000-08-23,20.324,20.434,-0.11,FINAL
2000-08-24,20.334,20.433,-0.099,FINAL
2000-08-25,20.344,20.432,-0.089,FINAL
2000-08-26,20.347,20.431,-0.084,FINAL
2000-08-27,20.342,20.429,-0.087,FINAL
2000-08-28,20.333,20.428,-0.095,FINAL
2000-08-29,20.321,20.426,-0.105,FINAL
2000-08-30,20.314,20.423,-0.11,FINAL
2000-08-31,20.315,20.421,-0.106,FINAL
2000-09-01,20.325,20.418,-0.093,FINAL
2000-09-02,20.342,20.415,-0.073,FINAL
2000-09-03,20.359,20.412,-0.053,FINAL
2000-09-04,20.369,20.409,-0.039,FINAL
2000-09-05,20.366,20.405,-0.039,FINAL
2000-09-06,20.353,20.401,-0.048,FINAL
2000-09-07,20.336,20.397,-0.061,FINAL
2000-09-08,20.314,20.393,-0.079,FINAL
2000-09-09,20.288,20.389,-0.101,FINAL
2000-09-10,20.257,20.384,-0.127,FINAL
2000-09-11,20.232,20.379,-0.148,FINAL
2000-09-12,20.22,20.375,-0.154,FINAL
2000-09-13,20.218,20.37,-0.152,FINAL
2000-09-14,20.218,20.364,-0.147,FINAL
2000-09-15,20.218,20.359,-0.141,FINAL
2000-09-16,20.216,20.354,-0.138,FINAL
2000-09-17,20.217,20.348,-0.131,FINAL
2000-09-18,20.219,20.343,-0.123,FINAL
2000-09-19,20.222,20.337,-0.115,FINAL
2000-09-20,20.222,20.331,-0.109,FINAL
2000-09-21,20.221,20.326,-0.105,FINAL
2000-09-22,20.218,20.32,-0.102,FINAL
2000-09-23,20.213,20.314,-0.101,FINAL
2000-09-24,20.205,20.308,-0.104,FINAL
2000-09-25,20.194,20.303,-0.109,FINAL
2000-09-26,20.183,20.297,-0.114,FINAL
2000-09-27,20.174,20.291,-0.117,FINAL
2000-09-28,20.165,20.286,-0.12,FINAL
2000-09-29,20.156,20.28,-0.124,FINAL
2000-09-30,20.145,20.274,-0.129,FINAL
2000-10-01,20.135,20.269,-0.134,FINAL
2000-10-02,20.127,20.264,-0.137,FINAL
2000-10-03,20.121,20.258,-0.137,FINAL
2000-10-04,20.117,20.253,-0.136,FINAL
2000-10-05,20.114,20.248,-0.134,FINAL
2000-10-06,20.11,20.243,-0.133,FINAL
2000-10-07,20.107,20.238,-0.131,FINAL
2000-10-08,20.104,20.233,-0.13,FINAL
2000-10-09,20.103,20.229,-0.126,FINAL
2000-10-10,20.105,20.224,-0.119,FINAL
2000-10-11,20.109,20.22,-0.111,FINAL
2000-10-12,20.112,20.216,-0.103,FINAL
2000-10-13,20.113,20.211,-0.099,FINAL
2000-10-14,20.11,20.207,-0.097,FINAL
2000-10-15,20.102,20.203,-0.101,FINAL
2000-10-16,20.09,20.199,-0.11,FINAL
2000-10-17,20.075,20.196,-0.121,FINAL
2000-10-18,20.058,20.192,-0.134,FINAL
2000-10-19,20.045,20.189,-0.144,FINAL
2000-10-20,20.035,20.185,-0.15,FINAL
2000-10-21,20.031,20.182,-0.151,FINAL
2000-10-22,20.033,20.178,-0.146,FINAL
2000-10-23,20.038,20.175,-0.137,FINAL
2000-10-24,20.044,20.172,-0.128,FINAL
2000-10-25,20.047,20.169,-0.122,FINAL
2000-10-26,20.043,20.166,-0.123,FINAL
2000-10-27,20.035,20.163,-0.128,FINAL
2000-10-28,20.025,20.16,-0.135,FINAL
2000-10-29,20.019,20.157,-0.138,FINAL
2000-10-30,20.021,20.154,-0.133,FINAL
2000-10-31,20.027,20.152,-0.125,FINAL
2000-11-01,20.031,20.149,-0.118,FINAL
2000-11-02,20.037,20.146,-0.11,FINAL
2000-11-03,20.046,20.144,-0.098,FINAL
2000-11-04,20.061,20.142,-0.08,FINAL
2000-11-05,20.076,20.139,-0.063,FINAL
2000-11-06,20.084,20.137,-0.053,FINAL
2000-11-07,20.087,20.135,-0.048,FINAL
2000-11-08,20.087,20.133,-0.046,FINAL
2000-11-09,20.087,20.131,-0.044,FINAL
2000-11-10,20.087,20.129,-0.042,FINAL
2000-11-11,20.085,20.127,-0.042,FINAL
2000-11-12,20.081,20.125,-0.045,FINAL
2000-11-13,20.071,20.124,-0.053,FINAL
2000-11-14,20.056,20.123,-0.066,FINAL
2000-11-15,20.04,20.121,-0.082,FINAL
2000-11-16,20.029,20.12,-0.091,FINAL
2000-11-17,20.021,20.119,-0.099,FINAL
2000-11-18,20.014,20.119,-0.105,FINAL
2000-11-19,20.005,20.118,-0.113,FINAL
2000-11-20,19.997,20.118,-0.121,FINAL
2000-11-21,19.995,20.117,-0.122,FINAL
2000-11-22,19.997,20.117,-0.12,FINAL
2000-11-23,20.002,20.117,-0.116,FINAL
2000-11-24,20.007,20.118,-0.111,FINAL
2000-11-25,20.012,20.118,-0.107,FINAL
2000-11-26,20.016,20.119,-0.103,FINAL
2000-11-27,20.02,20.12,-0.1,FINAL
2000-11-28,20.024,20.121,-0.097,FINAL
2000-11-29,20.028,20.123,-0.095,FINAL
2000-11-30,20.03,20.124,-0.094,FINAL
2000-12-01,20.028,20.126,-0.098,FINAL
2000-12-02,20.028,20.128,-0.099,FINAL
2000-12-03,20.028,20.13,-0.102,FINAL
2000-12-04,20.027,20.132,-0.105,FINAL
2000-12-05,20.024,20.135,-0.111,FINAL
2000-12-06,20.021,20.137,-0.116,FINAL
2000-12-07,20.019,20.14,-0.12,FINAL
2000-12-08,20.022,20.143,-0.121,FINAL
2000-12-09,20.03,20.146,-0.115,FINAL
2000-12-10,20.044,20.149,-0.105,FINAL
2000-12-11,20.059,20.152,-0.093,FINAL
2000-12-12,20.074,20.156,-0.081,FINAL
2000-12-13,20.086,20.159,-0.073,FINAL
2000-12-14,20.092,20.163,-0.071,FINAL
2000-12-15,20.093,20.167,-0.073,FINAL
2000-12-16,20.093,20.17,-0.077,FINAL
2000-12-17,20.088,20.174,-0.086,FINAL
2000-12-18,20.08,20.178,-0.098,FINAL
2000-12-19,20.067,20.182,-0.116,FINAL
2000-12-20,20.055,20.186,-0.131,FINAL
2000-12-21,20.051,20.19,-0.14,FINAL
2000-12-22,20.05,20.194,-0.144,FINAL
2000-12-23,20.053,20.198,-0.146,FINAL
2000-12-24,20.056,20.203,-0.146,FINAL
2000-12-25,20.062,20.207,-0.145,FINAL
2000-12-26,20.07,20.211,-0.141,FINAL
2000-12-27,20.081,20.216,-0.135,FINAL
2000-12-28,20.09,20.22,-0.13,FINAL
2000-12-29,20.098,20.224,-0.127,FINAL
2000-12-30,20.098,20.229,-0.13,FINAL
2000-12-31,20.094,20.233,-0.14,FINAL
2001-01-01,20.088,20.238,-0.15,FINAL
2001-01-02,20.09,20.242,-0.152,FINAL
2001-01-03,20.105,20.247,-0.142,FINAL
2001-01-04,20.128,20.252,-0.123,FINAL
2001-01-05,20.152,20.256,-0.104,FINAL
2001-01-06,20.175,20.261,-0.086,FINAL
2001-01-07,20.196,20.266,-0.07,FINAL
2001-01-08,20.214,20.271,-0.057,FINAL
2001-01-09,20.223,20.276,-0.053,FINAL
2001-01-10,20.223,20.281,-0.059,FINAL
2001-01-11,20.216,20.286,-0.071,FINAL
2001-01-12,20.204,20.291,-0.087,FINAL
2001-01-13,20.192,20.297,-0.105,FINAL
2001-01-14,20.184,20.302,-0.118,FINAL
2001-01-15,20.183,20.307,-0.125,FINAL
2001-01-16,20.188,20.313,-0.125,FINAL
2001-01-17,20.193,20.318,-0.125,FINAL
2001-01-18,20.197,20.324,-0.126,FINAL
2001-01-19,20.199,20.329,-0.13,FINAL
2001-01-20,20.202,20.335,-0.134,FINAL
2001-01-21,20.206,20.341,-0.135,FINAL
2001-01-22,20.216,20.346,-0.13,FINAL
2001-01-23,20.234,20.352,-0.118,FINAL
2001-01-24,20.255,20.358,-0.103,FINAL
2001-01-25,20.273,20.364,-0.091,FINAL
2001-01-26,20.289,20.37,-0.081,FINAL
2001-01-27,20.302,20.375,-0.073,FINAL
2001-01-28,20.315,20.381,-0.066,FINAL
2001-01-29,20.322,20.387,-0.065,FINAL
2001-01-30,20.319,20.392,-0.073,FINAL
2001-01-31,20.314,20.398,-0.084,FINAL
2001-02-01,20.309,20.404,-0.095,FINAL
2001-02-02,20.31,20.409,-0.099,FINAL
2001-02-03,20.321,20.415,-0.094,FINAL
2001-02-04,20.336,20.42,-0.084,FINAL
2001-02-05,20.351,20.425,-0.074,FINAL
2001-02-06,20.364,20.43,-0.067,FINAL
2001-02-07,20.368,20.436,-0.067,FINAL
2001-02-08,20.366,20.44,-0.075,FINAL
2001-02-09,20.359,20.445,-0.087,FINAL
2001-02-10,20.35,20.45,-0.1,FINAL
2001-02-11,20.342,20.455,-0.113,FINAL
2001-02-12,20.334,20.459,-0.125,FINAL
2001-02-13,20.33,20.463,-0.133,FINAL
2001-02-14,20.332,20.468,-0.135,FINAL
2001-02-15,20.339,20.472,-0.133,FINAL
2001-02-16,20.352,20.476,-0.124,FINAL
2001-02-17,20.366,20.48,-0.113,FINAL
2001-02-18,20.377,20.483,-0.107,FINAL
2001-02-19,20.381,20.487,-0.106,FINAL
2001-02-20,20.386,20.49,-0.105,FINAL
2001-02-21,20.395,20.493,-0.098,FINAL
2001-02-22,20.416,20.497,-0.08,FINAL
2001-02-23,20.442,20.5,-0.058,FINAL
2001-02-24,20.462,20.503,-0.041,FINAL
2001-02-25,20.477,20.505,-0.028,FINAL
2001-02-26,20.489,20.508,-0.019,FINAL
2001-02-27,20.5,20.51,-0.011,FINAL
2001-02-28,20.503,20.513,-0.01,FINAL
2001-03-01,20.493,20.515,-0.022,FINAL
2001-03-02,20.48,20.517,-0.037,FINAL
2001-03-03,20.47,20.52,-0.049,FINAL
2001-03-04,20.471,20.522,-0.051,FINAL
2001-03-05,20.48,20.523,-0.044,FINAL
2001-03-06,20.492,20.525,-0.033,FINAL
2001-03-07,20.506,20.527,-0.021,FINAL
2001-03-08,20.521,20.529,-0.008,FINAL
2001-03-09,20.536,20.53,0.005,FINAL
2001-03-10,20.544,20.531,0.012,FINAL
2001-03-11,20.542,20.533,0.01,FINAL
2001-03-12,20.537,20.534,0.003,FINAL
2001-03-13,20.532,20.535,-0.003,FINAL
2001-03-14,20.534,20.536,-0.003,FINAL
2001-03-15,20.539,20.537,0.002,FINAL
2001-03-16,20.543,20.538,0.005,FINAL
2001-03-17,20.547,20.538,0.009,FINAL
2001-03-18,20.553,20.539,0.015,FINAL
2001-03-19,20.563,20.539,0.023,FINAL
2001-03-20,20.573,20.54,0.033,FINAL
2001-03-21,20.58,20.54,0.04,FINAL
2001-03-22,20.583,20.54,0.044,FINAL
2001-03-23,20.583,20.54,0.043,FINAL
2001-03-24,20.577,20.54,0.037,FINAL
2001-03-25,20.567,20.539,0.028,FINAL
2001-03-26,20.556,20.539,0.017,FINAL
2001-03-27,20.544,20.538,0.006,FINAL
2001-03-28,20.534,20.538,-0.004,FINAL
2001-03-29,20.526,20.537,-0.011,FINAL
2001-03-30,20.525,20.536,-0.011,FINAL
2001-03-31,20.53,20.535,-0.005,FINAL
2001-04-01,20.535,20.534,0.002,FINAL
2001-04-02,20.543,20.532,0.01,FINAL
2001-04-03,20.545,20.531,0.014,FINAL
2001-04-04,20.544,20.529,0.014,FINAL
2001-04-05,20.54,20.528,0.012,FINAL
2001-04-06,20.533,20.526,0.008,FINAL
2001-04-07,20.523,20.524,-0.001,FINAL
2001-04-08,20.51,20.522,-0.012,FINAL
2001-04-09,20.495,20.52,-0.024,FINAL
2001-04-10,20.484,20.517,-0.034,FINAL
2001-04-11,20.475,20.515,-0.04,FINAL
2001-04-12,20.469,20.513,-0.044,FINAL
2001-04-13,20.467,20.51,-0.043,FINAL
2001-04-14,20.47,20.508,-0.038,FINAL
2001-04-15,20.48,20.505,-0.025,FINAL
2001-04-16,20.489,20.502,-0.013,FINAL
2001-04-17,20.494,20.5,-0.005,FINAL
2001-04-18,20.491,20.497,-0.006,FINAL
2001-04-19,20.48,20.494,-0.014,FINAL
2001-04-20,20.466,20.491,-0.025,FINAL
2001-04-21,20.449,20.488,-0.039,FINAL
2001-04-22,20.432,20.485,-0.053,FINAL
2001-04-23,20.415,20.482,-0.067,FINAL
2001-04-24,20.404,20.479,-0.075,FINAL
2001-04-25,20.402,20.476,-0.073,FINAL
2001-04-26,20.405,20.473,-0.067,FINAL
2001-04-27,20.408,20.469,-0.062,FINAL
2001-04-28,20.406,20.466,-0.061,FINAL
2001-04-29,20.4,20.463,-0.063,FINAL
2001-04-30,20.394,20.46,-0.066,FINAL
2001-05-01,20.39,20.457,-0.067,FINAL
2001-05-02,20.383,20.453,-0.071,FINAL
2001-05-03,20.374,20.45,-0.076,FINAL
2001-05-04,20.367,20.447,-0.08,FINAL
2001-05-05,20.362,20.444,-0.082,FINAL
2001-05-06,20.359,20.441,-0.082,FINAL
2001-05-07,20.355,20.437,-0.082,FINAL
2001-05-08,20.35,20.434,-0.084,FINAL
2001-05-09,20.342,20.431,-0.089,FINAL
2001-05-10,20.334,20.428,-0.094,FINAL
2001-05-11,20.326,20.425,-0.098,FINAL
2001-05-12,20.324,20.421,-0.098,FINAL
2001-05-13,20.328,20.418,-0.09,FINAL
2001-05-14,20.335,20.415,-0.08,FINAL
2001-05-15,20.342,20.412,-0.07,FINAL
2001-05-16,20.354,20.409,-0.055,FINAL
2001-05-17,20.36,20.406,-0.046,FINAL
2001-05-18,20.368,20.403,-0.035,FINAL
2001-05-19,20.372,20.4,-0.028,FINAL
2001-05-20,20.369,20.397,-0.028,FINAL
2001-05-21,20.362,20.394,-0.032,FINAL
2001-05-22,20.356,20.392,-0.035,FINAL
2001-05-23,20.355,20.389,-0.034,FINAL
2001-05-24,20.358,20.386,-0.028,FINAL
2001-05-25,20.36,20.383,-0.023,FINAL
2001-05-26,20.362,20.381,-0.019,FINAL
2001-05-27,20.362,20.378,-0.016,FINAL
2001-05-28,20.359,20.376,-0.017,FINAL
2001-05-29,20.351,20.374,-0.023,FINAL
2001-05-30,20.34,20.371,-0.032,FINAL
2001-05-31,20.329,20.369,-0.04,FINAL
2001-06-01,20.331,20.367,-0.036,FINAL
2001-06-02,20.328,20.365,-0.037,FINAL
2001-06-03,20.33,20.363,-0.033,FINAL
2001-06-04,20.335,20.361,-0.026,FINAL
2001-06-05,20.342,20.36,-0.018,FINAL
2001-06-06,20.348,20.358,-0.01,FINAL
2001-06-07,20.355,20.357,-0.002,FINAL
2001-06-08,20.358,20.355,0.003,FINAL
2001-06-09,20.354,20.354,0.0,FINAL
2001-06-10,20.348,20.353,-0.005,FINAL
2001-06-11,20.343,20.352,-0.009,FINAL
2001-06-12,20.342,20.351,-0.008,FINAL
2001-06-13,20.346,20.35,-0.004,FINAL
2001-06-14,20.349,20.349,0.0,FINAL
2001-06-15,20.35,20.349,0.002,FINAL
2001-06-16,20.354,20.348,0.006,FINAL
2001-06-17,20.357,20.348,0.01,FINAL
2001-06-18,20.359,20.347,0.012,FINAL
2001-06-19,20.356,20.347,0.009,FINAL
2001-06-20,20.352,20.347,0.004,FINAL
2001-06-21,20.347,20.347,-0.0,FINAL
2001-06-22,20.342,20.347,-0.005,FINAL
2001-06-23,20.338,20.348,-0.009,FINAL
2001-06-24,20.336,20.348,-0.012,FINAL
2001-06-25,20.335,20.348,-0.013,FINAL
2001-06-26,20.336,20.349,-0.013,FINAL
2001-06-27,20.339,20.349,-0.01,FINAL
2001-06-28,20.344,20.35,-0.006,FINAL
2001-06-29,20.35,20.351,-0.001,FINAL
2001-06-30,20.354,20.352,0.002,FINAL
2001-07-01,20.36,20.353,0.007,FINAL
2001-07-02,20.361,20.354,0.007,FINAL
2001-07-03,20.356,20.355,0.001,FINAL
2001-07-04,20.348,20.356,-0.008,FINAL
2001-07-05,20.341,20.358,-0.017,FINAL
2001-07-06,20.334,20.359,-0.025,FINAL
2001-07-07,20.333,20.36,-0.027,FINAL
2001-07-08,20.335,20.362,-0.027,FINAL
2001-07-09,20.34,20.363,-0.024,FINAL
2001-07-10,20.346,20.365,-0.019,FINAL
2001-07-11,20.357,20.367,-0.01,FINAL
2001-07-12,20.374,20.369,0.005,FINAL
2001-07-13,20.391,20.37,0.02,FINAL
2001-07-14,20.404,20.372,0.031,FINAL
2001-07-15,20.412,20.374,0.038,FINAL
2001-07-16,20.426,20.376,0.05,FINAL
2001-07-17,20.429,20.378,0.05,FINAL
2001-07-18,20.426,20.38,0.046,FINAL
2001-07-19,20.421,20.383,0.038,FINAL
2001-07-20,20.412,20.385,0.027,FINAL
2001-07-21,20.403,20.387,0.016,FINAL
2001-07-22,20.393,20.389,0.003,FINAL
2001-07-23,20.388,20.391,-0.004,FINAL
2001-07-24,20.391,20.394,-0.002,FINAL
2001-07-25,20.398,20.396,0.002,FINAL
2001-07-26,20.403,20.398,0.005,FINAL
2001-07-27,20.404,20.401,0.003,FINAL
2001-07-28,20.403,20.403,0.0,FINAL
2001-07-29,20.405,20.405,-0.001,FINAL
2001-07-30,20.405,20.407,-0.002,FINAL
2001-07-31,20.403,20.41,-0.007,FINAL
2001-08-01,20.396,20.412,-0.016,FINAL
2001-08-02,20.387,20.414,-0.027,FINAL
2001-08-03,20.379,20.416,-0.037,FINAL
2001-08-04,20.374,20.418,-0.044,FINAL
2001-08-05,20.373,20.42,-0.047,FINAL
2001-08-06,20.375,20.422,-0.047,FINAL
2001-08-07,20.383,20.424,-0.041,FINAL
2001-08-08,20.396,20.426,-0.03,FINAL
2001-08-09,20.409,20.427,-0.018,FINAL
2001-08-10,20.42,20.429,-0.009,FINAL
2001-08-11,20.426,20.43,-0.005,FINAL
2001-08-12,20.425,20.431,-0.007,FINAL
2001-08-13,20.419,20.432,-0.013,FINAL
2001-08-14,20.411,20.433,-0.022,FINAL
2001-08-15,20.401,20.434,-0.033,FINAL
2001-08-16,20.392,20.435,-0.043,FINAL
2001-08-17,20.385,20.435,-0.051,FINAL
2001-08-18,20.384,20.436,-0.052,FINAL
2001-08-19,20.386,20.436,-0.05,FINAL
2001-08-20,20.39,20.436,-0.045,FINAL
2001-08-21,20.396,20.436,-0.039,FINAL
2001-08-22,20.402,20.435,-0.033,FINAL
2001-08-23,20.407,20.434,-0.027,FINAL
2001-08-24,20.412,20.433,-0.022,FINAL
2001-08-25,20.415,20.432,-0.017,FINAL
2001-08-26,20.416,20.431,-0.015,FINAL
2001-08-27,20.415,20.429,-0.015,FINAL
2001-08-28,20.411,20.428,-0.017,FINAL
2001-08-29,20.406,20.426,-0.02,FINAL
2001-08-30,20.4,20.423,-0.024,FINAL
2001-08-31,20.393,20.421,-0.028,FINAL
2001-09-01,20.388,20.418,-0.03,FINAL
2001-09-02,20.386,20.415,-0.029,FINAL
2001-09-03,20.386,20.412,-0.026,FINAL
2001-09-04,20.386,20.409,-0.023,FINAL
2001-09-05,20.383,20.405,-0.022,FINAL
2001-09-06,20.379,20.401,-0.022,FINAL
2001-09-07,20.376,20.397,-0.021,FINAL
2001-09-08,20.373,20.393,-0.02,FINAL
2001-09-09,20.368,20.389,-0.021,FINAL
2001-09-10,20.361,20.384,-0.023,FINAL
2001-09-11,20.353,20.379,-0.026,FINAL
2001-09-12,20.345,20.375,-0.03,FINAL
2001-09-13,20.337,20.37,-0.032,FINAL
2001-09-14,20.334,20.364,-0.031,FINAL
2001-09-15,20.334,20.359,-0.025,FINAL
2001-09-16,20.339,20.354,-0.015,FINAL
2001-09-17,20.343,20.348,-0.005,FINAL
2001-09-18,20.349,20.343,0.006,FINAL
2001-09-19,20.354,20.337,0.017,FINAL
2001-09-20,20.359,20.331,0.027,FINAL
2001-09-21,20.36,20.326,0.034,FINAL
2001-09-22,20.356,20.32,0.036,FINAL
2001-09-23,20.349,20.314,0.035,FINAL
2001-09-24,20.339,20.308,0.031,FINAL
2001-09-25,20.327,20.303,0.024,FINAL
2001-09-26,20.316,20.297,0.019,FINAL
2001-09-27,20.309,20.291,0.017,FINAL
2001-09-28,20.301,20.286,0.016,FINAL
2001-09-29,20.293,20.28,0.013,FINAL
2001-09-30,20.282,20.274,0.007,FINAL
2001-10-01,20.272,20.269,0.003,FINAL
2001-10-02,20.266,20.264,0.002,FINAL
2001-10-03,20.262,20.258,0.003,FINAL
2001-10-04,20.256,20.253,0.002,FINAL
2001-10-05,20.245,20.248,-0.003,FINAL
2001-10-06,20.23,20.243,-0.013,FINAL
2001-10-07,20.217,20.238,-0.022,FINAL
2001-10-08,20.205,20.233,-0.029,FINAL
2001-10-09,20.196,20.229,-0.032,FINAL
2001-10-10,20.194,20.224,-0.03,FINAL
2001-10-11,20.196,20.22,-0.023,FINAL
2001-10-12,20.201,20.216,-0.015,FINAL
2001-10-13,20.206,20.211,-0.005,FINAL
2001-10-14,20.214,20.207,0.007,FINAL
2001-10-15,20.224,20.203,0.021,FINAL
2001-10-16,20.23,20.199,0.03,FINAL
2001-10-17,20.229,20.196,0.034,FINAL
2001-10-18,20.221,20.192,0.029,FINAL
2001-10-19,20.216,20.189,0.027,FINAL
2001-10-20,20.213,20.185,0.028,FINAL
2001-10-21,20.21,20.182,0.028,FINAL
2001-10-22,20.204,20.178,0.026,FINAL
2001-10-23,20.199,20.175,0.024,FINAL
2001-10-24,20.195,20.172,0.023,FINAL
2001-10-25,20.197,20.169,0.029,FINAL
2001-10-26,20.202,20.166,0.036,FINAL
2001-10-27,20.206,20.163,0.043,FINAL
2001-10-28,20.21,20.16,0.05,FINAL
2001-10-29,20.213,20.157,0.056,FINAL
2001-10-30,20.219,20.154,0.065,FINAL
2001-10-31,20.223,20.152,0.072,FINAL
2001-11-01,20.223,20.149,0.074,FINAL
2001-11-02,20.219,20.146,0.073,FINAL
2001-11-03,20.215,20.144,0.071,FINAL
2001-11-04,20.211,20.142,0.069,FINAL
2001-11-05,20.208,20.139,0.069,FINAL
2001-11-06,20.206,20.137,0.069,FINAL
2001-11-07,20.204,20.135,0.069,FINAL
2001-11-08,20.201,20.133,0.068,FINAL
2001-11-09,20.198,20.131,0.067,FINAL
2001-11-10,20.196,20.129,0.067,FINAL
2001-11-11,20.196,20.127,0.069,FINAL
2001-11-12,20.196,20.125,0.071,FINAL
2001-11-13,20.195,20.124,0.071,FINAL
2001-11-14,20.19,20.123,0.068,FINAL
2001-11-15,20.184,20.121,0.063,FINAL
2001-11-16,20.18,20.12,0.059,FINAL
2001-11-17,20.176,20.119,0.056,FINAL
2001-11-18,20.172,20.119,0.053,FINAL
2001-11-19,20.168,20.118,0.05,FINAL
2001-11-20,20.168,20.118,0.05,FINAL
2001-11-21,20.172,20.117,0.054,FINAL
2001-11-22,20.176,20.117,0.059,FINAL
2001-11-23,20.18,20.117,0.062,FINAL
2001-11-24,20.179,20.118,0.061,FINAL
2001-11-25,20.176,20.118,0.058,FINAL
2001-11-26,20.174,20.119,0.055,FINAL
2001-11-27,20.171,20.12,0.051,FINAL
2001-11-28,20.167,20.121,0.046,FINAL
2001-11-29,20.159,20.123,0.036,FINAL
2001-11-30,20.15,20.124,0.026,FINAL
2001-12-01,20.141,20.126,0.016,FINAL
2001-12-02,20.139,20.128,0.011,FINAL
2001-12-03,20.139,20.13,0.009,FINAL
2001-12-04,20.14,20.132,0.008,FINAL
2001-12-05,20.146,20.135,0.012,FINAL
2001-12-06,20.157,20.137,0.019,FINAL
2001-12-07,20.167,20.14,0.027,FINAL
2001-12-08,20.174,20.143,0.032,FINAL
2001-12-09,20.174,20.146,0.029,FINAL
2001-12-10,20.168,20.149,0.019,FINAL
2001-12-11,20.158,20.152,0.006,FINAL
2001-12-12,20.148,20.156,-0.007,FINAL
2001-12-13,20.14,20.159,-0.019,FINAL
2001-12-14,20.136,20.163,-0.027,FINAL
2001-12-15,20.138,20.167,-0.029,FINAL
2001-12-16,20.144,20.17,-0.026,FINAL
2001-12-17,20.156,20.174,-0.018,FINAL
2001-12-18,20.173,20.178,-0.005,FINAL
2001-12-19,20.191,20.182,0.009,FINAL
2001-12-20,20.205,20.186,0.019,FINAL
2001-12-21,20.213,20.19,0.023,FINAL
2001-12-22,20.219,20.194,0.025,FINAL
2001-12-23,20.225,20.198,0.027,FINAL
2001-12-24,20.236,20.203,0.034,FINAL
2001-12-25,20.249,20.207,0.042,FINAL
2001-12-26,20.26,20.211,0.049,FINAL
2001-12-27,20.268,20.216,0.052,FINAL
2001-12-28,20.272,20.22,0.052,FINAL
2001-12-29,20.272,20.224,0.047,FINAL
2001-12-30,20.268,20.229,0.039,FINAL
2001-12-31,20.265,20.233,0.031,FINAL
2002-01-01,20.26,20.238,0.022,FINAL
2002-01-02,20.255,20.242,0.012,FINAL
2002-01-03,20.25,20.247,0.003,FINAL
2002-01-04,20.249,20.252,-0.003,FINAL
2002-01-05,20.253,20.256,-0.004,FINAL
2002-01-06,20.26,20.261,-0.002,FINAL
2002-01-07,20.269,20.266,0.003,FINAL
2002-01-08,20.278,20.271,0.007,FINAL
2002-01-09,20.285,20.276,0.009,FINAL
2002-01-10,20.291,20.281,0.01,FINAL
2002-01-11,20.296,20.286,0.01,FINAL
2002-01-12,20.302,20.291,0.01,FINAL
2002-01-13,20.311,20.297,0.014,FINAL
2002-01-14,20.321,20.302,0.019,FINAL
2002-01-15,20.329,20.307,0.021,FINAL
2002-01-16,20.336,20.313,0.023,FINAL
2002-01-17,20.343,20.318,0.025,FINAL
2002-01-18,20.353,20.324,0.03,FINAL
2002-01-19,20.361,20.329,0.032,FINAL
2002-01-20,20.366,20.335,0.031,FINAL
2002-01-21,20.371,20.341,0.03,FINAL
2002-01-22,20.376,20.346,0.029,FINAL
2002-01-23,20.382,20.352,0.03,FINAL
2002-01-24,20.391,20.358,0.033,FINAL
2002-01-25,20.401,20.364,0.038,FINAL
2002-01-26,20.41,20.37,0.041,FINAL
2002-01-27,20.414,20.375,0.039,FINAL
2002-01-28,20.41,20.381,0.029,FINAL
2002-01-29,20.399,20.387,0.012,FINAL
2002-01-30,20.386,20.392,-0.006,FINAL
2002-01-31,20.375,20.398,-0.023,FINAL
2002-02-01,20.369,20.404,-0.034,FINAL
2002-02-02,20.371,20.409,-0.038,FINAL
2002-02-03,20.382,20.415,-0.033,FINAL
2002-02-04,20.398,20.42,-0.022,FINAL
2002-02-05,20.419,20.425,-0.006,FINAL
2002-02-06,20.442,20.43,0.012,FINAL
2002-02-07,20.466,20.436,0.03,FINAL
2002-02-08,20.484,20.44,0.044,FINAL
2002-02-09,20.496,20.445,0.05,FINAL
2002-02-10,20.5,20.45,0.05,FINAL
2002-02-11,20.497,20.455,0.042,FINAL
2002-02-12,20.489,20.459,0.03,FINAL
2002-02-13,20.479,20.463,0.015,FINAL
2002-02-14,20.469,20.468,0.002,FINAL
2002-02-15,20.461,20.472,-0.011,FINAL
2002-02-16,20.454,20.476,-0.022,FINAL
2002-02-17,20.444,20.48,-0.036,FINAL
2002-02-18,20.437,20.483,-0.046,FINAL
2002-02-19,20.437,20.487,-0.05,FINAL
2002-02-20,20.443,20.49,-0.048,FINAL
2002-02-21,20.453,20.493,-0.04,FINAL
2002-02-22,20.469,20.497,-0.027,FINAL
2002-02-23,20.483,20.5,-0.016,FINAL
2002-02-24,20.493,20.503,-0.01,FINAL
2002-02-25,20.502,20.505,-0.003,FINAL
2002-02-26,20.513,20.508,0.005,FINAL
2002-02-27,20.531,20.51,0.02,FINAL
2002-02-28,20.549,20.513,0.036,FINAL
2002-03-01,20.558,20.515,0.043,FINAL
2002-03-02,20.564,20.517,0.046,FINAL
2002-03-03,20.567,20.52,0.047,FINAL
2002-03-04,20.57,20.522,0.049,FINAL
2002-03-05,20.57,20.523,0.046,FINAL
2002-03-06,20.563,20.525,0.038,FINAL
2002-03-07,20.555,20.527,0.028,FINAL
2002-03-08,20.552,20.529,0.023,FINAL
2002-03-09,20.557,20.53,0.027,FINAL
2002-03-10,20.566,20.531,0.035,FINAL
2002-03-11,20.576,20.533,0.043,FINAL
2002-03-12,20.587,20.534,0.053,FINAL
2002-03-13,20.601,20.535,0.066,FINAL
2002-03-14,20.62,20.536,0.084,FINAL
2002-03-15,20.64,20.537,0.103,FINAL
2002-03-16,20.654,20.538,0.116,FINAL
2002-03-17,20.66,20.538,0.122,FINAL
2002-03-18,20.659,20.539,0.12,FINAL
2002-03-19,20.648,20.539,0.108,FINAL
2002-03-20,20.631,20.54,0.092,FINAL
2002-03-21,20.615,20.54,0.075,FINAL
2002-03-22,20.597,20.54,0.057,FINAL
2002-03-23,20.577,20.54,0.037,FINAL
2002-03-24,20.553,20.54,0.013,FINAL
2002-03-25,20.536,20.539,-0.003,FINAL
2002-03-26,20.533,20.539,-0.006,FINAL
2002-03-27,20.537,20.538,-0.001,FINAL
2002-03-28,20.543,20.538,0.005,FINAL
2002-03-29,20.542,20.537,0.005,FINAL
2002-03-30,20.535,20.536,-0.001,FINAL
2002-03-31,20.529,20.535,-0.005,FINAL
2002-04-01,20.522,20.534,-0.012,FINAL
2002-04-02,20.518,20.532,-0.014,FINAL
2002-04-03,20.516,20.531,-0.014,FINAL
2002-04-04,20.517,20.529,-0.012,FINAL
2002-04-05,20.519,20.528,-0.009,FINAL
2002-04-06,20.521,20.526,-0.004,FINAL
2002-04-07,20.525,20.524,0.001,FINAL
2002-04-08,20.529,20.522,0.008,FINAL
2002-04-09,20.533,20.52,0.013,FINAL
2002-04-10,20.534,20.517,0.016,FINAL
2002-04-11,20.533,20.515,0.017,FINAL
2002-04-12,20.529,20.513,0.016,FINAL
2002-04-13,20.523,20.51,0.013,FINAL
2002-04-14,20.515,20.508,0.007,FINAL
2002-04-15,20.509,20.505,0.003,FINAL
2002-04-16,20.5,20.502,-0.002,FINAL
2002-04-17,20.494,20.5,-0.006,FINAL
2002-04-18,20.492,20.497,-0.005,FINAL
2002-04-19,20.494,20.494,-0.0,FINAL
2002-04-20,20.499,20.491,0.008,FINAL
2002-04-21,20.504,20.488,0.016,FINAL
2002-04-22,20.509,20.485,0.024,FINAL
2002-04-23,20.511,20.482,0.029,FINAL
2002-04-24,20.509,20.479,0.03,FINAL
2002-04-25,20.505,20.476,0.029,FINAL
2002-04-26,20.497,20.473,0.025,FINAL
2002-04-27,20.487,20.469,0.017,FINAL
2002-04-28,20.474,20.466,0.007,FINAL
2002-04-29,20.461,20.463,-0.002,FINAL
2002-04-30,20.453,20.46,-0.007,FINAL
2002-05-01,20.45,20.457,-0.007,FINAL
2002-05-02,20.444,20.453,-0.009,FINAL
2002-05-03,20.438,20.45,-0.013,FINAL
2002-05-04,20.432,20.447,-0.015,FINAL
2002-05-05,20.43,20.444,-0.014,FINAL
2002-05-06,20.43,20.441,-0.011,FINAL
2002-05-07,20.43,20.437,-0.008,FINAL
2002-05-08,20.429,20.434,-0.005,FINAL
2002-05-09,20.43,20.431,-0.001,FINAL
2002-05-10,20.43,20.428,0.002,FINAL
2002-05-11,20.428,20.425,0.004,FINAL
2002-05-12,20.425,20.421,0.004,FINAL
2002-05-13,20.419,20.418,0.0,FINAL
2002-05-14,20.411,20.415,-0.005,FINAL
2002-05-15,20.403,20.412,-0.009,FINAL
2002-05-16,20.4,20.409,-0.009,FINAL
2002-05-17,20.392,20.406,-0.014,FINAL
2002-05-18,20.382,20.403,-0.021,FINAL
2002-05-19,20.371,20.4,-0.03,FINAL
2002-05-20,20.361,20.397,-0.036,FINAL
2002-05-21,20.354,20.394,-0.04,FINAL
2002-05-22,20.353,20.392,-0.039,FINAL
2002-05-23,20.359,20.389,-0.03,FINAL
2002-05-24,20.366,20.386,-0.02,FINAL
2002-05-25,20.371,20.383,-0.013,FINAL
2002-05-26,20.376,20.381,-0.005,FINAL
2002-05-27,20.386,20.378,0.007,FINAL
2002-05-28,20.401,20.376,0.025,FINAL
2002-05-29,20.416,20.374,0.043,FINAL
2002-05-30,20.424,20.371,0.053,FINAL
2002-05-31,20.426,20.369,0.057,FINAL
2002-06-01,20.432,20.367,0.065,FINAL
2002-06-02,20.43,20.365,0.065,FINAL
2002-06-03,20.427,20.363,0.064,FINAL
2002-06-04,20.422,20.361,0.06,FINAL
2002-06-05,20.413,20.36,0.054,FINAL
2002-06-06,20.401,20.358,0.043,FINAL
2002-06-07,20.385,20.357,0.028,FINAL
2002-06-08,20.369,20.355,0.014,FINAL
2002-06-09,20.359,20.354,0.005,FINAL
2002-06-10,20.352,20.353,-0.0,FINAL
2002-06-11,20.346,20.352,-0.006,FINAL
2002-06-12,20.338,20.351,-0.013,FINAL
2002-06-13,20.331,20.35,-0.019,FINAL
2002-06-14,20.329,20.349,-0.02,FINAL
2002-06-15,20.332,20.349,-0.017,FINAL
2002-06-16,20.334,20.348,-0.014,FINAL
2002-06-17,20.335,20.348,-0.012,FINAL
2002-06-18,20.338,20.347,-0.009,FINAL
2002-06-19,20.342,20.347,-0.005,FINAL
2002-06-20,20.345,20.347,-0.002,FINAL
2002-06-21,20.344,20.347,-0.003,FINAL
2002-06-22,20.336,20.347,-0.011,FINAL
2002-06-23,20.326,20.348,-0.022,FINAL
2002-06-24,20.317,20.348,-0.031,FINAL
2002-06-25,20.307,20.348,-0.041,FINAL
2002-06-26,20.297,20.349,-0.052,FINAL
2002-06-27,20.285,20.349,-0.065,FINAL
2002-06-28,20.275,20.35,-0.075,FINAL
2002-06-29,20.273,20.351,-0.078,FINAL
2002-06-30,20.275,20.352,-0.076,FINAL
2002-07-01,20.278,20.353,-0.074,FINAL
2002-07-02,20.278,20.354,-0.076,FINAL
2002-07-03,20.274,20.355,-0.081,FINAL
2002-07-04,20.271,20.356,-0.085,FINAL
2002-07-05,20.268,20.358,-0.089,FINAL
2002-07-06,20.269,20.359,-0.09,FINAL
2002-07-07,20.273,20.36,-0.087,FINAL
2002-07-08,20.278,20.362,-0.084,FINAL
2002-07-09,20.284,20.363,-0.079,FINAL
2002-07-10,20.291,20.365,-0.074,FINAL
2002-07-11,20.299,20.367,-0.068,FINAL
2002-07-12,20.306,20.369,-0.063,FINAL
2002-07-13,20.31,20.37,-0.061,FINAL
2002-07-14,20.308,20.372,-0.064,FINAL
2002-07-15,20.305,20.374,-0.07,FINAL
2002-07-16,20.307,20.376,-0.069,FINAL
2002-07-17,20.314,20.378,-0.064,FINAL
2002-07-18,20.327,20.38,-0.054,FINAL
2002-07-19,20.342,20.383,-0.041,FINAL
2002-07-20,20.355,20.385,-0.03,FINAL
2002-07-21,20.363,20.387,-0.024,FINAL
2002-07-22,20.363,20.389,-0.026,FINAL
2002-07-23,20.354,20.391,-0.037,FINAL
2002-07-24,20.341,20.394,-0.053,FINAL
2002-07-25,20.325,20.396,-0.071,FINAL
2002-07-26,20.313,20.398,-0.085,FINAL
2002-07-27,20.307,20.401,-0.094,FINAL
2002-07-28,20.309,20.403,-0.094,FINAL
2002-07-29,20.32,20.405,-0.085,FINAL
2002-07-30,20.335,20.407,-0.072,FINAL
2002-07-31,20.352,20.41,-0.058,FINAL
2002-08-01,20.365,20.412,-0.047,FINAL
2002-08-02,20.374,20.414,-0.04,FINAL
2002-08-03,20.377,20.416,-0.039,FINAL
2002-08-04,20.377,20.418,-0.041,FINAL
2002-08-05,20.375,20.42,-0.046,FINAL
2002-08-06,20.373,20.422,-0.049,FINAL
2002-08-07,20.373,20.424,-0.051,FINAL
2002-08-08,20.376,20.426,-0.05,FINAL
2002-08-09,20.378,20.427,-0.049,FINAL
2002-08-10,20.378,20.429,-0.05,FINAL
2002-08-11,20.373,20.43,-0.057,FINAL
2002-08-12,20.367,20.431,-0.065,FINAL
2002-08-13,20.362,20.432,-0.07,FINAL
2002-08-14,20.359,20.433,-0.074,FINAL
2002-08-15,20.355,20.434,-0.079,FINAL
2002-08-16,20.356,20.435,-0.079,FINAL
2002-08-17,20.353,20.435,-0.083,FINAL
2002-08-18,20.354,20.436,-0.081,FINAL
2002-08-19,20.358,20.436,-0.078,FINAL
2002-08-20,20.36,20.436,-0.075,FINAL
2002-08-21,20.359,20.436,-0.076,FINAL
2002-08-22,20.357,20.435,-0.078,FINAL
2002-08-23,20.354,20.434,-0.08,FINAL
2002-08-24,20.353,20.433,-0.081,FINAL
2002-08-25,20.349,20.432,-0.083,FINAL
2002-08-26,20.344,20.431,-0.087,FINAL
2002-08-27,20.338,20.429,-0.092,FINAL
2002-08-28,20.334,20.428,-0.094,FINAL
2002-08-29,20.332,20.426,-0.094,FINAL
2002-08-30,20.33,20.423,-0.093,FINAL
2002-08-31,20.329,20.421,-0.092,FINAL
2002-09-01,20.327,20.418,-0.091,FINAL
2002-09-02,20.326,20.415,-0.089,FINAL
2002-09-03,20.326,20.412,-0.086,FINAL
2002-09-04,20.328,20.409,-0.081,FINAL
2002-09-05,20.334,20.405,-0.071,FINAL
2002-09-06,20.341,20.401,-0.06,FINAL
2002-09-07,20.347,20.397,-0.05,FINAL
2002-09-08,20.351,20.393,-0.042,FINAL
2002-09-09,20.353,20.389,-0.035,FINAL
2002-09-10,20.352,20.384,-0.032,FINAL
2002-09-11,20.349,20.379,-0.031,FINAL
2002-09-12,20.342,20.375,-0.032,FINAL
2002-09-13,20.333,20.37,-0.036,FINAL
2002-09-14,20.32,20.364,-0.044,FINAL
2002-09-15,20.305,20.359,-0.055,FINAL
2002-09-16,20.291,20.354,-0.063,FINAL
2002-09-17,20.283,20.348,-0.066,FINAL
2002-09-18,20.277,20.343,-0.066,FINAL
2002-09-19,20.272,20.337,-0.065,FINAL
2002-09-20,20.265,20.331,-0.067,FINAL
2002-09-21,20.257,20.326,-0.069,FINAL
2002-09-22,20.25,20.32,-0.07,FINAL
2002-09-23,20.245,20.314,-0.069,FINAL
2002-09-24,20.244,20.308,-0.065,FINAL
2002-09-25,20.248,20.303,-0.054,FINAL
2002-09-26,20.255,20.297,-0.042,FINAL
2002-09-27,20.259,20.291,-0.032,FINAL
2002-09-28,20.263,20.286,-0.023,FINAL
2002-09-29,20.266,20.28,-0.014,FINAL
2002-09-30,20.269,20.274,-0.005,FINAL
2002-10-01,20.27,20.269,0.001,FINAL
2002-10-02,20.265,20.264,0.002,FINAL
2002-10-03,20.257,20.258,-0.001,FINAL
2002-10-04,20.248,20.253,-0.005,FINAL
2002-10-05,20.239,20.248,-0.009,FINAL
2002-10-06,20.23,20.243,-0.013,FINAL
2002-10-07,20.222,20.238,-0.016,FINAL
2002-10-08,20.215,20.233,-0.018,FINAL
2002-10-09,20.211,20.229,-0.018,FINAL
2002-10-10,20.209,20.224,-0.015,FINAL
2002-10-11,20.209,20.22,-0.011,FINAL
2002-10-12,20.209,20.216,-0.006,FINAL
2002-10-13,20.21,20.211,-0.002,FINAL
2002-10-14,20.211,20.207,0.004,FINAL
2002-10-15,20.214,20.203,0.011,FINAL
2002-10-16,20.213,20.199,0.013,FINAL
2002-10-17,20.206,20.196,0.011,FINAL
2002-10-18,20.194,20.192,0.002,FINAL
2002-10-19,20.19,20.189,0.002,FINAL
2002-10-20,20.195,20.185,0.01,FINAL
2002-10-21,20.205,20.182,0.024,FINAL
2002-10-22,20.215,20.178,0.037,FINAL
2002-10-23,20.223,20.175,0.048,FINAL
2002-10-24,20.229,20.172,0.057,FINAL
2002-10-25,20.231,20.169,0.062,FINAL
2002-10-26,20.228,20.166,0.062,FINAL
2002-10-27,20.221,20.163,0.058,FINAL
2002-10-28,20.21,20.16,0.05,FINAL
2002-10-29,20.195,20.157,0.038,FINAL
2002-10-30,20.179,20.154,0.024,FINAL
2002-10-31,20.167,20.152,0.015,FINAL
2002-11-01,20.163,20.149,0.014,FINAL
2002-11-02,20.162,20.146,0.016,FINAL
2002-11-03,20.159,20.144,0.015,FINAL
2002-11-04,20.149,20.142,0.008,FINAL
2002-11-05,20.138,20.139,-0.001,FINAL
2002-11-06,20.132,20.137,-0.005,FINAL
2002-11-07,20.126,20.135,-0.008,FINAL
2002-11-08,20.12,20.133,-0.012,FINAL
2002-11-09,20.11,20.131,-0.021,FINAL
2002-11-10,20.1,20.129,-0.029,FINAL
2002-11-11,20.095,20.127,-0.032,FINAL
2002-11-12,20.094,20.125,-0.032,FINAL
2002-11-13,20.092,20.124,-0.032,FINAL
2002-11-14,20.087,20.123,-0.036,FINAL
2002-11-15,20.081,20.121,-0.04,FINAL
2002-11-16,20.077,20.12,-0.043,FINAL
2002-11-17,20.077,20.119,-0.042,FINAL
2002-11-18,20.076,20.119,-0.042,FINAL
2002-11-19,20.077,20.118,-0.041,FINAL
2002-11-20,20.078,20.118,-0.04,FINAL
2002-11-21,20.08,20.117,-0.037,FINAL
2002-11-22,20.082,20.117,-0.035,FINAL
2002-11-23,20.086,20.117,-0.031,FINAL
2002-11-24,20.091,20.118,-0.027,FINAL
2002-11-25,20.095,20.118,-0.023,FINAL
2002-11-26,20.097,20.119,-0.022,FINAL
2002-11-27,20.098,20.12,-0.022,FINAL
2002-11-28,20.101,20.121,-0.021,FINAL
2002-11-29,20.104,20.123,-0.018,FINAL
2002-11-30,20.108,20.124,-0.016,FINAL
2002-12-01,20.109,20.126,-0.017,FINAL
2002-12-02,20.111,20.128,-0.017,FINAL
2002-12-03,20.112,20.13,-0.017,FINAL
2002-12-04,20.112,20.132,-0.02,FINAL
2002-12-05,20.11,20.135,-0.024,FINAL
2002-12-06,20.106,20.137,-0.031,FINAL
2002-12-07,20.103,20.14,-0.037,FINAL
2002-12-08,20.103,20.143,-0.039,FINAL
2002-12-09,20.109,20.146,-0.037,FINAL
2002-12-10,20.118,20.149,-0.031,FINAL
2002-12-11,20.125,20.152,-0.027,FINAL
2002-12-12,20.134,20.156,-0.021,FINAL
2002-12-13,20.148,20.159,-0.011,FINAL
2002-12-14,20.168,20.163,0.005,FINAL
2002-12-15,20.186,20.167,0.02,FINAL
2002-12-16,20.196,20.17,0.026,FINAL
2002-12-17,20.204,20.174,0.03,FINAL
2002-12-18,20.215,20.178,0.037,FINAL
2002-12-19,20.228,20.182,0.046,FINAL
2002-12-20,20.244,20.186,0.058,FINAL
2002-12-21,20.255,20.19,0.065,FINAL
2002-12-22,20.262,20.194,0.068,FINAL
2002-12-23,20.265,20.198,0.066,FINAL
2002-12-24,20.263,20.203,0.061,FINAL
2002-12-25,20.259,20.207,0.052,FINAL
2002-12-26,20.255,20.211,0.043,FINAL
2002-12-27,20.25,20.216,0.034,FINAL
2002-12-28,20.244,20.22,0.024,FINAL
2002-12-29,20.239,20.224,0.014,FINAL
2002-12-30,20.239,20.229,0.01,FINAL
2002-12-31,20.246,20.233,0.013,FINAL
2003-01-01,20.257,20.238,0.019,FINAL
2003-01-02,20.266,20.242,0.024,FINAL
2003-01-03,20.27,20.247,0.022,FINAL
2003-01-04,20.267,20.252,0.015,FINAL
2003-01-05,20.262,20.256,0.006,FINAL
2003-01-06,20.258,20.261,-0.003,FINAL
2003-01-07,20.257,20.266,-0.01,FINAL
2003-01-08,20.258,20.271,-0.013,FINAL
2003-01-09,20.265,20.276,-0.011,FINAL
2003-01-10,20.276,20.281,-0.005,FINAL
2003-01-11,20.29,20.286,0.004,FINAL
2003-01-12,20.304,20.291,0.012,FINAL
2003-01-13,20.315,20.297,0.019,FINAL
2003-01-14,20.323,20.302,0.021,FINAL
2003-01-15,20.327,20.307,0.02,FINAL
2003-01-16,20.33,20.313,0.017,FINAL
2003-01-17,20.331,20.318,0.012,FINAL
2003-01-18,20.333,20.324,0.009,FINAL
2003-01-19,20.337,20.329,0.007,FINAL
2003-01-20,20.344,20.335,0.008,FINAL
2003-01-21,20.351,20.341,0.01,FINAL
2003-01-22,20.356,20.346,0.009,FINAL
2003-01-23,20.355,20.352,0.003,FINAL
2003-01-24,20.35,20.358,-0.008,FINAL
2003-01-25,20.346,20.364,-0.018,FINAL
2003-01-26,20.343,20.37,-0.027,FINAL
2003-01-27,20.342,20.375,-0.033,FINAL
2003-01-28,20.346,20.381,-0.035,FINAL
2003-01-29,20.352,20.387,-0.034,FINAL
2003-01-30,20.361,20.392,-0.032,FINAL
2003-01-31,20.372,20.398,-0.026,FINAL
2003-02-01,20.385,20.404,-0.018,FINAL
2003-02-02,20.402,20.409,-0.007,FINAL
2003-02-03,20.415,20.415,0.001,FINAL
2003-02-04,20.42,20.42,0.0,FINAL
2003-02-05,20.422,20.425,-0.003,FINAL
2003-02-06,20.428,20.43,-0.003,FINAL
2003-02-07,20.443,20.436,0.007,FINAL
2003-02-08,20.462,20.44,0.021,FINAL
2003-02-09,20.478,20.445,0.033,FINAL
2003-02-10,20.492,20.45,0.042,FINAL
2003-02-11,20.503,20.455,0.048,FINAL
2003-02-12,20.513,20.459,0.054,FINAL
2003-02-13,20.518,20.463,0.054,FINAL
2003-02-14,20.517,20.468,0.049,FINAL
2003-02-15,20.512,20.472,0.04,FINAL
2003-02-16,20.508,20.476,0.032,FINAL
2003-02-17,20.505,20.48,0.026,FINAL
2003-02-18,20.507,20.483,0.023,FINAL
2003-02-19,20.513,20.487,0.026,FINAL
2003-02-20,20.52,20.49,0.03,FINAL
2003-02-21,20.526,20.493,0.033,FINAL
2003-02-22,20.53,20.497,0.033,FINAL
2003-02-23,20.529,20.5,0.029,FINAL
2003-02-24,20.526,20.503,0.023,FINAL
2003-02-25,20.522,20.505,0.017,FINAL
2003-02-26,20.521,20.508,0.013,FINAL
2003-02-27,20.523,20.51,0.012,FINAL
2003-02-28,20.528,20.513,0.015,FINAL
2003-03-01,20.536,20.515,0.021,FINAL
2003-03-02,20.545,20.517,0.027,FINAL
2003-03-03,20.553,20.52,0.034,FINAL
2003-03-04,20.561,20.522,0.039,FINAL
2003-03-05,20.565,20.523,0.041,FINAL
2003-03-06,20.565,20.525,0.04,FINAL
2003-03-07,20.563,20.527,0.036,FINAL
2003-03-08,20.56,20.529,0.032,FINAL
2003-03-09,20.558,20.53,0.028,FINAL
2003-03-10,20.559,20.531,0.028,FINAL
2003-03-11,20.561,20.533,0.028,FINAL
2003-03-12,20.563,20.534,0.029,FINAL
2003-03-13,20.564,20.535,0.029,FINAL
2003-03-14,20.563,20.536,0.027,FINAL
2003-03-15,20.562,20.537,0.025,FINAL
2003-03-16,20.559,20.538,0.021,FINAL
2003-03-17,20.557,20.538,0.018,FINAL
2003-03-18,20.555,20.539,0.016,FINAL
2003-03-19,20.553,20.539,0.014,FINAL
2003-03-20,20.552,20.54,0.012,FINAL
2003-03-21,20.549,20.54,0.01,FINAL
2003-03-22,20.549,20.54,0.009,FINAL
2003-03-23,20.551,20.54,0.012,FINAL
2003-03-24,20.559,20.54,0.019,FINAL
2003-03-25,20.568,20.539,0.028,FINAL
2003-03-26,20.574,20.539,0.035,FINAL
2003-03-27,20.579,20.538,0.041,FINAL
2003-03-28,20.585,20.538,0.048,FINAL
2003-03-29,20.592,20.537,0.055,FINAL
2003-03-30,20.597,20.536,0.061,FINAL
2003-03-31,20.599,20.535,0.065,FINAL
2003-04-01,20.595,20.534,0.061,FINAL
2003-04-02,20.588,20.532,0.056,FINAL
2003-04-03,20.576,20.531,0.045,FINAL
2003-04-04,20.563,20.529,0.034,FINAL
2003-04-05,20.552,20.528,0.025,FINAL
2003-04-06,20.542,20.526,0.016,FINAL
2003-04-07,20.532,20.524,0.008,FINAL
2003-04-08,20.52,20.522,-0.001,FINAL
2003-04-09,20.513,20.52,-0.007,FINAL
2003-04-10,20.511,20.517,-0.006,FINAL
2003-04-11,20.513,20.515,-0.003,FINAL
2003-04-12,20.514,20.513,0.001,FINAL
2003-04-13,20.511,20.51,0.001,FINAL
2003-04-14,20.507,20.508,-0.001,FINAL
2003-04-15,20.503,20.505,-0.002,FINAL
2003-04-16,20.498,20.502,-0.004,FINAL
2003-04-17,20.493,20.5,-0.007,FINAL
2003-04-18,20.484,20.497,-0.013,FINAL
2003-04-19,20.476,20.494,-0.018,FINAL
2003-04-20,20.471,20.491,-0.02,FINAL
2003-04-21,20.467,20.488,-0.021,FINAL
2003-04-22,20.462,20.485,-0.023,FINAL
2003-04-23,20.455,20.482,-0.027,FINAL
2003-04-24,20.447,20.479,-0.032,FINAL
2003-04-25,20.441,20.476,-0.034,FINAL
2003-04-26,20.436,20.473,-0.036,FINAL
2003-04-27,20.433,20.469,-0.037,FINAL
2003-04-28,20.43,20.466,-0.037,FINAL
2003-04-29,20.428,20.463,-0.035,FINAL
2003-04-30,20.43,20.46,-0.03,FINAL
2003-05-01,20.433,20.457,-0.024,FINAL
2003-05-02,20.433,20.453,-0.021,FINAL
2003-05-03,20.429,20.45,-0.022,FINAL
2003-05-04,20.422,20.447,-0.025,FINAL
2003-05-05,20.413,20.444,-0.03,FINAL
2003-05-06,20.404,20.441,-0.036,FINAL
2003-05-07,20.396,20.437,-0.042,FINAL
2003-05-08,20.389,20.434,-0.045,FINAL
2003-05-09,20.387,20.431,-0.044,FINAL
2003-05-10,20.388,20.428,-0.04,FINAL
2003-05-11,20.39,20.425,-0.035,FINAL
2003-05-12,20.392,20.421,-0.03,FINAL
2003-05-13,20.392,20.418,-0.027,FINAL
2003-05-14,20.388,20.415,-0.027,FINAL
2003-05-15,20.382,20.412,-0.03,FINAL
2003-05-16,20.38,20.409,-0.029,FINAL
2003-05-17,20.374,20.406,-0.032,FINAL
2003-05-18,20.37,20.403,-0.033,FINAL
2003-05-19,20.369,20.4,-0.031,FINAL
2003-05-20,20.369,20.397,-0.028,FINAL
2003-05-21,20.37,20.394,-0.025,FINAL
2003-05-22,20.37,20.392,-0.022,FINAL
2003-05-23,20.369,20.389,-0.02,FINAL
2003-05-24,20.366,20.386,-0.02,FINAL
2003-05-25,20.361,20.383,-0.023,FINAL
2003-05-26,20.355,20.381,-0.026,FINAL
2003-05-27,20.349,20.378,-0.029,FINAL
2003-05-28,20.346,20.376,-0.03,FINAL
2003-05-29,20.344,20.374,-0.03,FINAL
2003-05-30,20.34,20.371,-0.031,FINAL
2003-05-31,20.339,20.369,-0.031,FINAL
2003-06-01,20.346,20.367,-0.021,FINAL
2003-06-02,20.352,20.365,-0.013,FINAL
2003-06-03,20.359,20.363,-0.004,FINAL
2003-06-04,20.364,20.361,0.002,FINAL
2003-06-05,20.366,20.36,0.007,FINAL
2003-06-06,20.368,20.358,0.01,FINAL
2003-06-07,20.369,20.357,0.012,FINAL
2003-06-08,20.369,20.355,0.014,FINAL
2003-06-09,20.366,20.354,0.012,FINAL
2003-06-10,20.361,20.353,0.008,FINAL
2003-06-11,20.354,20.352,0.002,FINAL
2003-06-12,20.347,20.351,-0.004,FINAL
2003-06-13,20.343,20.35,-0.007,FINAL
2003-06-14,20.34,20.349,-0.01,FINAL
2003-06-15,20.336,20.349,-0.012,FINAL
2003-06-16,20.336,20.348,-0.012,FINAL
2003-06-17,20.336,20.348,-0.011,FINAL
2003-06-18,20.336,20.347,-0.012,FINAL
2003-06-19,20.335,20.347,-0.012,FINAL
2003-06-20,20.335,20.347,-0.012,FINAL
2003-06-21,20.337,20.347,-0.01,FINAL
2003-06-22,20.34,20.347,-0.007,FINAL
2003-06-23,20.342,20.348,-0.006,FINAL
2003-06-24,20.34,20.348,-0.008,FINAL
2003-06-25,20.337,20.348,-0.011,FINAL
2003-06-26,20.338,20.349,-0.011,FINAL
2003-06-27,20.347,20.349,-0.002,FINAL
2003-06-28,20.357,20.35,0.007,FINAL
2003-06-29,20.362,20.351,0.011,FINAL
2003-06-30,20.367,20.352,0.015,FINAL
2003-07-01,20.377,20.353,0.024,FINAL
2003-07-02,20.392,20.354,0.039,FINAL
2003-07-03,20.411,20.355,0.056,FINAL
2003-07-04,20.424,20.356,0.067,FINAL
2003-07-05,20.432,20.358,0.075,FINAL
2003-07-06,20.437,20.359,0.078,FINAL
2003-07-07,20.439,20.36,0.079,FINAL
2003-07-08,20.439,20.362,0.077,FINAL
2003-07-09,20.436,20.363,0.073,FINAL
2003-07-10,20.429,20.365,0.064,FINAL
2003-07-11,20.419,20.367,0.053,FINAL
2003-07-12,20.407,20.369,0.038,FINAL
2003-07-13,20.397,20.37,0.026,FINAL
2003-07-14,20.393,20.372,0.021,FINAL
2003-07-15,20.393,20.374,0.018,FINAL
2003-07-16,20.394,20.376,0.018,FINAL
2003-07-17,20.394,20.378,0.015,FINAL
2003-07-18,20.394,20.38,0.014,FINAL
2003-07-19,20.4,20.383,0.018,FINAL
2003-07-20,20.407,20.385,0.022,FINAL
2003-07-21,20.411,20.387,0.024,FINAL
2003-07-22,20.411,20.389,0.022,FINAL
2003-07-23,20.407,20.391,0.016,FINAL
2003-07-24,20.404,20.394,0.01,FINAL
2003-07-25,20.401,20.396,0.005,FINAL
2003-07-26,20.396,20.398,-0.002,FINAL
2003-07-27,20.39,20.401,-0.01,FINAL
2003-07-28,20.387,20.403,-0.016,FINAL
2003-07-29,20.389,20.405,-0.016,FINAL
2003-07-30,20.393,20.407,-0.015,FINAL
2003-07-31,20.397,20.41,-0.013,FINAL
2003-08-01,20.398,20.412,-0.014,FINAL
2003-08-02,20.397,20.414,-0.017,FINAL
2003-08-03,20.395,20.416,-0.021,FINAL
2003-08-04,20.394,20.418,-0.024,FINAL
2003-08-05,20.397,20.42,-0.024,FINAL
2003-08-06,20.403,20.422,-0.019,FINAL
2003-08-07,20.411,20.424,-0.013,FINAL
2003-08-08,20.418,20.426,-0.008,FINAL
2003-08-09,20.425,20.427,-0.002,FINAL
2003-08-10,20.435,20.429,0.006,FINAL
2003-08-11,20.449,20.43,0.019,FINAL
2003-08-12,20.461,20.431,0.03,FINAL
2003-08-13,20.47,20.432,0.038,FINAL
2003-08-14,20.474,20.433,0.041,FINAL
2003-08-15,20.478,20.434,0.044,FINAL
2003-08-16,20.488,20.435,0.053,FINAL
2003-08-17,20.491,20.435,0.056,FINAL
2003-08-18,20.492,20.436,0.057,FINAL
2003-08-19,20.491,20.436,0.055,FINAL
2003-08-20,20.486,20.436,0.05,FINAL
2003-08-21,20.478,20.436,0.042,FINAL
2003-08-22,20.469,20.435,0.034,FINAL
2003-08-23,20.462,20.434,0.027,FINAL
2003-08-24,20.456,20.433,0.023,FINAL
2003-08-25,20.453,20.432,0.021,FINAL
2003-08-26,20.45,20.431,0.019,FINAL
2003-08-27,20.449,20.429,0.02,FINAL
2003-08-28,20.452,20.428,0.025,FINAL
2003-08-29,20.457,20.426,0.031,FINAL
2003-08-30,20.462,20.423,0.038,FINAL
2003-08-31,20.464,20.421,0.043,FINAL
2003-09-01,20.464,20.418,0.046,FINAL
2003-09-02,20.463,20.415,0.048,FINAL
2003-09-03,20.46,20.412,0.048,FINAL
2003-09-04,20.454,20.409,0.045,FINAL
2003-09-05,20.444,20.405,0.039,FINAL
2003-09-06,20.433,20.401,0.032,FINAL
2003-09-07,20.424,20.397,0.027,FINAL
2003-09-08,20.416,20.393,0.023,FINAL
2003-09-09,20.408,20.389,0.02,FINAL
2003-09-10,20.402,20.384,0.018,FINAL
2003-09-11,20.398,20.379,0.018,FINAL
2003-09-12,20.397,20.375,0.023,FINAL
2003-09-13,20.399,20.37,0.03,FINAL
2003-09-14,20.401,20.364,0.037,FINAL
2003-09-15,20.401,20.359,0.042,FINAL
2003-09-16,20.399,20.354,0.045,FINAL
2003-09-17,20.394,20.348,0.046,FINAL
2003-09-18,20.388,20.343,0.045,FINAL
2003-09-19,20.382,20.337,0.045,FINAL
2003-09-20,20.378,20.331,0.047,FINAL
2003-09-21,20.377,20.326,0.051,FINAL
2003-09-22,20.375,20.32,0.055,FINAL
2003-09-23,20.374,20.314,0.06,FINAL
2003-09-24,20.373,20.308,0.064,FINAL
2003-09-25,20.37,20.303,0.068,FINAL
2003-09-26,20.365,20.297,0.068,FINAL
2003-09-27,20.358,20.291,0.067,FINAL
2003-09-28,20.351,20.286,0.066,FINAL
2003-09-29,20.346,20.28,0.066,FINAL
2003-09-30,20.344,20.274,0.07,FINAL
2003-10-01,20.347,20.269,0.078,FINAL
2003-10-02,20.351,20.264,0.087,FINAL
2003-10-03,20.354,20.258,0.096,FINAL
2003-10-04,20.355,20.253,0.102,FINAL
2003-10-05,20.352,20.248,0.104,FINAL
2003-10-06,20.343,20.243,0.1,FINAL
2003-10-07,20.333,20.238,0.095,FINAL
2003-10-08,20.32,20.233,0.087,FINAL
2003-10-09,20.305,20.229,0.076,FINAL
2003-10-10,20.289,20.224,0.065,FINAL
2003-10-11,20.276,20.22,0.056,FINAL
2003-10-12,20.269,20.216,0.053,FINAL
2003-10-13,20.265,20.211,0.054,FINAL
2003-10-14,20.262,20.207,0.055,FINAL
2003-10-15,20.257,20.203,0.054,FINAL
2003-10-16,20.249,20.199,0.05,FINAL
2003-10-17,20.243,20.196,0.047,FINAL
2003-10-18,20.234,20.192,0.042,FINAL
2003-10-19,20.231,20.189,0.042,FINAL
2003-10-20,20.233,20.185,0.048,FINAL
2003-10-21,20.237,20.182,0.056,FINAL
2003-10-22,20.241,20.178,0.063,FINAL
2003-10-23,20.245,20.175,0.07,FINAL
2003-10-24,20.247,20.172,0.075,FINAL
2003-10-25,20.249,20.169,0.08,FINAL
2003-10-26,20.248,20.166,0.082,FINAL
2003-10-27,20.244,20.163,0.081,FINAL
2003-10-28,20.237,20.16,0.077,FINAL
2003-10-29,20.229,20.157,0.072,FINAL
2003-10-30,20.219,20.154,0.064,FINAL
2003-10-31,20.209,20.152,0.058,FINAL
2003-11-01,20.202,20.149,0.053,FINAL
2003-11-02,20.197,20.146,0.051,FINAL
2003-11-03,20.194,20.144,0.05,FINAL
2003-11-04,20.192,20.142,0.05,FINAL
2003-11-05,20.194,20.139,0.055,FINAL
2003-11-06,20.201,20.137,0.064,FINAL
2003-11-07,20.207,20.135,0.073,FINAL
2003-11-08,20.21,20.133,0.077,FINAL
2003-11-09,20.203,20.131,0.072,FINAL
2003-11-10,20.191,20.129,0.062,FINAL
2003-11-11,20.179,20.127,0.052,FINAL
2003-11-12,20.166,20.125,0.041,FINAL
2003-11-13,20.151,20.124,0.027,FINAL
2003-11-14,20.133,20.123,0.01,FINAL
2003-11-15,20.118,20.121,-0.004,FINAL
2003-11-16,20.111,20.12,-0.009,FINAL
2003-11-17,20.111,20.119,-0.008,FINAL
2003-11-18,20.115,20.119,-0.004,FINAL
2003-11-19,20.119,20.118,0.002,FINAL
2003-11-20,20.123,20.118,0.005,FINAL
2003-11-21,20.124,20.117,0.007,FINAL
2003-11-22,20.128,20.117,0.011,FINAL
2003-11-23,20.135,20.117,0.018,FINAL
2003-11-24,20.149,20.118,0.031,FINAL
2003-11-25,20.163,20.118,0.044,FINAL
2003-11-26,20.172,20.119,0.053,FINAL
2003-11-27,20.179,20.12,0.059,FINAL
2003-11-28,20.185,20.121,0.064,FINAL
2003-11-29,20.192,20.123,0.069,FINAL
2003-11-30,20.197,20.124,0.073,FINAL
2003-12-01,20.194,20.126,0.068,FINAL
2003-12-02,20.191,20.128,0.063,FINAL
2003-12-03,20.188,20.13,0.058,FINAL
2003-12-04,20.188,20.132,0.056,FINAL
2003-12-05,20.19,20.135,0.055,FINAL
2003-12-06,20.191,20.137,0.054,FINAL
2003-12-07,20.194,20.14,0.054,FINAL
2003-12-08,20.2,20.143,0.057,FINAL
2003-12-09,20.21,20.146,0.065,FINAL
2003-12-10,20.225,20.149,0.076,FINAL
2003-12-11,20.242,20.152,0.09,FINAL
2003-12-12,20.255,20.156,0.1,FINAL
2003-12-13,20.262,20.159,0.102,FINAL
2003-12-14,20.256,20.163,0.093,FINAL
2003-12-15,20.242,20.167,0.076,FINAL
2003-12-16,20.226,20.17,0.056,FINAL
2003-12-17,20.209,20.174,0.035,FINAL
2003-12-18,20.197,20.178,0.019,FINAL
2003-12-19,20.183,20.182,0.001,FINAL
2003-12-20,20.181,20.186,-0.005,FINAL
2003-12-21,20.193,20.19,0.003,FINAL
2003-12-22,20.211,20.194,0.017,FINAL
2003-12-23,20.226,20.198,0.027,FINAL
2003-12-24,20.229,20.203,0.026,FINAL
2003-12-25,20.221,20.207,0.014,FINAL
2003-12-26,20.209,20.211,-0.002,FINAL
2003-12-27,20.197,20.216,-0.018,FINAL
2003-12-28,20.187,20.22,-0.033,FINAL
2003-12-29,20.18,20.224,-0.045,FINAL
2003-12-30,20.18,20.229,-0.048,FINAL
2003-12-31,20.19,20.233,-0.043,FINAL
2004-01-01,20.205,20.238,-0.033,FINAL
2004-01-02,20.221,20.242,-0.022,FINAL
2004-01-03,20.235,20.247,-0.012,FINAL
2004-01-04,20.241,20.252,-0.011,FINAL
2004-01-05,20.241,20.256,-0.015,FINAL
2004-01-06,20.24,20.261,-0.021,FINAL
2004-01-07,20.241,20.266,-0.025,FINAL
2004-01-08,20.248,20.271,-0.023,FINAL
2004-01-09,20.257,20.276,-0.019,FINAL
2004-01-10,20.265,20.281,-0.017,FINAL
2004-01-11,20.273,20.286,-0.013,FINAL
2004-01-12,20.286,20.291,-0.005,FINAL
2004-01-13,20.306,20.297,0.009,FINAL
2004-01-14,20.325,20.302,0.023,FINAL
2004-01-15,20.336,20.307,0.029,FINAL
2004-01-16,20.344,20.313,0.032,FINAL
2004-01-17,20.355,20.318,0.037,FINAL
2004-01-18,20.374,20.324,0.05,FINAL
2004-01-19,20.392,20.329,0.063,FINAL
2004-01-20,20.403,20.335,0.068,FINAL
2004-01-21,20.41,20.341,0.069,FINAL
2004-01-22,20.418,20.346,0.072,FINAL
2004-01-23,20.431,20.352,0.079,FINAL
2004-01-24,20.445,20.358,0.087,FINAL
2004-01-25,20.452,20.364,0.089,FINAL
2004-01-26,20.458,20.37,0.089,FINAL
2004-01-27,20.465,20.375,0.09,FINAL
2004-01-28,20.474,20.381,0.093,FINAL
2004-01-29,20.487,20.387,0.1,FINAL
2004-01-30,20.497,20.392,0.105,FINAL
2004-01-31,20.506,20.398,0.108,FINAL
2004-02-01,20.511,20.404,0.107,FINAL
2004-02-02,20.512,20.409,0.103,FINAL
2004-02-03,20.512,20.415,0.097,FINAL
2004-02-04,20.512,20.42,0.092,FINAL
2004-02-05,20.511,20.425,0.086,FINAL
2004-02-06,20.507,20.43,0.077,FINAL
2004-02-07,20.498,20.436,0.063,FINAL
2004-02-08,20.492,20.44,0.051,FINAL
2004-02-09,20.493,20.445,0.048,FINAL
2004-02-10,20.497,20.45,0.047,FINAL
2004-02-11,20.498,20.455,0.043,FINAL
2004-02-12,20.491,20.459,0.032,FINAL
2004-02-13,20.481,20.463,0.018,FINAL
2004-02-14,20.474,20.468,0.006,FINAL
2004-02-15,20.469,20.472,-0.003,FINAL
2004-02-16,20.469,20.476,-0.007,FINAL
2004-02-17,20.474,20.48,-0.005,FINAL
2004-02-18,20.482,20.483,-0.002,FINAL
2004-02-19,20.491,20.487,0.004,FINAL
2004-02-20,20.504,20.49,0.013,FINAL
2004-02-21,20.518,20.493,0.024,FINAL
2004-02-22,20.534,20.497,0.037,FINAL
2004-02-23,20.548,20.5,0.048,FINAL
2004-02-24,20.559,20.503,0.057,FINAL
2004-02-25,20.566,20.505,0.061,FINAL
2004-02-26,20.569,20.508,0.061,FINAL
2004-02-27,20.566,20.51,0.055,FINAL
2004-02-28,20.558,20.513,0.045,FINAL
2004-02-29,20.55,20.514,0.036,FINAL
2004-03-01,20.545,20.515,0.03,FINAL
2004-03-02,20.539,20.517,0.022,FINAL
2004-03-03,20.528,20.52,0.008,FINAL
2004-03-04,20.508,20.522,-0.014,FINAL
2004-03-05,20.485,20.523,-0.038,FINAL
2004-03-06,20.473,20.525,-0.052,FINAL
2004-03-07,20.466,20.527,-0.061,FINAL
2004-03-08,20.462,20.529,-0.067,FINAL
2004-03-09,20.457,20.53,-0.073,FINAL
2004-03-10,20.454,20.531,-0.077,FINAL
2004-03-11,20.457,20.533,-0.076,FINAL
2004-03-12,20.464,20.534,-0.07,FINAL
2004-03-13,20.475,20.535,-0.06,FINAL
2004-03-14,20.488,20.536,-0.048,FINAL
2004-03-15,20.498,20.537,-0.039,FINAL
2004-03-16,20.504,20.538,-0.034,FINAL
2004-03-17,20.507,20.538,-0.031,FINAL
2004-03-18,20.51,20.539,-0.029,FINAL
2004-03-19,20.515,20.539,-0.024,FINAL
2004-03-20,20.519,20.54,-0.021,FINAL
2004-03-21,20.516,20.54,-0.024,FINAL
2004-03-22,20.512,20.54,-0.028,FINAL
2004-03-23,20.51,20.54,-0.03,FINAL
2004-03-24,20.515,20.54,-0.025,FINAL
2004-03-25,20.523,20.539,-0.016,FINAL
2004-03-26,20.53,20.539,-0.009,FINAL
2004-03-27,20.535,20.538,-0.003,FINAL
2004-03-28,20.541,20.538,0.004,FINAL
2004-03-29,20.549,20.537,0.012,FINAL
2004-03-30,20.555,20.536,0.019,FINAL
2004-03-31,20.555,20.535,0.02,FINAL
2004-04-01,20.549,20.534,0.015,FINAL
2004-04-02,20.545,20.532,0.012,FINAL
2004-04-03,20.542,20.531,0.011,FINAL
2004-04-04,20.541,20.529,0.012,FINAL
2004-04-05,20.54,20.528,0.013,FINAL
2004-04-06,20.539,20.526,0.014,FINAL
2004-04-07,20.538,20.524,0.014,FINAL
2004-04-08,20.536,20.522,0.014,FINAL
2004-04-09,20.533,20.52,0.014,FINAL
2004-04-10,20.531,20.517,0.013,FINAL
2004-04-11,20.528,20.515,0.013,FINAL
2004-04-12,20.524,20.513,0.012,FINAL
2004-04-13,20.519,20.51,0.009,FINAL
2004-04-14,20.513,20.508,0.005,FINAL
2004-04-15,20.511,20.505,0.006,FINAL
2004-04-16,20.507,20.502,0.004,FINAL
2004-04-17,20.501,20.5,0.001,FINAL
2004-04-18,20.493,20.497,-0.004,FINAL
2004-04-19,20.485,20.494,-0.008,FINAL
2004-04-20,20.48,20.491,-0.011,FINAL
2004-04-21,20.477,20.488,-0.011,FINAL
2004-04-22,20.474,20.485,-0.011,FINAL
2004-04-23,20.47,20.482,-0.012,FINAL
2004-04-24,20.469,20.479,-0.01,FINAL
2004-04-25,20.47,20.476,-0.006,FINAL
2004-04-26,20.472,20.473,-0.001,FINAL
2004-04-27,20.469,20.469,-0.0,FINAL
2004-04-28,20.459,20.466,-0.007,FINAL
2004-04-29,20.448,20.463,-0.015,FINAL
2004-04-30,20.439,20.46,-0.021,FINAL
2004-05-01,20.432,20.457,-0.025,FINAL
2004-05-02,20.418,20.453,-0.035,FINAL
2004-05-03,20.397,20.45,-0.053,FINAL
2004-05-04,20.378,20.447,-0.069,FINAL
2004-05-05,20.368,20.444,-0.076,FINAL
2004-05-06,20.361,20.441,-0.08,FINAL
2004-05-07,20.354,20.437,-0.084,FINAL
2004-05-08,20.342,20.434,-0.092,FINAL
2004-05-09,20.329,20.431,-0.102,FINAL
2004-05-10,20.32,20.428,-0.108,FINAL
2004-05-11,20.315,20.425,-0.11,FINAL
2004-05-12,20.314,20.421,-0.107,FINAL
2004-05-13,20.317,20.418,-0.102,FINAL
2004-05-14,20.32,20.415,-0.095,FINAL
2004-05-15,20.323,20.412,-0.089,FINAL
2004-05-16,20.331,20.409,-0.078,FINAL
2004-05-17,20.336,20.406,-0.07,FINAL
2004-05-18,20.342,20.403,-0.061,FINAL
2004-05-19,20.346,20.4,-0.054,FINAL
2004-05-20,20.345,20.397,-0.052,FINAL
2004-05-21,20.341,20.394,-0.053,FINAL
2004-05-22,20.336,20.392,-0.055,FINAL
2004-05-23,20.333,20.389,-0.056,FINAL
2004-05-24,20.329,20.386,-0.057,FINAL
2004-05-25,20.323,20.383,-0.06,FINAL
2004-05-26,20.317,20.381,-0.064,FINAL
2004-05-27,20.313,20.378,-0.065,FINAL
2004-05-28,20.315,20.376,-0.061,FINAL
2004-05-29,20.32,20.374,-0.054,FINAL
2004-05-30,20.325,20.371,-0.046,FINAL
2004-05-31,20.329,20.369,-0.04,FINAL
2004-06-01,20.338,20.367,-0.029,FINAL
2004-06-02,20.338,20.365,-0.027,FINAL
2004-06-03,20.336,20.363,-0.027,FINAL
2004-06-04,20.33,20.361,-0.031,FINAL
2004-06-05,20.322,20.36,-0.038,FINAL
2004-06-06,20.312,20.358,-0.046,FINAL
2004-06-07,20.301,20.357,-0.056,FINAL
2004-06-08,20.292,20.355,-0.063,FINAL
2004-06-09,20.287,20.354,-0.067,FINAL
2004-06-10,20.285,20.353,-0.068,FINAL
2004-06-11,20.282,20.352,-0.07,FINAL
2004-06-12,20.277,20.351,-0.074,FINAL
2004-06-13,20.272,20.35,-0.078,FINAL
2004-06-14,20.268,20.349,-0.081,FINAL
2004-06-15,20.263,20.349,-0.085,FINAL
2004-06-16,20.262,20.348,-0.086,FINAL
2004-06-17,20.263,20.348,-0.085,FINAL
2004-06-18,20.263,20.347,-0.084,FINAL
2004-06-19,20.265,20.347,-0.082,FINAL
2004-06-20,20.267,20.347,-0.08,FINAL
2004-06-21,20.268,20.347,-0.079,FINAL
2004-06-22,20.27,20.347,-0.077,FINAL
2004-06-23,20.27,20.348,-0.078,FINAL
2004-06-24,20.269,20.348,-0.079,FINAL
2004-06-25,20.267,20.348,-0.082,FINAL
2004-06-26,20.265,20.349,-0.084,FINAL
2004-06-27,20.264,20.349,-0.086,FINAL
2004-06-28,20.262,20.35,-0.088,FINAL
2004-06-29,20.261,20.351,-0.089,FINAL
2004-06-30,20.26,20.352,-0.091,FINAL
2004-07-01,20.261,20.353,-0.092,FINAL
2004-07-02,20.263,20.354,-0.091,FINAL
2004-07-03,20.263,20.355,-0.092,FINAL
2004-07-04,20.259,20.356,-0.097,FINAL
2004-07-05,20.257,20.358,-0.1,FINAL
2004-07-06,20.261,20.359,-0.098,FINAL
2004-07-07,20.275,20.36,-0.085,FINAL
2004-07-08,20.292,20.362,-0.07,FINAL
2004-07-09,20.306,20.363,-0.057,FINAL
2004-07-10,20.32,20.365,-0.046,FINAL
2004-07-11,20.333,20.367,-0.034,FINAL
2004-07-12,20.348,20.369,-0.02,FINAL
2004-07-13,20.359,20.37,-0.011,FINAL
2004-07-14,20.359,20.372,-0.013,FINAL
2004-07-15,20.355,20.374,-0.019,FINAL
2004-07-16,20.354,20.376,-0.023,FINAL
2004-07-17,20.357,20.378,-0.021,FINAL
2004-07-18,20.364,20.38,-0.017,FINAL
2004-07-19,20.37,20.383,-0.013,FINAL
2004-07-20,20.377,20.385,-0.008,FINAL
2004-07-21,20.386,20.387,-0.001,FINAL
2004-07-22,20.398,20.389,0.009,FINAL
2004-07-23,20.409,20.391,0.018,FINAL
2004-07-24,20.414,20.394,0.02,FINAL
2004-07-25,20.416,20.396,0.02,FINAL
2004-07-26,20.42,20.398,0.022,FINAL
2004-07-27,20.43,20.401,0.03,FINAL
2004-07-28,20.445,20.403,0.042,FINAL
2004-07-29,20.46,20.405,0.055,FINAL
2004-07-30,20.47,20.407,0.063,FINAL
2004-07-31,20.475,20.41,0.066,FINAL
2004-08-01,20.471,20.412,0.059,FINAL
2004-08-02,20.459,20.414,0.045,FINAL
2004-08-03,20.445,20.416,0.029,FINAL
2004-08-04,20.43,20.418,0.012,FINAL
2004-08-05,20.417,20.42,-0.003,FINAL
2004-08-06,20.409,20.422,-0.013,FINAL
2004-08-07,20.411,20.424,-0.013,FINAL
2004-08-08,20.423,20.426,-0.002,FINAL
2004-08-09,20.44,20.427,0.013,FINAL
2004-08-10,20.455,20.429,0.027,FINAL
2004-08-11,20.464,20.43,0.034,FINAL
2004-08-12,20.465,20.431,0.034,FINAL
2004-08-13,20.464,20.432,0.032,FINAL
2004-08-14,20.458,20.433,0.025,FINAL
2004-08-15,20.448,20.434,0.014,FINAL
2004-08-16,20.436,20.435,0.001,FINAL
2004-08-17,20.42,20.435,-0.016,FINAL
2004-08-18,20.409,20.436,-0.027,FINAL
2004-08-19,20.402,20.436,-0.034,FINAL
2004-08-20,20.397,20.436,-0.039,FINAL
2004-08-21,20.393,20.436,-0.042,FINAL
2004-08-22,20.39,20.435,-0.045,FINAL
2004-08-23,20.391,20.434,-0.043,FINAL
2004-08-24,20.397,20.433,-0.037,FINAL
2004-08-25,20.405,20.432,-0.027,FINAL
2004-08-26,20.417,20.431,-0.014,FINAL
2004-08-27,20.426,20.429,-0.003,FINAL
2004-08-28,20.432,20.428,0.004,FINAL
2004-08-29,20.434,20.426,0.008,FINAL
2004-08-30,20.435,20.423,0.012,FINAL
2004-08-31,20.439,20.421,0.018,FINAL
2004-09-01,20.442,20.418,0.024,FINAL
2004-09-02,20.444,20.415,0.029,FINAL
2004-09-03,20.443,20.412,0.031,FINAL
2004-09-04,20.438,20.409,0.029,FINAL
2004-09-05,20.428,20.405,0.023,FINAL
2004-09-06,20.417,20.401,0.016,FINAL
2004-09-07,20.406,20.397,0.009,FINAL
2004-09-08,20.398,20.393,0.005,FINAL
2004-09-09,20.388,20.389,-0.001,FINAL
2004-09-10,20.375,20.384,-0.009,FINAL
2004-09-11,20.365,20.379,-0.014,FINAL
2004-09-12,20.36,20.375,-0.015,FINAL
2004-09-13,20.359,20.37,-0.011,FINAL
2004-09-14,20.357,20.364,-0.007,FINAL
2004-09-15,20.354,20.359,-0.005,FINAL
2004-09-16,20.347,20.354,-0.007,FINAL
2004-09-17,20.34,20.348,-0.009,FINAL
2004-09-18,20.334,20.343,-0.009,FINAL
2004-09-19,20.329,20.337,-0.008,FINAL
2004-09-20,20.329,20.331,-0.002,FINAL
2004-09-21,20.331,20.326,0.005,FINAL
2004-09-22,20.331,20.32,0.011,FINAL
2004-09-23,20.332,20.314,0.018,FINAL
2004-09-24,20.335,20.308,0.027,FINAL
2004-09-25,20.342,20.303,0.039,FINAL
2004-09-26,20.347,20.297,0.05,FINAL
2004-09-27,20.347,20.291,0.056,FINAL
2004-09-28,20.344,20.286,0.058,FINAL
2004-09-29,20.339,20.28,0.059,FINAL
2004-09-30,20.334,20.274,0.06,FINAL
2004-10-01,20.33,20.269,0.061,FINAL
2004-10-02,20.326,20.264,0.062,FINAL
2004-10-03,20.32,20.258,0.062,FINAL
2004-10-04,20.31,20.253,0.057,FINAL
2004-10-05,20.294,20.248,0.046,FINAL
2004-10-06,20.277,20.243,0.034,FINAL
2004-10-07,20.262,20.238,0.024,FINAL
2004-10-08,20.25,20.233,0.016,FINAL
2004-10-09,20.239,20.229,0.01,FINAL
2004-10-10,20.229,20.224,0.005,FINAL
2004-10-11,20.225,20.22,0.005,FINAL
2004-10-12,20.227,20.216,0.012,FINAL
2004-10-13,20.232,20.211,0.02,FINAL
2004-10-14,20.235,20.207,0.027,FINAL
2004-10-15,20.233,20.203,0.03,FINAL
2004-10-16,20.225,20.199,0.025,FINAL
2004-10-17,20.213,20.196,0.018,FINAL
2004-10-18,20.197,20.192,0.005,FINAL
2004-10-19,20.187,20.189,-0.001,FINAL
2004-10-20,20.182,20.185,-0.003,FINAL
2004-10-21,20.183,20.182,0.002,FINAL
2004-10-22,20.187,20.178,0.008,FINAL
2004-10-23,20.192,20.175,0.017,FINAL
2004-10-24,20.197,20.172,0.026,FINAL
2004-10-25,20.203,20.169,0.034,FINAL
2004-10-26,20.206,20.166,0.04,FINAL
2004-10-27,20.204,20.163,0.041,FINAL
2004-10-28,20.199,20.16,0.039,FINAL
2004-10-29,20.193,20.157,0.036,FINAL
2004-10-30,20.186,20.154,0.031,FINAL
2004-10-31,20.178,20.152,0.026,FINAL
2004-11-01,20.171,20.149,0.022,FINAL
2004-11-02,20.165,20.146,0.019,FINAL
2004-11-03,20.161,20.144,0.017,FINAL
2004-11-04,20.159,20.142,0.018,FINAL
2004-11-05,20.159,20.139,0.02,FINAL
2004-11-06,20.159,20.137,0.022,FINAL
2004-11-07,20.16,20.135,0.026,FINAL
2004-11-08,20.164,20.133,0.031,FINAL
2004-11-09,20.171,20.131,0.04,FINAL
2004-11-10,20.178,20.129,0.049,FINAL
2004-11-11,20.182,20.127,0.055,FINAL
2004-11-12,20.184,20.125,0.058,FINAL
2004-11-13,20.185,20.124,0.061,FINAL
2004-11-14,20.187,20.123,0.064,FINAL
2004-11-15,20.187,20.121,0.066,FINAL
2004-11-16,20.186,20.12,0.066,FINAL
2004-11-17,20.182,20.119,0.062,FINAL
2004-11-18,20.178,20.119,0.059,FINAL
2004-11-19,20.173,20.118,0.055,FINAL
2004-11-20,20.169,20.118,0.051,FINAL
2004-11-21,20.166,20.117,0.049,FINAL
2004-11-22,20.166,20.117,0.048,FINAL
2004-11-23,20.166,20.117,0.048,FINAL
2004-11-24,20.165,20.118,0.047,FINAL
2004-11-25,20.164,20.118,0.046,FINAL
2004-11-26,20.165,20.119,0.046,FINAL
2004-11-27,20.166,20.12,0.046,FINAL
2004-11-28,20.17,20.121,0.049,FINAL
2004-11-29,20.175,20.123,0.052,FINAL
2004-11-30,20.181,20.124,0.057,FINAL
2004-12-01,20.183,20.126,0.057,FINAL
2004-12-02,20.187,20.128,0.059,FINAL
2004-12-03,20.191,20.13,0.062,FINAL
2004-12-04,20.195,20.132,0.063,FINAL
2004-12-05,20.198,20.135,0.064,FINAL
2004-12-06,20.198,20.137,0.061,FINAL
2004-12-07,20.198,20.14,0.058,FINAL
2004-12-08,20.198,20.143,0.055,FINAL
2004-12-09,20.199,20.146,0.054,FINAL
2004-12-10,20.202,20.149,0.053,FINAL
2004-12-11,20.205,20.152,0.053,FINAL
2004-12-12,20.208,20.156,0.053,FINAL
2004-12-13,20.214,20.159,0.054,FINAL
2004-12-14,20.222,20.163,0.059,FINAL
2004-12-15,20.23,20.167,0.063,FINAL
2004-12-16,20.233,20.17,0.063,FINAL
2004-12-17,20.237,20.174,0.063,FINAL
2004-12-18,20.247,20.178,0.069,FINAL
2004-12-19,20.263,20.182,0.081,FINAL
2004-12-20,20.282,20.186,0.096,FINAL
2004-12-21,20.3,20.19,0.11,FINAL
2004-12-22,20.314,20.194,0.12,FINAL
2004-12-23,20.324,20.198,0.126,FINAL
2004-12-24,20.329,20.203,0.127,FINAL
2004-12-25,20.331,20.207,0.124,FINAL
2004-12-26,20.331,20.211,0.119,FINAL
2004-12-27,20.326,20.216,0.11,FINAL
2004-12-28,20.315,20.22,0.095,FINAL
2004-12-29,20.297,20.224,0.073,FINAL
2004-12-30,20.28,20.229,0.051,FINAL
2004-12-31,20.271,20.233,0.037,FINAL
2005-01-01,20.267,20.238,0.029,FINAL
2005-01-02,20.267,20.242,0.025,FINAL
2005-01-03,20.268,20.247,0.021,FINAL
2005-01-04,20.272,20.252,0.021,FINAL
2005-01-05,20.284,20.256,0.027,FINAL
2005-01-06,20.298,20.261,0.037,FINAL
2005-01-07,20.313,20.266,0.047,FINAL
2005-01-08,20.327,20.271,0.056,FINAL
2005-01-09,20.337,20.276,0.061,FINAL
2005-01-10,20.343,20.281,0.062,FINAL
2005-01-11,20.346,20.286,0.06,FINAL
2005-01-12,20.346,20.291,0.055,FINAL
2005-01-13,20.344,20.297,0.048,FINAL
2005-01-14,20.339,20.302,0.037,FINAL
2005-01-15,20.333,20.307,0.026,FINAL
2005-01-16,20.331,20.313,0.018,FINAL
2005-01-17,20.334,20.318,0.016,FINAL
2005-01-18,20.348,20.324,0.025,FINAL
2005-01-19,20.369,20.329,0.04,FINAL
2005-01-20,20.391,20.335,0.056,FINAL
2005-01-21,20.414,20.341,0.073,FINAL
2005-01-22,20.437,20.346,0.09,FINAL
2005-01-23,20.459,20.352,0.107,FINAL
2005-01-24,20.475,20.358,0.117,FINAL
2005-01-25,20.484,20.364,0.12,FINAL
2005-01-26,20.484,20.37,0.115,FINAL
2005-01-27,20.477,20.375,0.102,FINAL
2005-01-28,20.464,20.381,0.083,FINAL
2005-01-29,20.451,20.387,0.064,FINAL
2005-01-30,20.443,20.392,0.05,FINAL
2005-01-31,20.437,20.398,0.039,FINAL
2005-02-01,20.43,20.404,0.027,FINAL
2005-02-02,20.423,20.409,0.014,FINAL
2005-02-03,20.42,20.415,0.005,FINAL
2005-02-04,20.425,20.42,0.005,FINAL
2005-02-05,20.435,20.425,0.009,FINAL
2005-02-06,20.446,20.43,0.016,FINAL
2005-02-07,20.456,20.436,0.021,FINAL
2005-02-08,20.463,20.44,0.022,FINAL
2005-02-09,20.466,20.445,0.021,FINAL
2005-02-10,20.47,20.45,0.02,FINAL
2005-02-11,20.474,20.455,0.02,FINAL
2005-02-12,20.482,20.459,0.023,FINAL
2005-02-13,20.492,20.463,0.029,FINAL
2005-02-14,20.501,20.468,0.034,FINAL
2005-02-15,20.509,20.472,0.038,FINAL
2005-02-16,20.518,20.476,0.042,FINAL
2005-02-17,20.522,20.48,0.043,FINAL
2005-02-18,20.523,20.483,0.04,FINAL
2005-02-19,20.52,20.487,0.033,FINAL
2005-02-20,20.516,20.49,0.026,FINAL
2005-02-21,20.515,20.493,0.022,FINAL
2005-02-22,20.519,20.497,0.023,FINAL
2005-02-23,20.529,20.5,0.029,FINAL
2005-02-24,20.54,20.503,0.037,FINAL
2005-02-25,20.553,20.505,0.048,FINAL
2005-02-26,20.563,20.508,0.055,FINAL
2005-02-27,20.57,20.51,0.06,FINAL
2005-02-28,20.572,20.513,0.059,FINAL
2005-03-01,20.568,20.515,0.052,FINAL
2005-03-02,20.561,20.517,0.044,FINAL
2005-03-03,20.555,20.52,0.035,FINAL
2005-03-04,20.551,20.522,0.03,FINAL
2005-03-05,20.552,20.523,0.028,FINAL
2005-03-06,20.557,20.525,0.032,FINAL
2005-03-07,20.564,20.527,0.037,FINAL
2005-03-08,20.571,20.529,0.043,FINAL
2005-03-09,20.577,20.53,0.047,FINAL
2005-03-10,20.578,20.531,0.047,FINAL
2005-03-11,20.576,20.533,0.043,FINAL
2005-03-12,20.573,20.534,0.039,FINAL
2005-03-13,20.572,20.535,0.037,FINAL
2005-03-14,20.574,20.536,0.038,FINAL
2005-03-15,20.577,20.537,0.04,FINAL
2005-03-16,20.58,20.538,0.043,FINAL
2005-03-17,20.585,20.538,0.046,FINAL
2005-03-18,20.59,20.539,0.051,FINAL
2005-03-19,20.596,20.539,0.056,FINAL
2005-03-20,20.599,20.54,0.059,FINAL
2005-03-21,20.598,20.54,0.058,FINAL
2005-03-22,20.595,20.54,0.055,FINAL
2005-03-23,20.593,20.54,0.054,FINAL
2005-03-24,20.596,20.54,0.057,FINAL
2005-03-25,20.604,20.539,0.065,FINAL
2005-03-26,20.614,20.539,0.075,FINAL
2005-03-27,20.622,20.538,0.084,FINAL
2005-03-28,20.625,20.538,0.087,FINAL
2005-03-29,20.617,20.537,0.08,FINAL
2005-03-30,20.605,20.536,0.07,FINAL
2005-03-31,20.594,20.535,0.059,FINAL
2005-04-01,20.578,20.534,0.044,FINAL
2005-04-02,20.56,20.532,0.028,FINAL
2005-04-03,20.536,20.531,0.005,FINAL
2005-04-04,20.515,20.529,-0.014,FINAL
2005-04-05,20.504,20.528,-0.023,FINAL
2005-04-06,20.5,20.526,-0.026,FINAL
2005-04-07,20.498,20.524,-0.026,FINAL
2005-04-08,20.494,20.522,-0.027,FINAL
2005-04-09,20.491,20.52,-0.028,FINAL
2005-04-10,20.492,20.517,-0.026,FINAL
2005-04-11,20.494,20.515,-0.021,FINAL
2005-04-12,20.498,20.513,-0.015,FINAL
2005-04-13,20.5,20.51,-0.01,FINAL
2005-04-14,20.497,20.508,-0.01,FINAL
2005-04-15,20.492,20.505,-0.013,FINAL
2005-04-16,20.484,20.502,-0.018,FINAL
2005-04-17,20.482,20.5,-0.018,FINAL
2005-04-18,20.488,20.497,-0.009,FINAL
2005-04-19,20.498,20.494,0.004,FINAL
2005-04-20,20.507,20.491,0.016,FINAL
2005-04-21,20.514,20.488,0.026,FINAL
2005-04-22,20.524,20.485,0.039,FINAL
2005-04-23,20.537,20.482,0.055,FINAL
2005-04-24,20.545,20.479,0.066,FINAL
2005-04-25,20.544,20.476,0.068,FINAL
2005-04-26,20.538,20.473,0.066,FINAL
2005-04-27,20.532,20.469,0.063,FINAL
2005-04-28,20.53,20.466,0.064,FINAL
2005-04-29,20.533,20.463,0.07,FINAL
2005-04-30,20.536,20.46,0.076,FINAL
2005-05-01,20.54,20.457,0.083,FINAL
2005-05-02,20.538,20.453,0.084,FINAL
2005-05-03,20.531,20.45,0.081,FINAL
2005-05-04,20.522,20.447,0.075,FINAL
2005-05-05,20.513,20.444,0.069,FINAL
2005-05-06,20.503,20.441,0.062,FINAL
2005-05-07,20.491,20.437,0.054,FINAL
2005-05-08,20.477,20.434,0.043,FINAL
2005-05-09,20.468,20.431,0.037,FINAL
2005-05-10,20.465,20.428,0.038,FINAL
2005-05-11,20.465,20.425,0.041,FINAL
2005-05-12,20.463,20.421,0.041,FINAL
2005-05-13,20.454,20.418,0.035,FINAL
2005-05-14,20.439,20.415,0.024,FINAL
2005-05-15,20.426,20.412,0.014,FINAL
2005-05-16,20.418,20.409,0.009,FINAL
2005-05-17,20.409,20.406,0.003,FINAL
2005-05-18,20.403,20.403,-0.0,FINAL
2005-05-19,20.403,20.4,0.003,FINAL
2005-05-20,20.407,20.397,0.01,FINAL
2005-05-21,20.412,20.394,0.018,FINAL
2005-05-22,20.419,20.392,0.027,FINAL
2005-05-23,20.425,20.389,0.036,FINAL
2005-05-24,20.426,20.386,0.04,FINAL
2005-05-25,20.421,20.383,0.037,FINAL
2005-05-26,20.412,20.381,0.031,FINAL
2005-05-27,20.406,20.378,0.027,FINAL
2005-05-28,20.405,20.376,0.029,FINAL
2005-05-29,20.409,20.374,0.035,FINAL
2005-05-30,20.413,20.371,0.041,FINAL
2005-05-31,20.417,20.369,0.048,FINAL
2005-06-01,20.427,20.367,0.06,FINAL
2005-06-02,20.428,20.365,0.062,FINAL
2005-06-03,20.427,20.363,0.064,FINAL
2005-06-04,20.426,20.361,0.065,FINAL
2005-06-05,20.422,20.36,0.062,FINAL
2005-06-06,20.413,20.358,0.054,FINAL
2005-06-07,20.396,20.357,0.04,FINAL
2005-06-08,20.377,20.355,0.022,FINAL
2005-06-09,20.362,20.354,0.008,FINAL
2005-06-10,20.351,20.353,-0.002,FINAL
2005-06-11,20.341,20.352,-0.011,FINAL
2005-06-12,20.334,20.351,-0.017,FINAL
2005-06-13,20.33,20.35,-0.02,FINAL
2005-06-14,20.33,20.349,-0.019,FINAL
2005-06-15,20.336,20.349,-0.013,FINAL
2005-06-16,20.347,20.348,-0.001,FINAL
2005-06-17,20.363,20.348,0.016,FINAL
2005-06-18,20.378,20.347,0.03,FINAL
2005-06-19,20.386,20.347,0.039,FINAL
2005-06-20,20.39,20.347,0.043,FINAL
2005-06-21,20.395,20.347,0.048,FINAL
2005-06-22,20.404,20.347,0.056,FINAL
2005-06-23,20.409,20.348,0.062,FINAL
2005-06-24,20.407,20.348,0.06,FINAL
2005-06-25,20.403,20.348,0.055,FINAL
2005-06-26,20.4,20.349,0.052,FINAL
2005-06-27,20.403,20.349,0.053,FINAL
2005-06-28,20.409,20.35,0.059,FINAL
2005-06-29,20.415,20.351,0.064,FINAL
2005-06-30,20.419,20.352,0.067,FINAL
2005-07-01,20.424,20.353,0.071,FINAL
2005-07-02,20.426,20.354,0.072,FINAL
2005-07-03,20.423,20.355,0.068,FINAL
2005-07-04,20.415,20.356,0.059,FINAL
2005-07-05,20.408,20.358,0.05,FINAL
2005-07-06,20.404,20.359,0.045,FINAL
2005-07-07,20.405,20.36,0.045,FINAL
2005-07-08,20.414,20.362,0.052,FINAL
2005-07-09,20.425,20.363,0.061,FINAL
2005-07-10,20.436,20.365,0.071,FINAL
2005-07-11,20.448,20.367,0.081,FINAL
2005-07-12,20.458,20.369,0.089,FINAL
2005-07-13,20.464,20.37,0.093,FINAL
2005-07-14,20.464,20.372,0.092,FINAL
2005-07-15,20.46,20.374,0.086,FINAL
2005-07-16,20.46,20.376,0.084,FINAL
2005-07-17,20.455,20.378,0.076,FINAL
2005-07-18,20.451,20.38,0.07,FINAL
2005-07-19,20.451,20.383,0.068,FINAL
2005-07-20,20.451,20.385,0.066,FINAL
2005-07-21,20.45,20.387,0.063,FINAL
2005-07-22,20.447,20.389,0.058,FINAL
2005-07-23,20.444,20.391,0.052,FINAL
2005-07-24,20.442,20.394,0.048,FINAL
2005-07-25,20.442,20.396,0.046,FINAL
2005-07-26,20.443,20.398,0.045,FINAL
2005-07-27,20.444,20.401,0.043,FINAL
2005-07-28,20.444,20.403,0.041,FINAL
2005-07-29,20.447,20.405,0.041,FINAL
2005-07-30,20.45,20.407,0.043,FINAL
2005-07-31,20.454,20.41,0.045,FINAL
2005-08-01,20.458,20.412,0.046,FINAL
2005-08-02,20.46,20.414,0.046,FINAL
2005-08-03,20.46,20.416,0.044,FINAL
2005-08-04,20.461,20.418,0.043,FINAL
2005-08-05,20.463,20.42,0.043,FINAL
2005-08-06,20.467,20.422,0.045,FINAL
2005-08-07,20.471,20.424,0.047,FINAL
2005-08-08,20.473,20.426,0.048,FINAL
2005-08-09,20.476,20.427,0.049,FINAL
2005-08-10,20.48,20.429,0.051,FINAL
2005-08-11,20.486,20.43,0.056,FINAL
2005-08-12,20.492,20.431,0.061,FINAL
2005-08-13,20.497,20.432,0.064,FINAL
2005-08-14,20.501,20.433,0.067,FINAL
2005-08-15,20.504,20.434,0.07,FINAL
2005-08-16,20.514,20.435,0.079,FINAL
2005-08-17,20.523,20.435,0.088,FINAL
2005-08-18,20.531,20.436,0.096,FINAL
2005-08-19,20.536,20.436,0.101,FINAL
2005-08-20,20.536,20.436,0.1,FINAL
2005-08-21,20.526,20.436,0.09,FINAL
2005-08-22,20.511,20.435,0.076,FINAL
2005-08-23,20.498,20.434,0.064,FINAL
2005-08-24,20.486,20.433,0.053,FINAL
2005-08-25,20.472,20.432,0.04,FINAL
2005-08-26,20.454,20.431,0.023,FINAL
2005-08-27,20.441,20.429,0.012,FINAL
2005-08-28,20.438,20.428,0.01,FINAL
2005-08-29,20.44,20.426,0.014,FINAL
2005-08-30,20.443,20.423,0.02,FINAL
2005-08-31,20.444,20.421,0.023,FINAL
2005-09-01,20.442,20.418,0.024,FINAL
2005-09-02,20.441,20.415,0.026,FINAL
2005-09-03,20.441,20.412,0.028,FINAL
2005-09-04,20.439,20.409,0.031,FINAL
2005-09-05,20.439,20.405,0.034,FINAL
2005-09-06,20.437,20.401,0.036,FINAL
2005-09-07,20.434,20.397,0.037,FINAL
2005-09-08,20.431,20.393,0.038,FINAL
2005-09-09,20.428,20.389,0.039,FINAL
2005-09-10,20.426,20.384,0.041,FINAL
2005-09-11,20.422,20.379,0.043,FINAL
2005-09-12,20.419,20.375,0.045,FINAL
2005-09-13,20.416,20.37,0.047,FINAL
2005-09-14,20.413,20.364,0.049,FINAL
2005-09-15,20.412,20.359,0.052,FINAL
2005-09-16,20.41,20.354,0.056,FINAL
2005-09-17,20.408,20.348,0.06,FINAL
2005-09-18,20.406,20.343,0.063,FINAL
2005-09-19,20.404,20.337,0.067,FINAL
2005-09-20,20.404,20.331,0.072,FINAL
2005-09-21,20.405,20.326,0.079,FINAL
2005-09-22,20.407,20.32,0.087,FINAL
2005-09-23,20.407,20.314,0.093,FINAL
2005-09-24,20.402,20.308,0.094,FINAL
2005-09-25,20.391,20.303,0.088,FINAL
2005-09-26,20.376,20.297,0.079,FINAL
2005-09-27,20.363,20.291,0.072,FINAL
2005-09-28,20.349,20.286,0.064,FINAL
2005-09-29,20.333,20.28,0.053,FINAL
2005-09-30,20.313,20.274,0.038,FINAL
2005-10-01,20.295,20.269,0.026,FINAL
2005-10-02,20.286,20.264,0.022,FINAL
2005-10-03,20.281,20.258,0.022,FINAL
2005-10-04,20.276,20.253,0.023,FINAL
2005-10-05,20.269,20.248,0.021,FINAL
2005-10-06,20.26,20.243,0.017,FINAL
2005-10-07,20.254,20.238,0.016,FINAL
2005-10-08,20.251,20.233,0.017,FINAL
2005-10-09,20.247,20.229,0.018,FINAL
2005-10-10,20.243,20.224,0.019,FINAL
2005-10-11,20.238,20.22,0.019,FINAL
2005-10-12,20.235,20.216,0.019,FINAL
2005-10-13,20.231,20.211,0.02,FINAL
2005-10-14,20.227,20.207,0.02,FINAL
2005-10-15,20.221,20.203,0.018,FINAL
2005-10-16,20.215,20.199,0.015,FINAL
2005-10-17,20.208,20.196,0.012,FINAL
2005-10-18,20.196,20.192,0.004,FINAL
2005-10-19,20.191,20.189,0.002,FINAL
2005-10-20,20.187,20.185,0.002,FINAL
2005-10-21,20.186,20.182,0.005,FINAL
2005-10-22,20.188,20.178,0.01,FINAL
2005-10-23,20.189,20.175,0.014,FINAL
2005-10-24,20.187,20.172,0.015,FINAL
2005-10-25,20.18,20.169,0.011,FINAL
2005-10-26,20.169,20.166,0.003,FINAL
2005-10-27,20.159,20.163,-0.004,FINAL
2005-10-28,20.149,20.16,-0.011,FINAL
2005-10-29,20.137,20.157,-0.02,FINAL
2005-10-30,20.123,20.154,-0.032,FINAL
2005-10-31,20.11,20.152,-0.041,FINAL
2005-11-01,20.105,20.149,-0.045,FINAL
2005-11-02,20.102,20.146,-0.044,FINAL
2005-11-03,20.101,20.144,-0.043,FINAL
2005-11-04,20.101,20.142,-0.041,FINAL
2005-11-05,20.099,20.139,-0.04,FINAL
2005-11-06,20.097,20.137,-0.04,FINAL
2005-11-07,20.097,20.135,-0.038,FINAL
2005-11-08,20.1,20.133,-0.033,FINAL
2005-11-09,20.105,20.131,-0.026,FINAL
2005-11-10,20.111,20.129,-0.017,FINAL
2005-11-11,20.115,20.127,-0.012,FINAL
2005-11-12,20.118,20.125,-0.007,FINAL
2005-11-13,20.121,20.124,-0.003,FINAL
2005-11-14,20.125,20.123,0.002,FINAL
2005-11-15,20.128,20.121,0.006,FINAL
2005-11-16,20.128,20.12,0.008,FINAL
2005-11-17,20.122,20.119,0.003,FINAL
2005-11-18,20.12,20.119,0.001,FINAL
2005-11-19,20.116,20.118,-0.002,FINAL
2005-11-20,20.113,20.118,-0.005,FINAL
2005-11-21,20.11,20.117,-0.008,FINAL
2005-11-22,20.107,20.117,-0.01,FINAL
2005-11-23,20.106,20.117,-0.012,FINAL
2005-11-24,20.106,20.118,-0.012,FINAL
2005-11-25,20.108,20.118,-0.01,FINAL
2005-11-26,20.113,20.119,-0.006,FINAL
2005-11-27,20.118,20.12,-0.002,FINAL
2005-11-28,20.122,20.121,0.001,FINAL
2005-11-29,20.122,20.123,-0.0,FINAL
2005-11-30,20.12,20.124,-0.004,FINAL
2005-12-01,20.117,20.126,-0.009,FINAL
2005-12-02,20.113,20.128,-0.015,FINAL
2005-12-03,20.108,20.13,-0.022,FINAL
2005-12-04,20.1,20.132,-0.032,FINAL
2005-12-05,20.095,20.135,-0.04,FINAL
2005-12-06,20.094,20.137,-0.043,FINAL
2005-12-07,20.096,20.14,-0.044,FINAL
2005-12-08,20.099,20.143,-0.044,FINAL
2005-12-09,20.1,20.146,-0.046,FINAL
2005-12-10,20.1,20.149,-0.049,FINAL
2005-12-11,20.1,20.152,-0.052,FINAL
2005-12-12,20.102,20.156,-0.054,FINAL
2005-12-13,20.107,20.159,-0.053,FINAL
2005-12-14,20.115,20.163,-0.048,FINAL
2005-12-15,20.125,20.167,-0.042,FINAL
2005-12-16,20.134,20.17,-0.036,FINAL
2005-12-17,20.143,20.174,-0.031,FINAL
2005-12-18,20.155,20.178,-0.023,FINAL
2005-12-19,20.166,20.182,-0.016,FINAL
2005-12-20,20.174,20.186,-0.012,FINAL
2005-12-21,20.177,20.19,-0.014,FINAL
2005-12-22,20.177,20.194,-0.017,FINAL
2005-12-23,20.181,20.198,-0.017,FINAL
2005-12-24,20.192,20.203,-0.011,FINAL
2005-12-25,20.206,20.207,-0.001,FINAL
2005-12-26,20.22,20.211,0.009,FINAL
2005-12-27,20.233,20.216,0.018,FINAL
2005-12-28,20.244,20.22,0.024,FINAL
2005-12-29,20.253,20.224,0.028,FINAL
2005-12-30,20.256,20.229,0.027,FINAL
2005-12-31,20.254,20.233,0.02,FINAL
2006-01-01,20.248,20.238,0.011,FINAL
2006-01-02,20.245,20.242,0.002,FINAL
2006-01-03,20.245,20.247,-0.002,FINAL
2006-01-04,20.25,20.252,-0.001,FINAL
2006-01-05,20.26,20.256,0.004,FINAL
2006-01-06,20.272,20.261,0.01,FINAL
2006-01-07,20.282,20.266,0.016,FINAL
2006-01-08,20.288,20.271,0.017,FINAL
2006-01-09,20.291,20.276,0.015,FINAL
2006-01-10,20.293,20.281,0.012,FINAL
2006-01-11,20.293,20.286,0.007,FINAL
2006-01-12,20.291,20.291,-0.001,FINAL
2006-01-13,20.285,20.297,-0.012,FINAL
2006-01-14,20.282,20.302,-0.02,FINAL
2006-01-15,20.285,20.307,-0.022,FINAL
2006-01-16,20.292,20.313,-0.021,FINAL
2006-01-17,20.294,20.318,-0.025,FINAL
2006-01-18,20.288,20.324,-0.036,FINAL
2006-01-19,20.277,20.329,-0.053,FINAL
2006-01-20,20.271,20.335,-0.065,FINAL
2006-01-21,20.267,20.341,-0.074,FINAL
2006-01-22,20.264,20.346,-0.082,FINAL
2006-01-23,20.262,20.352,-0.091,FINAL
2006-01-24,20.261,20.358,-0.097,FINAL
2006-01-25,20.265,20.364,-0.099,FINAL
2006-01-26,20.274,20.37,-0.096,FINAL
2006-01-27,20.286,20.375,-0.089,FINAL
2006-01-28,20.303,20.381,-0.078,FINAL
2006-01-29,20.32,20.387,-0.067,FINAL
2006-01-30,20.335,20.392,-0.058,FINAL
2006-01-31,20.347,20.398,-0.051,FINAL
2006-02-01,20.357,20.404,-0.047,FINAL
2006-02-02,20.367,20.409,-0.042,FINAL
2006-02-03,20.373,20.415,-0.041,FINAL
2006-02-04,20.374,20.42,-0.046,FINAL
2006-02-05,20.372,20.425,-0.053,FINAL
2006-02-06,20.37,20.43,-0.06,FINAL
2006-02-07,20.371,20.436,-0.064,FINAL
2006-02-08,20.374,20.44,-0.066,FINAL
2006-02-09,20.377,20.445,-0.068,FINAL
2006-02-10,20.383,20.45,-0.067,FINAL
2006-02-11,20.392,20.455,-0.062,FINAL
2006-02-12,20.407,20.459,-0.053,FINAL
2006-02-13,20.42,20.463,-0.043,FINAL
2006-02-14,20.429,20.468,-0.039,FINAL
2006-02-15,20.437,20.472,-0.035,FINAL
2006-02-16,20.45,20.476,-0.026,FINAL
2006-02-17,20.469,20.48,-0.01,FINAL
2006-02-18,20.49,20.483,0.007,FINAL
2006-02-19,20.503,20.487,0.017,FINAL
2006-02-20,20.513,20.49,0.023,FINAL
2006-02-21,20.522,20.493,0.029,FINAL
2006-02-22,20.532,20.497,0.036,FINAL
2006-02-23,20.543,20.5,0.043,FINAL
2006-02-24,20.548,20.503,0.045,FINAL
2006-02-25,20.548,20.505,0.043,FINAL
2006-02-26,20.544,20.508,0.036,FINAL
2006-02-27,20.536,20.51,0.026,FINAL
2006-02-28,20.528,20.513,0.015,FINAL
2006-03-01,20.522,20.515,0.006,FINAL
2006-03-02,20.518,20.517,0.0,FINAL
2006-03-03,20.512,20.52,-0.008,FINAL
2006-03-04,20.502,20.522,-0.02,FINAL
2006-03-05,20.496,20.523,-0.028,FINAL
2006-03-06,20.497,20.525,-0.028,FINAL
2006-03-07,20.501,20.527,-0.026,FINAL
2006-03-08,20.501,20.529,-0.027,FINAL
2006-03-09,20.494,20.53,-0.036,FINAL
2006-03-10,20.482,20.531,-0.05,FINAL
2006-03-11,20.472,20.533,-0.06,FINAL
2006-03-12,20.465,20.534,-0.069,FINAL
2006-03-13,20.459,20.535,-0.076,FINAL
2006-03-14,20.452,20.536,-0.084,FINAL
2006-03-15,20.449,20.537,-0.088,FINAL
2006-03-16,20.451,20.538,-0.087,FINAL
2006-03-17,20.456,20.538,-0.082,FINAL
2006-03-18,20.464,20.539,-0.075,FINAL
2006-03-19,20.471,20.539,-0.069,FINAL
2006-03-20,20.475,20.54,-0.065,FINAL
2006-03-21,20.475,20.54,-0.065,FINAL
2006-03-22,20.474,20.54,-0.066,FINAL
2006-03-23,20.474,20.54,-0.066,FINAL
2006-03-24,20.477,20.54,-0.063,FINAL
2006-03-25,20.481,20.539,-0.059,FINAL
2006-03-26,20.481,20.539,-0.058,FINAL
2006-03-27,20.482,20.538,-0.057,FINAL
2006-03-28,20.484,20.538,-0.054,FINAL
2006-03-29,20.491,20.537,-0.046,FINAL
2006-03-30,20.498,20.536,-0.038,FINAL
2006-03-31,20.501,20.535,-0.034,FINAL
2006-04-01,20.5,20.534,-0.033,FINAL
2006-04-02,20.502,20.532,-0.03,FINAL
2006-04-03,20.508,20.531,-0.023,FINAL
2006-04-04,20.513,20.529,-0.016,FINAL
2006-04-05,20.514,20.528,-0.014,FINAL
2006-04-06,20.512,20.526,-0.013,FINAL
2006-04-07,20.512,20.524,-0.012,FINAL
2006-04-08,20.515,20.522,-0.006,FINAL
2006-04-09,20.521,20.52,0.001,FINAL
2006-04-10,20.526,20.517,0.008,FINAL
2006-04-11,20.529,20.515,0.014,FINAL
2006-04-12,20.526,20.513,0.014,FINAL
2006-04-13,20.519,20.51,0.008,FINAL
2006-04-14,20.505,20.508,-0.002,FINAL
2006-04-15,20.494,20.505,-0.011,FINAL
2006-04-16,20.479,20.502,-0.023,FINAL
2006-04-17,20.465,20.5,-0.034,FINAL
2006-04-18,20.452,20.497,-0.045,FINAL
2006-04-19,20.444,20.494,-0.05,FINAL
2006-04-20,20.444,20.491,-0.047,FINAL
2006-04-21,20.449,20.488,-0.039,FINAL
2006-04-22,20.452,20.485,-0.033,FINAL
2006-04-23,20.45,20.482,-0.032,FINAL
2006-04-24,20.443,20.479,-0.035,FINAL
2006-04-25,20.435,20.476,-0.04,FINAL
2006-04-26,20.426,20.473,-0.046,FINAL
2006-04-27,20.417,20.469,-0.052,FINAL
2006-04-28,20.408,20.466,-0.058,FINAL
2006-04-29,20.402,20.463,-0.061,FINAL
2006-04-30,20.4,20.46,-0.06,FINAL
2006-05-01,20.402,20.457,-0.055,FINAL
2006-05-02,20.401,20.453,-0.052,FINAL
2006-05-03,20.4,20.45,-0.051,FINAL
2006-05-04,20.394,20.447,-0.053,FINAL
2006-05-05,20.383,20.444,-0.061,FINAL
2006-05-06,20.373,20.441,-0.067,FINAL
2006-05-07,20.371,20.437,-0.067,FINAL
2006-05-08,20.381,20.434,-0.054,FINAL
2006-05-09,20.398,20.431,-0.032,FINAL
2006-05-10,20.415,20.428,-0.013,FINAL
2006-05-11,20.431,20.425,0.006,FINAL
2006-05-12,20.445,20.421,0.023,FINAL
2006-05-13,20.455,20.418,0.037,FINAL
2006-05-14,20.456,20.415,0.041,FINAL
2006-05-15,20.447,20.412,0.035,FINAL
2006-05-16,20.435,20.409,0.026,FINAL
2006-05-17,20.417,20.406,0.011,FINAL
2006-05-18,20.399,20.403,-0.004,FINAL
2006-05-19,20.39,20.4,-0.01,FINAL
2006-05-20,20.388,20.397,-0.009,FINAL
2006-05-21,20.389,20.394,-0.006,FINAL
2006-05-22,20.388,20.392,-0.003,FINAL
2006-05-23,20.382,20.389,-0.007,FINAL
2006-05-24,20.37,20.386,-0.016,FINAL
2006-05-25,20.355,20.383,-0.028,FINAL
2006-05-26,20.343,20.381,-0.038,FINAL
2006-05-27,20.335,20.378,-0.043,FINAL
2006-05-28,20.337,20.376,-0.039,FINAL
2006-05-29,20.344,20.374,-0.03,FINAL
2006-05-30,20.352,20.371,-0.019,FINAL
2006-05-31,20.362,20.369,-0.007,FINAL
2006-06-01,20.385,20.367,0.018,FINAL
2006-06-02,20.402,20.365,0.037,FINAL
2006-06-03,20.416,20.363,0.053,FINAL
2006-06-04,20.421,20.361,0.059,FINAL
2006-06-05,20.418,20.36,0.059,FINAL
2006-06-06,20.414,20.358,0.056,FINAL
2006-06-07,20.409,20.357,0.052,FINAL
2006-06-08,20.406,20.355,0.051,FINAL
2006-06-09,20.403,20.354,0.049,FINAL
2006-06-10,20.397,20.353,0.045,FINAL
2006-06-11,20.388,20.352,0.036,FINAL
2006-06-12,20.372,20.351,0.021,FINAL
2006-06-13,20.355,20.35,0.005,FINAL
2006-06-14,20.341,20.349,-0.008,FINAL
2006-06-15,20.33,20.349,-0.018,FINAL
2006-06-16,20.322,20.348,-0.026,FINAL
2006-06-17,20.315,20.348,-0.033,FINAL
2006-06-18,20.313,20.347,-0.034,FINAL
2006-06-19,20.317,20.347,-0.03,FINAL
2006-06-20,20.325,20.347,-0.022,FINAL
2006-06-21,20.333,20.347,-0.014,FINAL
2006-06-22,20.338,20.347,-0.009,FINAL
2006-06-23,20.337,20.348,-0.01,FINAL
2006-06-24,20.331,20.348,-0.017,FINAL
2006-06-25,20.324,20.348,-0.024,FINAL
2006-06-26,20.319,20.349,-0.03,FINAL
2006-06-27,20.32,20.349,-0.029,FINAL
2006-06-28,20.327,20.35,-0.023,FINAL
2006-06-29,20.335,20.351,-0.016,FINAL
2006-06-30,20.343,20.352,-0.009,FINAL
2006-07-01,20.354,20.353,0.001,FINAL
2006-07-02,20.362,20.354,0.008,FINAL
2006-07-03,20.369,20.355,0.014,FINAL
2006-07-04,20.373,20.356,0.016,FINAL
2006-07-05,20.373,20.358,0.016,FINAL
2006-07-06,20.368,20.359,0.009,FINAL
2006-07-07,20.358,20.36,-0.002,FINAL
2006-07-08,20.345,20.362,-0.017,FINAL
2006-07-09,20.332,20.363,-0.031,FINAL
2006-07-10,20.323,20.365,-0.042,FINAL
2006-07-11,20.315,20.367,-0.052,FINAL
2006-07-12,20.312,20.369,-0.056,FINAL
2006-07-13,20.316,20.37,-0.055,FINAL
2006-07-14,20.324,20.372,-0.049,FINAL
2006-07-15,20.336,20.374,-0.039,FINAL
2006-07-16,20.353,20.376,-0.023,FINAL
2006-07-17,20.368,20.378,-0.01,FINAL
2006-07-18,20.379,20.38,-0.002,FINAL
2006-07-19,20.384,20.383,0.001,FINAL
2006-07-20,20.386,20.385,0.001,FINAL
2006-07-21,20.387,20.387,-0.0,FINAL
2006-07-22,20.387,20.389,-0.002,FINAL
2006-07-23,20.387,20.391,-0.005,FINAL
2006-07-24,20.384,20.394,-0.009,FINAL
2006-07-25,20.383,20.396,-0.013,FINAL
2006-07-26,20.382,20.398,-0.017,FINAL
2006-07-27,20.384,20.401,-0.016,FINAL
2006-07-28,20.388,20.403,-0.015,FINAL
2006-07-29,20.393,20.405,-0.012,FINAL
2006-07-30,20.4,20.407,-0.008,FINAL
2006-07-31,20.408,20.41,-0.002,FINAL
2006-08-01,20.417,20.412,0.005,FINAL
2006-08-02,20.428,20.414,0.014,FINAL
2006-08-03,20.436,20.416,0.02,FINAL
2006-08-04,20.441,20.418,0.023,FINAL
2006-08-05,20.443,20.42,0.023,FINAL
2006-08-06,20.441,20.422,0.019,FINAL
2006-08-07,20.436,20.424,0.012,FINAL
2006-08-08,20.43,20.426,0.004,FINAL
2006-08-09,20.423,20.427,-0.004,FINAL
2006-08-10,20.417,20.429,-0.012,FINAL
2006-08-11,20.413,20.43,-0.017,FINAL
2006-08-12,20.414,20.431,-0.017,FINAL
2006-08-13,20.419,20.432,-0.013,FINAL
2006-08-14,20.427,20.433,-0.007,FINAL
2006-08-15,20.434,20.434,0.0,FINAL
2006-08-16,20.444,20.435,0.009,FINAL
2006-08-17,20.445,20.435,0.009,FINAL
2006-08-18,20.442,20.436,0.006,FINAL
2006-08-19,20.439,20.436,0.003,FINAL
2006-08-20,20.438,20.436,0.002,FINAL
2006-08-21,20.442,20.436,0.006,FINAL
2006-08-22,20.45,20.435,0.015,FINAL
2006-08-23,20.458,20.434,0.024,FINAL
2006-08-24,20.466,20.433,0.032,FINAL
2006-08-25,20.474,20.432,0.041,FINAL
2006-08-26,20.482,20.431,0.051,FINAL
2006-08-27,20.49,20.429,0.061,FINAL
2006-08-28,20.493,20.428,0.065,FINAL
2006-08-29,20.492,20.426,0.066,FINAL
2006-08-30,20.487,20.423,0.064,FINAL
2006-08-31,20.479,20.421,0.058,FINAL
2006-09-01,20.469,20.418,0.051,FINAL
2006-09-02,20.461,20.415,0.046,FINAL
2006-09-03,20.454,20.412,0.042,FINAL
2006-09-04,20.447,20.409,0.039,FINAL
2006-09-05,20.441,20.405,0.036,FINAL
2006-09-06,20.439,20.401,0.038,FINAL
2006-09-07,20.443,20.397,0.046,FINAL
2006-09-08,20.448,20.393,0.055,FINAL
2006-09-09,20.45,20.389,0.061,FINAL
2006-09-10,20.444,20.384,0.06,FINAL
2006-09-11,20.432,20.379,0.053,FINAL
2006-09-12,20.42,20.375,0.045,FINAL
2006-09-13,20.407,20.37,0.038,FINAL
2006-09-14,20.393,20.364,0.029,FINAL
2006-09-15,20.377,20.359,0.018,FINAL
2006-09-16,20.366,20.354,0.012,FINAL
2006-09-17,20.362,20.348,0.013,FINAL
2006-09-18,20.361,20.343,0.018,FINAL
2006-09-19,20.361,20.337,0.024,FINAL
2006-09-20,20.36,20.331,0.029,FINAL
2006-09-21,20.354,20.326,0.028,FINAL
2006-09-22,20.346,20.32,0.026,FINAL
2006-09-23,20.338,20.314,0.024,FINAL
2006-09-24,20.335,20.308,0.026,FINAL
2006-09-25,20.337,20.303,0.034,FINAL
2006-09-26,20.345,20.297,0.048,FINAL
2006-09-27,20.352,20.291,0.061,FINAL
2006-09-28,20.359,20.286,0.073,FINAL
2006-09-29,20.363,20.28,0.083,FINAL
2006-09-30,20.363,20.274,0.089,FINAL
2006-10-01,20.359,20.269,0.09,FINAL
2006-10-02,20.351,20.264,0.087,FINAL
2006-10-03,20.338,20.258,0.08,FINAL
2006-10-04,20.322,20.253,0.069,FINAL
2006-10-05,20.303,20.248,0.054,FINAL
2006-10-06,20.286,20.243,0.043,FINAL
2006-10-07,20.276,20.238,0.038,FINAL
2006-10-08,20.27,20.233,0.036,FINAL
2006-10-09,20.263,20.229,0.034,FINAL
2006-10-10,20.253,20.224,0.029,FINAL
2006-10-11,20.242,20.22,0.022,FINAL
2006-10-12,20.236,20.216,0.02,FINAL
2006-10-13,20.232,20.211,0.021,FINAL
2006-10-14,20.229,20.207,0.021,FINAL
2006-10-15,20.224,20.203,0.021,FINAL
2006-10-16,20.218,20.199,0.019,FINAL
2006-10-17,20.213,20.196,0.017,FINAL
2006-10-18,20.205,20.192,0.013,FINAL
2006-10-19,20.201,20.189,0.013,FINAL
2006-10-20,20.199,20.185,0.014,FINAL
2006-10-21,20.197,20.182,0.015,FINAL
2006-10-22,20.195,20.178,0.017,FINAL
2006-10-23,20.193,20.175,0.018,FINAL
2006-10-24,20.192,20.172,0.02,FINAL
2006-10-25,20.192,20.169,0.023,FINAL
2006-10-26,20.191,20.166,0.025,FINAL
2006-10-27,20.188,20.163,0.025,FINAL
2006-10-28,20.184,20.16,0.024,FINAL
2006-10-29,20.183,20.157,0.026,FINAL
2006-10-30,20.187,20.154,0.033,FINAL
2006-10-31,20.194,20.152,0.042,FINAL
2006-11-01,20.197,20.149,0.048,FINAL
2006-11-02,20.2,20.146,0.053,FINAL
2006-11-03,20.204,20.144,0.06,FINAL
2006-11-04,20.213,20.142,0.071,FINAL
2006-11-05,20.219,20.139,0.08,FINAL
2006-11-06,20.22,20.137,0.083,FINAL
2006-11-07,20.218,20.135,0.083,FINAL
2006-11-08,20.217,20.133,0.084,FINAL
2006-11-09,20.22,20.131,0.09,FINAL
2006-11-10,20.226,20.129,0.098,FINAL
2006-11-11,20.231,20.127,0.104,FINAL
2006-11-12,20.234,20.125,0.109,FINAL
2006-11-13,20.234,20.124,0.11,FINAL
2006-11-14,20.23,20.123,0.107,FINAL
2006-11-15,20.221,20.121,0.1,FINAL
2006-11-16,20.211,20.12,0.091,FINAL
2006-11-17,20.198,20.119,0.079,FINAL
2006-11-18,20.191,20.119,0.072,FINAL
2006-11-19,20.188,20.118,0.07,FINAL
2006-11-20,20.19,20.118,0.072,FINAL
2006-11-21,20.195,20.117,0.078,FINAL
2006-11-22,20.204,20.117,0.087,FINAL
2006-11-23,20.216,20.117,0.099,FINAL
2006-11-24,20.231,20.118,0.113,FINAL
2006-11-25,20.245,20.118,0.126,FINAL
2006-11-26,20.253,20.119,0.134,FINAL
2006-11-27,20.258,20.12,0.138,FINAL
2006-11-28,20.26,20.121,0.139,FINAL
2006-11-29,20.259,20.123,0.136,FINAL
2006-11-30,20.257,20.124,0.133,FINAL
2006-12-01,20.251,20.126,0.125,FINAL
2006-12-02,20.246,20.128,0.118,FINAL
2006-12-03,20.238,20.13,0.109,FINAL
2006-12-04,20.23,20.132,0.098,FINAL
2006-12-05,20.224,20.135,0.09,FINAL
2006-12-06,20.225,20.137,0.088,FINAL
2006-12-07,20.228,20.14,0.089,FINAL
2006-12-08,20.231,20.143,0.089,FINAL
2006-12-09,20.23,20.146,0.084,FINAL
2006-12-10,20.224,20.149,0.075,FINAL
2006-12-11,20.219,20.152,0.067,FINAL
2006-12-12,20.217,20.156,0.061,FINAL
2006-12-13,20.218,20.159,0.058,FINAL
2006-12-14,20.223,20.163,0.06,FINAL
2006-12-15,20.232,20.167,0.066,FINAL
2006-12-16,20.244,20.17,0.074,FINAL
2006-12-17,20.257,20.174,0.083,FINAL
2006-12-18,20.271,20.178,0.093,FINAL
2006-12-19,20.282,20.182,0.1,FINAL
2006-12-20,20.289,20.186,0.103,FINAL
2006-12-21,20.292,20.19,0.101,FINAL
2006-12-22,20.291,20.194,0.097,FINAL
2006-12-23,20.289,20.198,0.091,FINAL
2006-12-24,20.289,20.203,0.086,FINAL
2006-12-25,20.29,20.207,0.083,FINAL
2006-12-26,20.293,20.211,0.082,FINAL
2006-12-27,20.298,20.216,0.082,FINAL
2006-12-28,20.302,20.22,0.082,FINAL
2006-12-29,20.306,20.224,0.081,FINAL
2006-12-30,20.31,20.229,0.081,FINAL
2006-12-31,20.317,20.233,0.083,FINAL
2007-01-01,20.322,20.238,0.084,FINAL
2007-01-02,20.326,20.242,0.084,FINAL
2007-01-03,20.327,20.247,0.08,FINAL
2007-01-04,20.323,20.252,0.071,FINAL
2007-01-05,20.32,20.256,0.063,FINAL
2007-01-06,20.318,20.261,0.056,FINAL
2007-01-07,20.317,20.266,0.051,FINAL
2007-01-08,20.32,20.271,0.049,FINAL
2007-01-09,20.327,20.276,0.051,FINAL
2007-01-10,20.339,20.281,0.058,FINAL
2007-01-11,20.353,20.286,0.067,FINAL
2007-01-12,20.364,20.291,0.072,FINAL
2007-01-13,20.369,20.297,0.073,FINAL
2007-01-14,20.367,20.302,0.065,FINAL
2007-01-15,20.361,20.307,0.053,FINAL
2007-01-16,20.355,20.313,0.043,FINAL
2007-01-17,20.352,20.318,0.034,FINAL
2007-01-18,20.357,20.324,0.033,FINAL
2007-01-19,20.368,20.329,0.038,FINAL
2007-01-20,20.382,20.335,0.047,FINAL
2007-01-21,20.399,20.341,0.058,FINAL
2007-01-22,20.417,20.346,0.07,FINAL
2007-01-23,20.433,20.352,0.081,FINAL
2007-01-24,20.444,20.358,0.086,FINAL
2007-01-25,20.449,20.364,0.085,FINAL
2007-01-26,20.449,20.37,0.079,FINAL
2007-01-27,20.447,20.375,0.072,FINAL
2007-01-28,20.447,20.381,0.066,FINAL
2007-01-29,20.449,20.387,0.063,FINAL
2007-01-30,20.454,20.392,0.061,FINAL
2007-01-31,20.459,20.398,0.061,FINAL
2007-02-01,20.464,20.404,0.06,FINAL
2007-02-02,20.467,20.409,0.057,FINAL
2007-02-03,20.468,20.415,0.053,FINAL
2007-02-04,20.469,20.42,0.049,FINAL
2007-02-05,20.471,20.425,0.046,FINAL
2007-02-06,20.474,20.43,0.044,FINAL
2007-02-07,20.481,20.436,0.045,FINAL
2007-02-08,20.489,20.44,0.049,FINAL
2007-02-09,20.499,20.445,0.054,FINAL
2007-02-10,20.508,20.45,0.058,FINAL
2007-02-11,20.516,20.455,0.062,FINAL
2007-02-12,20.524,20.459,0.065,FINAL
2007-02-13,20.528,20.463,0.064,FINAL
2007-02-14,20.527,20.468,0.06,FINAL
2007-02-15,20.526,20.472,0.054,FINAL
2007-02-16,20.527,20.476,0.051,FINAL
2007-02-17,20.531,20.48,0.052,FINAL
2007-02-18,20.54,20.483,0.057,FINAL
2007-02-19,20.554,20.487,0.067,FINAL
2007-02-20,20.566,20.49,0.076,FINAL
2007-02-21,20.574,20.493,0.081,FINAL
2007-02-22,20.575,20.497,0.078,FINAL
2007-02-23,20.571,20.5,0.071,FINAL
2007-02-24,20.565,20.503,0.062,FINAL
2007-02-25,20.557,20.505,0.052,FINAL
2007-02-26,20.546,20.508,0.038,FINAL
2007-02-27,20.528,20.51,0.018,FINAL
2007-02-28,20.514,20.513,0.001,FINAL
2007-03-01,20.509,20.515,-0.006,FINAL
2007-03-02,20.508,20.517,-0.009,FINAL
2007-03-03,20.507,20.52,-0.013,FINAL
2007-03-04,20.499,20.522,-0.023,FINAL
2007-03-05,20.491,20.523,-0.032,FINAL
2007-03-06,20.489,20.525,-0.037,FINAL
2007-03-07,20.489,20.527,-0.038,FINAL
2007-03-08,20.489,20.529,-0.039,FINAL
2007-03-09,20.489,20.53,-0.041,FINAL
2007-03-10,20.489,20.531,-0.043,FINAL
2007-03-11,20.491,20.533,-0.041,FINAL
2007-03-12,20.495,20.534,-0.039,FINAL
2007-03-13,20.498,20.535,-0.037,FINAL
2007-03-14,20.5,20.536,-0.036,FINAL
2007-03-15,20.5,20.537,-0.037,FINAL
2007-03-16,20.499,20.538,-0.039,FINAL
2007-03-17,20.496,20.538,-0.042,FINAL
2007-03-18,20.494,20.539,-0.045,FINAL
2007-03-19,20.49,20.539,-0.05,FINAL
2007-03-20,20.488,20.54,-0.052,FINAL
2007-03-21,20.488,20.54,-0.052,FINAL
2007-03-22,20.489,20.54,-0.051,FINAL
2007-03-23,20.487,20.54,-0.053,FINAL
2007-03-24,20.479,20.54,-0.061,FINAL
2007-03-25,20.468,20.539,-0.071,FINAL
2007-03-26,20.46,20.539,-0.079,FINAL
2007-03-27,20.452,20.538,-0.086,FINAL
2007-03-28,20.446,20.538,-0.091,FINAL
2007-03-29,20.445,20.537,-0.092,FINAL
2007-03-30,20.446,20.536,-0.09,FINAL
2007-03-31,20.45,20.535,-0.085,FINAL
2007-04-01,20.453,20.534,-0.08,FINAL
2007-04-02,20.461,20.532,-0.071,FINAL
2007-04-03,20.469,20.531,-0.062,FINAL
2007-04-04,20.475,20.529,-0.054,FINAL
2007-04-05,20.477,20.528,-0.05,FINAL
2007-04-06,20.476,20.526,-0.05,FINAL
2007-04-07,20.473,20.524,-0.051,FINAL
2007-04-08,20.47,20.522,-0.052,FINAL
2007-04-09,20.466,20.52,-0.053,FINAL
2007-04-10,20.462,20.517,-0.056,FINAL
2007-04-11,20.456,20.515,-0.059,FINAL
2007-04-12,20.451,20.513,-0.062,FINAL
2007-04-13,20.445,20.51,-0.065,FINAL
2007-04-14,20.44,20.508,-0.068,FINAL
2007-04-15,20.437,20.505,-0.068,FINAL
2007-04-16,20.433,20.502,-0.07,FINAL
2007-04-17,20.431,20.5,-0.069,FINAL
2007-04-18,20.432,20.497,-0.065,FINAL
2007-04-19,20.434,20.494,-0.06,FINAL
2007-04-20,20.437,20.491,-0.054,FINAL
2007-04-21,20.438,20.488,-0.05,FINAL
2007-04-22,20.439,20.485,-0.046,FINAL
2007-04-23,20.44,20.482,-0.042,FINAL
2007-04-24,20.439,20.479,-0.04,FINAL
2007-04-25,20.434,20.476,-0.042,FINAL
2007-04-26,20.427,20.473,-0.045,FINAL
2007-04-27,20.421,20.469,-0.048,FINAL
2007-04-28,20.417,20.466,-0.05,FINAL
2007-04-29,20.415,20.463,-0.048,FINAL
2007-04-30,20.415,20.46,-0.045,FINAL
2007-05-01,20.418,20.457,-0.039,FINAL
2007-05-02,20.417,20.453,-0.037,FINAL
2007-05-03,20.413,20.45,-0.038,FINAL
2007-05-04,20.406,20.447,-0.041,FINAL
2007-05-05,20.4,20.444,-0.044,FINAL
2007-05-06,20.393,20.441,-0.048,FINAL
2007-05-07,20.384,20.437,-0.053,FINAL
2007-05-08,20.372,20.434,-0.062,FINAL
2007-05-09,20.362,20.431,-0.069,FINAL
2007-05-10,20.356,20.428,-0.072,FINAL
2007-05-11,20.352,20.425,-0.072,FINAL
2007-05-12,20.347,20.421,-0.075,FINAL
2007-05-13,20.339,20.418,-0.079,FINAL
2007-05-14,20.33,20.415,-0.085,FINAL
2007-05-15,20.322,20.412,-0.09,FINAL
2007-05-16,20.318,20.409,-0.091,FINAL
2007-05-17,20.314,20.406,-0.092,FINAL
2007-05-18,20.312,20.403,-0.091,FINAL
2007-05-19,20.314,20.4,-0.086,FINAL
2007-05-20,20.317,20.397,-0.081,FINAL
2007-05-21,20.321,20.394,-0.074,FINAL
2007-05-22,20.324,20.392,-0.068,FINAL
2007-05-23,20.325,20.389,-0.064,FINAL
2007-05-24,20.32,20.386,-0.066,FINAL
2007-05-25,20.312,20.383,-0.072,FINAL
2007-05-26,20.302,20.381,-0.079,FINAL
2007-05-27,20.294,20.378,-0.084,FINAL
2007-05-28,20.292,20.376,-0.084,FINAL
2007-05-29,20.295,20.374,-0.079,FINAL
2007-05-30,20.298,20.371,-0.073,FINAL
2007-05-31,20.303,20.369,-0.066,FINAL
2007-06-01,20.315,20.367,-0.052,FINAL
2007-06-02,20.321,20.365,-0.044,FINAL
2007-06-03,20.322,20.363,-0.041,FINAL
2007-06-04,20.315,20.361,-0.046,FINAL
2007-06-05,20.308,20.36,-0.052,FINAL
2007-06-06,20.304,20.358,-0.054,FINAL
2007-06-07,20.308,20.357,-0.049,FINAL
2007-06-08,20.317,20.355,-0.038,FINAL
2007-06-09,20.325,20.354,-0.029,FINAL
2007-06-10,20.333,20.353,-0.02,FINAL
2007-06-11,20.34,20.352,-0.012,FINAL
2007-06-12,20.348,20.351,-0.003,FINAL
2007-06-13,20.353,20.35,0.003,FINAL
2007-06-14,20.352,20.349,0.003,FINAL
2007-06-15,20.347,20.349,-0.001,FINAL
2007-06-16,20.339,20.348,-0.009,FINAL
2007-06-17,20.328,20.348,-0.02,FINAL
2007-06-18,20.318,20.347,-0.03,FINAL
2007-06-19,20.312,20.347,-0.036,FINAL
2007-06-20,20.306,20.347,-0.041,FINAL
2007-06-21,20.3,20.347,-0.048,FINAL
2007-06-22,20.29,20.347,-0.058,FINAL
2007-06-23,20.279,20.348,-0.068,FINAL
2007-06-24,20.274,20.348,-0.074,FINAL
2007-06-25,20.271,20.348,-0.078,FINAL
2007-06-26,20.269,20.349,-0.08,FINAL
2007-06-27,20.266,20.349,-0.084,FINAL
2007-06-28,20.262,20.35,-0.088,FINAL
2007-06-29,20.259,20.351,-0.092,FINAL
2007-06-30,20.258,20.352,-0.094,FINAL
2007-07-01,20.263,20.353,-0.09,FINAL
2007-07-02,20.273,20.354,-0.081,FINAL
2007-07-03,20.288,20.355,-0.067,FINAL
2007-07-04,20.303,20.356,-0.053,FINAL
2007-07-05,20.316,20.358,-0.041,FINAL
2007-07-06,20.325,20.359,-0.034,FINAL
2007-07-07,20.325,20.36,-0.035,FINAL
2007-07-08,20.318,20.362,-0.044,FINAL
2007-07-09,20.304,20.363,-0.06,FINAL
2007-07-10,20.289,20.365,-0.076,FINAL
2007-07-11,20.274,20.367,-0.093,FINAL
2007-07-12,20.261,20.369,-0.107,FINAL
2007-07-13,20.259,20.37,-0.112,FINAL
2007-07-14,20.265,20.372,-0.107,FINAL
2007-07-15,20.277,20.374,-0.098,FINAL
2007-07-16,20.291,20.376,-0.086,FINAL
2007-07-17,20.296,20.378,-0.083,FINAL
2007-07-18,20.292,20.38,-0.088,FINAL
2007-07-19,20.285,20.383,-0.098,FINAL
2007-07-20,20.278,20.385,-0.107,FINAL
2007-07-21,20.272,20.387,-0.115,FINAL
2007-07-22,20.274,20.389,-0.116,FINAL
2007-07-23,20.281,20.391,-0.11,FINAL
2007-07-24,20.29,20.394,-0.103,FINAL
2007-07-25,20.301,20.396,-0.095,FINAL
2007-07-26,20.314,20.398,-0.085,FINAL
2007-07-27,20.327,20.401,-0.073,FINAL
2007-07-28,20.341,20.403,-0.062,FINAL
2007-07-29,20.35,20.405,-0.056,FINAL
2007-07-30,20.354,20.407,-0.053,FINAL
2007-07-31,20.353,20.41,-0.057,FINAL
2007-08-01,20.345,20.412,-0.067,FINAL
2007-08-02,20.335,20.414,-0.079,FINAL
2007-08-03,20.326,20.416,-0.09,FINAL
2007-08-04,20.319,20.418,-0.1,FINAL
2007-08-05,20.308,20.42,-0.112,FINAL
2007-08-06,20.294,20.422,-0.128,FINAL
2007-08-07,20.284,20.424,-0.139,FINAL
2007-08-08,20.283,20.426,-0.142,FINAL
2007-08-09,20.287,20.427,-0.141,FINAL
2007-08-10,20.29,20.429,-0.139,FINAL
2007-08-11,20.291,20.43,-0.139,FINAL
2007-08-12,20.291,20.431,-0.14,FINAL
2007-08-13,20.296,20.432,-0.137,FINAL
2007-08-14,20.3,20.433,-0.134,FINAL
2007-08-15,20.301,20.434,-0.133,FINAL
2007-08-16,20.3,20.435,-0.135,FINAL
2007-08-17,20.293,20.435,-0.143,FINAL
2007-08-18,20.284,20.436,-0.152,FINAL
2007-08-19,20.277,20.436,-0.159,FINAL
2007-08-20,20.273,20.436,-0.163,FINAL
2007-08-21,20.274,20.436,-0.162,FINAL
2007-08-22,20.279,20.435,-0.156,FINAL
2007-08-23,20.287,20.434,-0.148,FINAL
2007-08-24,20.296,20.433,-0.137,FINAL
2007-08-25,20.308,20.432,-0.124,FINAL
2007-08-26,20.323,20.431,-0.108,FINAL
2007-08-27,20.336,20.429,-0.094,FINAL
2007-08-28,20.343,20.428,-0.085,FINAL
2007-08-29,20.345,20.426,-0.08,FINAL
2007-08-30,20.343,20.423,-0.08,FINAL
2007-08-31,20.339,20.421,-0.081,FINAL
2007-09-01,20.333,20.418,-0.085,FINAL
2007-09-02,20.352,20.415,-0.063,FINAL
2007-09-03,20.357,20.412,-0.055,FINAL
2007-09-04,20.33,20.409,-0.079,FINAL
2007-09-05,20.319,20.405,-0.086,FINAL
2007-09-06,20.315,20.401,-0.086,FINAL
2007-09-07,20.308,20.397,-0.09,FINAL
2007-09-08,20.308,20.393,-0.085,FINAL
2007-09-09,20.306,20.389,-0.083,FINAL
2007-09-10,20.291,20.384,-0.093,FINAL
2007-09-11,20.297,20.379,-0.082,FINAL
2007-09-12,20.301,20.375,-0.074,FINAL
2007-09-13,20.286,20.37,-0.084,FINAL
2007-09-14,20.293,20.364,-0.071,FINAL
2007-09-15,20.289,20.359,-0.07,FINAL
2007-09-16,20.281,20.354,-0.073,FINAL
2007-09-17,20.281,20.348,-0.067,FINAL
2007-09-18,20.272,20.343,-0.07,FINAL
2007-09-19,20.249,20.337,-0.088,FINAL
2007-09-20,20.237,20.331,-0.095,FINAL
2007-09-21,20.227,20.326,-0.099,FINAL
2007-09-22,20.213,20.32,-0.107,FINAL
2007-09-23,20.206,20.314,-0.108,FINAL
2007-09-24,20.178,20.308,-0.131,FINAL
2007-09-25,20.183,20.303,-0.12,FINAL
2007-09-26,20.183,20.297,-0.114,FINAL
2007-09-27,20.143,20.291,-0.148,FINAL
2007-09-28,20.152,20.286,-0.133,FINAL
2007-09-29,20.138,20.28,-0.142,FINAL
2007-09-30,20.127,20.274,-0.148,FINAL
2007-10-01,20.125,20.269,-0.144,FINAL
2007-10-02,20.105,20.264,-0.158,FINAL
2007-10-03,20.104,20.258,-0.155,FINAL
2007-10-04,20.121,20.253,-0.132,FINAL
2007-10-05,20.122,20.248,-0.126,FINAL
2007-10-06,20.139,20.243,-0.104,FINAL
2007-10-07,20.138,20.238,-0.1,FINAL
2007-10-08,20.104,20.233,-0.129,FINAL
2007-10-09,20.095,20.229,-0.134,FINAL
2007-10-10,20.11,20.224,-0.114,FINAL
2007-10-11,20.088,20.22,-0.132,FINAL
2007-10-12,20.097,20.216,-0.118,FINAL
2007-10-13,20.094,20.211,-0.117,FINAL
2007-10-14,20.088,20.207,-0.12,FINAL
2007-10-15,20.07,20.203,-0.134,FINAL
2007-10-16,20.061,20.199,-0.139,FINAL
2007-10-17,20.039,20.196,-0.157,FINAL
2007-10-18,20.053,20.192,-0.139,FINAL
2007-10-19,20.049,20.189,-0.14,FINAL
2007-10-20,20.048,20.185,-0.137,FINAL
2007-10-21,20.039,20.182,-0.143,FINAL
2007-10-22,20.033,20.178,-0.146,FINAL
2007-10-23,20.035,20.175,-0.14,FINAL
2007-10-24,20.031,20.172,-0.141,FINAL
2007-10-25,20.025,20.169,-0.144,FINAL
2007-10-26,20.013,20.166,-0.153,FINAL
2007-10-27,20.009,20.163,-0.154,FINAL
2007-10-28,20.001,20.16,-0.159,FINAL
2007-10-29,20.011,20.157,-0.146,FINAL
2007-10-30,19.999,20.154,-0.155,FINAL
2007-10-31,19.988,20.152,-0.164,FINAL
2007-11-01,19.98,20.149,-0.169,FINAL
2007-11-02,19.969,20.146,-0.178,FINAL
2007-11-03,19.963,20.144,-0.181,FINAL
2007-11-04,19.947,20.142,-0.195,FINAL
2007-11-05,19.968,20.139,-0.171,FINAL
2007-11-06,19.968,20.137,-0.169,FINAL
2007-11-07,19.971,20.135,-0.163,FINAL
2007-11-08,19.982,20.133,-0.151,FINAL
2007-11-09,19.984,20.131,-0.147,FINAL
2007-11-10,19.997,20.129,-0.132,FINAL
2007-11-11,19.965,20.127,-0.162,FINAL
2007-11-12,19.955,20.125,-0.17,FINAL
2007-11-13,19.956,20.124,-0.168,FINAL
2007-11-14,19.959,20.123,-0.163,FINAL
2007-11-15,19.952,20.121,-0.169,FINAL
2007-11-16,19.966,20.12,-0.155,FINAL
2007-11-17,19.958,20.119,-0.161,FINAL
2007-11-18,19.934,20.119,-0.185,FINAL
2007-11-19,19.908,20.118,-0.21,FINAL
2007-11-20,19.898,20.118,-0.219,FINAL
2007-11-21,19.907,20.117,-0.21,FINAL
2007-11-22,19.913,20.117,-0.205,FINAL
2007-11-23,19.926,20.117,-0.192,FINAL
2007-11-24,19.932,20.118,-0.186,FINAL
2007-11-25,19.929,20.118,-0.19,FINAL
2007-11-26,19.931,20.119,-0.188,FINAL
2007-11-27,19.974,20.12,-0.146,FINAL
2007-11-28,19.953,20.121,-0.168,FINAL
2007-11-29,19.928,20.123,-0.195,FINAL
2007-11-30,19.927,20.124,-0.197,FINAL
2007-12-01,19.922,20.126,-0.204,FINAL
2007-12-02,19.916,20.128,-0.212,FINAL
2007-12-03,19.951,20.13,-0.179,FINAL
2007-12-04,19.976,20.132,-0.156,FINAL
2007-12-05,19.968,20.135,-0.167,FINAL
2007-12-06,19.984,20.137,-0.153,FINAL
2007-12-07,19.97,20.14,-0.169,FINAL
2007-12-08,19.963,20.143,-0.18,FINAL
2007-12-09,19.932,20.146,-0.213,FINAL
2007-12-10,19.978,20.149,-0.171,FINAL
2007-12-11,19.946,20.152,-0.206,FINAL
2007-12-12,19.962,20.156,-0.193,FINAL
2007-12-13,19.941,20.159,-0.218,FINAL
2007-12-14,19.972,20.163,-0.19,FINAL
2007-12-15,19.984,20.167,-0.182,FINAL
2007-12-16,20.039,20.17,-0.131,FINAL
2007-12-17,19.996,20.174,-0.178,FINAL
2007-12-18,19.969,20.178,-0.21,FINAL
2007-12-19,19.983,20.182,-0.199,FINAL
2007-12-20,19.974,20.186,-0.212,FINAL
2007-12-21,20.018,20.19,-0.172,FINAL
2007-12-22,20.053,20.194,-0.141,FINAL
2007-12-23,20.054,20.198,-0.144,FINAL
2007-12-24,20.054,20.203,-0.148,FINAL
2007-12-25,20.053,20.207,-0.154,FINAL
2007-12-26,20.058,20.211,-0.154,FINAL
2007-12-27,20.064,20.216,-0.152,FINAL
2007-12-28,20.058,20.22,-0.162,FINAL
2007-12-29,20.055,20.224,-0.17,FINAL
2007-12-30,20.056,20.229,-0.172,FINAL
2007-12-31,20.058,20.233,-0.176,FINAL
2008-01-01,20.052,20.238,-0.186,FINAL
2008-01-02,20.048,20.242,-0.195,FINAL
2008-01-03,20.038,20.247,-0.209,FINAL
2008-01-04,20.026,20.252,-0.226,FINAL
2008-01-05,20.016,20.256,-0.24,FINAL
2008-01-06,20.06,20.261,-0.201,FINAL
2008-01-07,20.079,20.266,-0.187,FINAL
2008-01-08,20.082,20.271,-0.189,FINAL
2008-01-09,20.092,20.276,-0.184,FINAL
2008-01-10,20.108,20.281,-0.173,FINAL
2008-01-11,20.101,20.286,-0.186,FINAL
2008-01-12,20.125,20.291,-0.166,FINAL
2008-01-13,20.135,20.297,-0.161,FINAL
2008-01-14,20.131,20.302,-0.171,FINAL
2008-01-15,20.137,20.307,-0.171,FINAL
2008-01-16,20.119,20.313,-0.193,FINAL
2008-01-17,20.133,20.318,-0.186,FINAL
2008-01-18,20.157,20.324,-0.167,FINAL
2008-01-19,20.141,20.329,-0.189,FINAL
2008-01-20,20.122,20.335,-0.214,FINAL
2008-01-21,20.15,20.341,-0.191,FINAL
2008-01-22,20.146,20.346,-0.201,FINAL
2008-01-23,20.146,20.352,-0.206,FINAL
2008-01-24,20.182,20.358,-0.176,FINAL
2008-01-25,20.207,20.364,-0.157,FINAL
2008-01-26,20.235,20.37,-0.135,FINAL
2008-01-27,20.287,20.375,-0.088,FINAL
2008-01-28,20.266,20.381,-0.115,FINAL
2008-01-29,20.296,20.387,-0.091,FINAL
2008-01-30,20.311,20.392,-0.082,FINAL
2008-01-31,20.348,20.398,-0.05,FINAL
2008-02-01,20.347,20.404,-0.057,FINAL
2008-02-02,20.356,20.409,-0.053,FINAL
2008-02-03,20.335,20.415,-0.08,FINAL
2008-02-04,20.359,20.42,-0.061,FINAL
2008-02-05,20.351,20.425,-0.075,FINAL
2008-02-06,20.346,20.43,-0.085,FINAL
2008-02-07,20.338,20.436,-0.098,FINAL
2008-02-08,20.296,20.44,-0.144,FINAL
2008-02-09,20.296,20.445,-0.149,FINAL
2008-02-10,20.298,20.45,-0.152,FINAL
2008-02-11,20.299,20.455,-0.156,FINAL
2008-02-12,20.3,20.459,-0.159,FINAL
2008-02-13,20.265,20.463,-0.199,FINAL
2008-02-14,20.272,20.468,-0.195,FINAL
2008-02-15,20.289,20.472,-0.183,FINAL
2008-02-16,20.287,20.476,-0.189,FINAL
2008-02-17,20.295,20.48,-0.185,FINAL
2008-02-18,20.302,20.483,-0.181,FINAL
2008-02-19,20.311,20.487,-0.176,FINAL
2008-02-20,20.348,20.49,-0.142,FINAL
2008-02-21,20.332,20.493,-0.162,FINAL
2008-02-22,20.342,20.497,-0.155,FINAL
2008-02-23,20.332,20.5,-0.168,FINAL
2008-02-24,20.317,20.503,-0.186,FINAL
2008-02-25,20.338,20.505,-0.167,FINAL
2008-02-26,20.323,20.508,-0.185,FINAL
2008-02-27,20.334,20.51,-0.176,FINAL
2008-02-28,20.347,20.513,-0.166,FINAL
2008-02-29,20.366,20.514,-0.148,FINAL
2008-03-01,20.366,20.515,-0.149,FINAL
2008-03-02,20.363,20.517,-0.155,FINAL
2008-03-03,20.394,20.52,-0.125,FINAL
2008-03-04,20.415,20.522,-0.107,FINAL
2008-03-05,20.422,20.523,-0.101,FINAL
2008-03-06,20.42,20.525,-0.105,FINAL
2008-03-07,20.405,20.527,-0.122,FINAL
2008-03-08,20.42,20.529,-0.108,FINAL
2008-03-09,20.421,20.53,-0.109,FINAL
2008-03-10,20.422,20.531,-0.11,FINAL
2008-03-11,20.439,20.533,-0.094,FINAL
2008-03-12,20.419,20.534,-0.115,FINAL
2008-03-13,20.419,20.535,-0.116,FINAL
2008-03-14,20.415,20.536,-0.121,FINAL
2008-03-15,20.433,20.537,-0.104,FINAL
2008-03-16,20.444,20.538,-0.093,FINAL
2008-03-17,20.433,20.538,-0.105,FINAL
2008-03-18,20.419,20.539,-0.12,FINAL
2008-03-19,20.431,20.539,-0.108,FINAL
2008-03-20,20.433,20.54,-0.107,FINAL
2008-03-21,20.441,20.54,-0.099,FINAL
2008-03-22,20.43,20.54,-0.11,FINAL
2008-03-23,20.421,20.54,-0.119,FINAL
2008-03-24,20.434,20.54,-0.106,FINAL
2008-03-25,20.425,20.539,-0.114,FINAL
2008-03-26,20.433,20.539,-0.106,FINAL
2008-03-27,20.402,20.538,-0.136,FINAL
2008-03-28,20.41,20.538,-0.127,FINAL
2008-03-29,20.422,20.537,-0.115,FINAL
2008-03-30,20.412,20.536,-0.124,FINAL
2008-03-31,20.405,20.535,-0.13,FINAL
2008-04-01,20.389,20.534,-0.144,FINAL
2008-04-02,20.4,20.532,-0.132,FINAL
2008-04-03,20.405,20.531,-0.126,FINAL
2008-04-04,20.398,20.529,-0.131,FINAL
2008-04-05,20.429,20.528,-0.099,FINAL
2008-04-06,20.443,20.526,-0.083,FINAL
2008-04-07,20.406,20.524,-0.117,FINAL
2008-04-08,20.419,20.522,-0.103,FINAL
2008-04-09,20.428,20.52,-0.092,FINAL
2008-04-10,20.423,20.517,-0.095,FINAL
2008-04-11,20.419,20.515,-0.096,FINAL
2008-04-12,20.413,20.513,-0.099,FINAL
2008-04-13,20.416,20.51,-0.094,FINAL
2008-04-14,20.387,20.508,-0.12,FINAL
2008-04-15,20.397,20.505,-0.108,FINAL
2008-04-16,20.392,20.502,-0.111,FINAL
2008-04-17,20.348,20.5,-0.152,FINAL
2008-04-18,20.348,20.497,-0.149,FINAL
2008-04-19,20.338,20.494,-0.156,FINAL
2008-04-20,20.363,20.491,-0.128,FINAL
2008-04-21,20.35,20.488,-0.138,FINAL
2008-04-22,20.344,20.485,-0.141,FINAL
2008-04-23,20.35,20.482,-0.132,FINAL
2008-04-24,20.345,20.479,-0.134,FINAL
2008-04-25,20.344,20.476,-0.132,FINAL
2008-04-26,20.325,20.473,-0.148,FINAL
2008-04-27,20.317,20.469,-0.152,FINAL
2008-04-28,20.339,20.466,-0.127,FINAL
2008-04-29,20.334,20.463,-0.129,FINAL
2008-04-30,20.329,20.46,-0.13,FINAL
2008-05-01,20.313,20.457,-0.143,FINAL
2008-05-02,20.317,20.453,-0.136,FINAL
2008-05-03,20.293,20.45,-0.157,FINAL
2008-05-04,20.264,20.447,-0.183,FINAL
2008-05-05,20.24,20.444,-0.204,FINAL
2008-05-06,20.296,20.441,-0.145,FINAL
2008-05-07,20.321,20.437,-0.116,FINAL
2008-05-08,20.329,20.434,-0.105,FINAL
2008-05-09,20.333,20.431,-0.098,FINAL
2008-05-10,20.326,20.428,-0.102,FINAL
2008-05-11,20.301,20.425,-0.123,FINAL
2008-05-12,20.314,20.421,-0.107,FINAL
2008-05-13,20.325,20.418,-0.093,FINAL
2008-05-14,20.309,20.415,-0.106,FINAL
2008-05-15,20.324,20.412,-0.088,FINAL
2008-05-16,20.333,20.409,-0.076,FINAL
2008-05-17,20.338,20.406,-0.068,FINAL
2008-05-18,20.328,20.403,-0.075,FINAL
2008-05-19,20.325,20.4,-0.075,FINAL
2008-05-20,20.319,20.397,-0.078,FINAL
2008-05-21,20.325,20.394,-0.07,FINAL
2008-05-22,20.294,20.392,-0.097,FINAL
2008-05-23,20.264,20.389,-0.125,FINAL
2008-05-24,20.275,20.386,-0.111,FINAL
2008-05-25,20.278,20.383,-0.105,FINAL
2008-05-26,20.278,20.381,-0.103,FINAL
2008-05-27,20.28,20.378,-0.098,FINAL
2008-05-28,20.269,20.376,-0.107,FINAL
2008-05-29,20.262,20.374,-0.112,FINAL
2008-05-30,20.272,20.371,-0.099,FINAL
2008-05-31,20.275,20.369,-0.094,FINAL
2008-06-01,20.286,20.367,-0.081,FINAL
2008-06-02,20.25,20.365,-0.115,FINAL
2008-06-03,20.261,20.363,-0.102,FINAL
2008-06-04,20.23,20.361,-0.132,FINAL
2008-06-05,20.251,20.36,-0.109,FINAL
2008-06-06,20.23,20.358,-0.128,FINAL
2008-06-07,20.238,20.357,-0.118,FINAL
2008-06-08,20.224,20.355,-0.132,FINAL
2008-06-09,20.226,20.354,-0.128,FINAL
2008-06-10,20.229,20.353,-0.123,FINAL
2008-06-11,20.212,20.352,-0.14,FINAL
2008-06-12,20.213,20.351,-0.138,FINAL
2008-06-13,20.206,20.35,-0.144,FINAL
2008-06-14,20.21,20.349,-0.139,FINAL
2008-06-15,20.211,20.349,-0.138,FINAL
2008-06-16,20.212,20.348,-0.136,FINAL
2008-06-17,20.209,20.348,-0.138,FINAL
2008-06-18,20.224,20.347,-0.124,FINAL
2008-06-19,20.19,20.347,-0.157,FINAL
2008-06-20,20.224,20.347,-0.123,FINAL
2008-06-21,20.289,20.347,-0.058,FINAL
2008-06-22,20.287,20.347,-0.06,FINAL
2008-06-23,20.267,20.348,-0.08,FINAL
2008-06-24,20.269,20.348,-0.079,FINAL
2008-06-25,20.279,20.348,-0.069,FINAL
2008-06-26,20.266,20.349,-0.083,FINAL
2008-06-27,20.282,20.349,-0.067,FINAL
2008-06-28,20.292,20.35,-0.058,FINAL
2008-06-29,20.296,20.351,-0.055,FINAL
2008-06-30,20.29,20.352,-0.061,FINAL
2008-07-01,20.283,20.353,-0.069,FINAL
2008-07-02,20.311,20.354,-0.043,FINAL
2008-07-03,20.332,20.355,-0.023,FINAL
2008-07-04,20.324,20.356,-0.032,FINAL
2008-07-05,20.331,20.358,-0.027,FINAL
2008-07-06,20.341,20.359,-0.018,FINAL
2008-07-07,20.337,20.36,-0.023,FINAL
2008-07-08,20.343,20.362,-0.019,FINAL
2008-07-09,20.322,20.363,-0.041,FINAL
2008-07-10,20.342,20.365,-0.023,FINAL
2008-07-11,20.357,20.367,-0.009,FINAL
2008-07-12,20.371,20.369,0.002,FINAL
2008-07-13,20.372,20.37,0.002,FINAL
2008-07-14,20.378,20.372,0.006,FINAL
2008-07-15,20.392,20.374,0.017,FINAL
2008-07-16,20.376,20.376,-0.001,FINAL
2008-07-17,20.38,20.378,0.002,FINAL
2008-07-18,20.371,20.38,-0.009,FINAL
2008-07-19,20.374,20.383,-0.008,FINAL
2008-07-20,20.377,20.385,-0.008,FINAL
2008-07-21,20.337,20.387,-0.05,FINAL
2008-07-22,20.365,20.389,-0.024,FINAL
2008-07-23,20.358,20.391,-0.033,FINAL
2008-07-24,20.369,20.394,-0.025,FINAL
2008-07-25,20.372,20.396,-0.024,FINAL
2008-07-26,20.368,20.398,-0.03,FINAL
2008-07-27,20.378,20.401,-0.022,FINAL
2008-07-28,20.393,20.403,-0.01,FINAL
2008-07-29,20.369,20.405,-0.036,FINAL
2008-07-30,20.364,20.407,-0.043,FINAL
2008-07-31,20.375,20.41,-0.035,FINAL
2008-08-01,20.379,20.412,-0.033,FINAL
2008-08-02,20.392,20.414,-0.021,FINAL
2008-08-03,20.397,20.416,-0.019,FINAL
2008-08-04,20.408,20.418,-0.01,FINAL
2008-08-05,20.418,20.42,-0.002,FINAL
2008-08-06,20.44,20.422,0.018,FINAL
2008-08-07,20.41,20.424,-0.014,FINAL
2008-08-08,20.415,20.426,-0.011,FINAL
2008-08-09,20.426,20.427,-0.001,FINAL
2008-08-10,20.45,20.429,0.021,FINAL
2008-08-11,20.435,20.43,0.005,FINAL
2008-08-12,20.452,20.431,0.021,FINAL
2008-08-13,20.448,20.432,0.015,FINAL
2008-08-14,20.447,20.433,0.013,FINAL
2008-08-15,20.456,20.434,0.021,FINAL
2008-08-16,20.445,20.435,0.01,FINAL
2008-08-17,20.438,20.435,0.003,FINAL
2008-08-18,20.426,20.436,-0.01,FINAL
2008-08-19,20.416,20.436,-0.02,FINAL
2008-08-20,20.393,20.436,-0.043,FINAL
2008-08-21,20.401,20.436,-0.034,FINAL
2008-08-22,20.401,20.435,-0.034,FINAL
2008-08-23,20.402,20.434,-0.032,FINAL
2008-08-24,20.422,20.433,-0.011,FINAL
2008-08-25,20.433,20.432,0.001,FINAL
2008-08-26,20.448,20.431,0.017,FINAL
2008-08-27,20.433,20.429,0.003,FINAL
2008-08-28,20.445,20.428,0.017,FINAL
2008-08-29,20.443,20.426,0.018,FINAL
2008-08-30,20.443,20.423,0.019,FINAL
2008-08-31,20.434,20.421,0.013,FINAL
2008-09-01,20.433,20.418,0.015,FINAL
2008-09-02,20.414,20.415,-0.001,FINAL
2008-09-03,20.401,20.412,-0.011,FINAL
2008-09-04,20.388,20.409,-0.02,FINAL
2008-09-05,20.414,20.405,0.009,FINAL
2008-09-06,20.403,20.401,0.001,FINAL
2008-09-07,20.409,20.397,0.011,FINAL
2008-09-08,20.397,20.393,0.003,FINAL
2008-09-09,20.398,20.389,0.009,FINAL
2008-09-10,20.392,20.384,0.007,FINAL
2008-09-11,20.375,20.379,-0.005,FINAL
2008-09-12,20.379,20.375,0.004,FINAL
2008-09-13,20.377,20.37,0.007,FINAL
2008-09-14,20.42,20.364,0.056,FINAL
2008-09-15,20.409,20.359,0.05,FINAL
2008-09-16,20.382,20.354,0.028,FINAL
2008-09-17,20.391,20.348,0.043,FINAL
2008-09-18,20.37,20.343,0.028,FINAL
2008-09-19,20.353,20.337,0.016,FINAL
2008-09-20,20.349,20.331,0.018,FINAL
2008-09-21,20.344,20.326,0.018,FINAL
2008-09-22,20.337,20.32,0.017,FINAL
2008-09-23,20.309,20.314,-0.005,FINAL
2008-09-24,20.289,20.308,-0.019,FINAL
2008-09-25,20.325,20.303,0.022,FINAL
2008-09-26,20.322,20.297,0.025,FINAL
2008-09-27,20.313,20.291,0.022,FINAL
2008-09-28,20.3,20.286,0.015,FINAL
2008-09-29,20.296,20.28,0.016,FINAL
2008-09-30,20.301,20.274,0.026,FINAL
2008-10-01,20.283,20.269,0.014,FINAL
2008-10-02,20.29,20.264,0.026,FINAL
2008-10-03,20.289,20.258,0.03,FINAL
2008-10-04,20.295,20.253,0.042,FINAL
2008-10-05,20.29,20.248,0.042,FINAL
2008-10-06,20.305,20.243,0.062,FINAL
2008-10-07,20.278,20.238,0.04,FINAL
2008-10-08,20.26,20.233,0.026,FINAL
2008-10-09,20.262,20.229,0.033,FINAL
2008-10-10,20.25,20.224,0.026,FINAL
2008-10-11,20.248,20.22,0.028,FINAL
2008-10-12,20.235,20.216,0.019,FINAL
2008-10-13,20.219,20.211,0.008,FINAL
2008-10-14,20.233,20.207,0.025,FINAL
2008-10-15,20.238,20.203,0.034,FINAL
2008-10-16,20.228,20.199,0.028,FINAL
2008-10-17,20.224,20.196,0.028,FINAL
2008-10-18,20.251,20.192,0.059,FINAL
2008-10-19,20.256,20.189,0.068,FINAL
2008-10-20,20.25,20.185,0.065,FINAL
2008-10-21,20.217,20.182,0.035,FINAL
2008-10-22,20.198,20.178,0.02,FINAL
2008-10-23,20.179,20.175,0.003,FINAL
2008-10-24,20.165,20.172,-0.007,FINAL
2008-10-25,20.152,20.169,-0.017,FINAL
2008-10-26,20.152,20.166,-0.013,FINAL
2008-10-27,20.121,20.163,-0.042,FINAL
2008-10-28,20.116,20.16,-0.044,FINAL
2008-10-29,20.091,20.157,-0.067,FINAL
2008-10-30,20.075,20.154,-0.079,FINAL
2008-10-31,20.104,20.152,-0.047,FINAL
2008-11-01,20.119,20.149,-0.031,FINAL
2008-11-02,20.121,20.146,-0.025,FINAL
2008-11-03,20.128,20.144,-0.016,FINAL
2008-11-04,20.124,20.142,-0.018,FINAL
2008-11-05,20.127,20.139,-0.012,FINAL
2008-11-06,20.116,20.137,-0.021,FINAL
2008-11-07,20.12,20.135,-0.014,FINAL
2008-11-08,20.115,20.133,-0.018,FINAL
2008-11-09,20.129,20.131,-0.002,FINAL
2008-11-10,20.119,20.129,-0.01,FINAL
2008-11-11,20.112,20.127,-0.015,FINAL
2008-11-12,20.115,20.125,-0.01,FINAL
2008-11-13,20.119,20.124,-0.005,FINAL
2008-11-14,20.117,20.123,-0.005,FINAL
2008-11-15,20.124,20.121,0.003,FINAL
2008-11-16,20.138,20.12,0.018,FINAL
2008-11-17,20.117,20.119,-0.002,FINAL
2008-11-18,20.106,20.119,-0.013,FINAL
2008-11-19,20.094,20.118,-0.024,FINAL
2008-11-20,20.093,20.118,-0.024,FINAL
2008-11-21,20.08,20.117,-0.038,FINAL
2008-11-22,20.072,20.117,-0.046,FINAL
2008-11-23,20.06,20.117,-0.058,FINAL
2008-11-24,20.038,20.118,-0.08,FINAL
2008-11-25,20.039,20.118,-0.079,FINAL
2008-11-26,20.054,20.119,-0.065,FINAL
2008-11-27,20.082,20.12,-0.038,FINAL
2008-11-28,20.072,20.121,-0.049,FINAL
2008-11-29,20.054,20.123,-0.068,FINAL
2008-11-30,20.034,20.124,-0.09,FINAL
2008-12-01,20.045,20.126,-0.081,FINAL
2008-12-02,20.057,20.128,-0.07,FINAL
2008-12-03,20.055,20.13,-0.075,FINAL
2008-12-04,20.067,20.132,-0.066,FINAL
2008-12-05,20.094,20.135,-0.041,FINAL
2008-12-06,20.121,20.137,-0.016,FINAL
2008-12-07,20.139,20.14,-0.001,FINAL
2008-12-08,20.136,20.143,-0.007,FINAL
2008-12-09,20.107,20.146,-0.039,FINAL
2008-12-10,20.133,20.149,-0.016,FINAL
2008-12-11,20.151,20.152,-0.001,FINAL
2008-12-12,20.145,20.156,-0.011,FINAL
2008-12-13,20.163,20.159,0.004,FINAL
2008-12-14,20.171,20.163,0.008,FINAL
2008-12-15,20.163,20.167,-0.004,FINAL
2008-12-16,20.181,20.17,0.011,FINAL
2008-12-17,20.191,20.174,0.017,FINAL
2008-12-18,20.217,20.178,0.038,FINAL
2008-12-19,20.234,20.182,0.052,FINAL
2008-12-20,20.231,20.186,0.045,FINAL
2008-12-21,20.227,20.19,0.037,FINAL
2008-12-22,20.221,20.194,0.027,FINAL
2008-12-23,20.201,20.198,0.003,FINAL
2008-12-24,20.198,20.203,-0.004,FINAL
2008-12-25,20.207,20.207,-0.0,FINAL
2008-12-26,20.184,20.211,-0.027,FINAL
2008-12-27,20.178,20.216,-0.037,FINAL
2008-12-28,20.198,20.22,-0.022,FINAL
2008-12-29,20.247,20.224,0.022,FINAL
2008-12-30,20.26,20.229,0.032,FINAL
2008-12-31,20.285,20.233,0.052,FINAL
2009-01-01,20.276,20.238,0.038,FINAL
2009-01-02,20.304,20.242,0.061,FINAL
2009-01-03,20.318,20.247,0.071,FINAL
2009-01-04,20.341,20.252,0.089,FINAL
2009-01-05,20.342,20.256,0.086,FINAL
2009-01-06,20.356,20.261,0.095,FINAL
2009-01-07,20.355,20.266,0.089,FINAL
2009-01-08,20.341,20.271,0.069,FINAL
2009-01-09,20.332,20.276,0.056,FINAL
2009-01-10,20.32,20.281,0.039,FINAL
2009-01-11,20.297,20.286,0.011,FINAL
2009-01-12,20.288,20.291,-0.003,FINAL
2009-01-13,20.286,20.297,-0.011,FINAL
2009-01-14,20.296,20.302,-0.006,FINAL
2009-01-15,20.279,20.307,-0.028,FINAL
2009-01-16,20.257,20.313,-0.056,FINAL
2009-01-17,20.262,20.318,-0.057,FINAL
2009-01-18,20.286,20.324,-0.038,FINAL
2009-01-19,20.303,20.329,-0.026,FINAL
2009-01-20,20.299,20.335,-0.036,FINAL
2009-01-21,20.321,20.341,-0.02,FINAL
2009-01-22,20.326,20.346,-0.021,FINAL
2009-01-23,20.34,20.352,-0.012,FINAL
2009-01-24,20.345,20.358,-0.013,FINAL
2009-01-25,20.351,20.364,-0.013,FINAL
2009-01-26,20.348,20.37,-0.021,FINAL
2009-01-27,20.361,20.375,-0.015,FINAL
2009-01-28,20.355,20.381,-0.026,FINAL
2009-01-29,20.395,20.387,0.008,FINAL
2009-01-30,20.404,20.392,0.011,FINAL
2009-01-31,20.411,20.398,0.013,FINAL
2009-02-01,20.424,20.404,0.021,FINAL
2009-02-02,20.415,20.409,0.006,FINAL
2009-02-03,20.42,20.415,0.005,FINAL
2009-02-04,20.424,20.42,0.004,FINAL
2009-02-05,20.421,20.425,-0.004,FINAL
2009-02-06,20.4,20.43,-0.03,FINAL
2009-02-07,20.384,20.436,-0.052,FINAL
2009-02-08,20.359,20.44,-0.081,FINAL
2009-02-09,20.391,20.445,-0.055,FINAL
2009-02-10,20.404,20.45,-0.046,FINAL
2009-02-11,20.417,20.455,-0.037,FINAL
2009-02-12,20.425,20.459,-0.035,FINAL
2009-02-13,20.43,20.463,-0.034,FINAL
2009-02-14,20.407,20.468,-0.061,FINAL
2009-02-15,20.416,20.472,-0.055,FINAL
2009-02-16,20.437,20.476,-0.039,FINAL
2009-02-17,20.465,20.48,-0.015,FINAL
2009-02-18,20.454,20.483,-0.029,FINAL
2009-02-19,20.472,20.487,-0.015,FINAL
2009-02-20,20.492,20.49,0.002,FINAL
2009-02-21,20.497,20.493,0.004,FINAL
2009-02-22,20.509,20.497,0.013,FINAL
2009-02-23,20.505,20.5,0.005,FINAL
2009-02-24,20.487,20.503,-0.016,FINAL
2009-02-25,20.51,20.505,0.005,FINAL
2009-02-26,20.503,20.508,-0.005,FINAL
2009-02-27,20.502,20.51,-0.009,FINAL
2009-02-28,20.517,20.513,0.004,FINAL
2009-03-01,20.516,20.515,0.001,FINAL
2009-03-02,20.518,20.517,0.001,FINAL
2009-03-03,20.523,20.52,0.004,FINAL
2009-03-04,20.501,20.522,-0.021,FINAL
2009-03-05,20.471,20.523,-0.053,FINAL
2009-03-06,20.482,20.525,-0.044,FINAL
2009-03-07,20.489,20.527,-0.038,FINAL
2009-03-08,20.486,20.529,-0.042,FINAL
2009-03-09,20.492,20.53,-0.038,FINAL
2009-03-10,20.5,20.531,-0.032,FINAL
2009-03-11,20.528,20.533,-0.005,FINAL
2009-03-12,20.542,20.534,0.008,FINAL
2009-03-13,20.546,20.535,0.011,FINAL
2009-03-14,20.534,20.536,-0.002,FINAL
2009-03-15,20.504,20.537,-0.033,FINAL
2009-03-16,20.511,20.538,-0.027,FINAL
2009-03-17,20.51,20.538,-0.028,FINAL
2009-03-18,20.491,20.539,-0.048,FINAL
2009-03-19,20.516,20.539,-0.023,FINAL
2009-03-20,20.528,20.54,-0.012,FINAL
2009-03-21,20.54,20.54,0.0,FINAL
2009-03-22,20.532,20.54,-0.008,FINAL
2009-03-23,20.544,20.54,0.004,FINAL
2009-03-24,20.529,20.54,-0.01,FINAL
2009-03-25,20.545,20.539,0.006,FINAL
2009-03-26,20.554,20.539,0.015,FINAL
2009-03-27,20.564,20.538,0.026,FINAL
2009-03-28,20.574,20.538,0.036,FINAL
2009-03-29,20.582,20.537,0.045,FINAL
2009-03-30,20.585,20.536,0.049,FINAL
2009-03-31,20.58,20.535,0.045,FINAL
2009-04-01,20.542,20.534,0.008,FINAL
2009-04-02,20.544,20.532,0.012,FINAL
2009-04-03,20.546,20.531,0.015,FINAL
2009-04-04,20.544,20.529,0.015,FINAL
2009-04-05,20.537,20.528,0.009,FINAL
2009-04-06,20.55,20.526,0.025,FINAL
2009-04-07,20.557,20.524,0.033,FINAL
2009-04-08,20.555,20.522,0.033,FINAL
2009-04-09,20.553,20.52,0.033,FINAL
2009-04-10,20.57,20.517,0.052,FINAL
2009-04-11,20.541,20.515,0.026,FINAL
2009-04-12,20.537,20.513,0.024,FINAL
2009-04-13,20.53,20.51,0.02,FINAL
2009-04-14,20.498,20.508,-0.009,FINAL
2009-04-15,20.485,20.505,-0.02,FINAL
2009-04-16,20.479,20.502,-0.024,FINAL
2009-04-17,20.463,20.5,-0.037,FINAL
2009-04-18,20.494,20.497,-0.003,FINAL
2009-04-19,20.514,20.494,0.02,FINAL
2009-04-20,20.485,20.491,-0.006,FINAL
2009-04-21,20.483,20.488,-0.005,FINAL
2009-04-22,20.461,20.485,-0.024,FINAL
2009-04-23,20.462,20.482,-0.02,FINAL
2009-04-24,20.46,20.479,-0.018,FINAL
2009-04-25,20.455,20.476,-0.02,FINAL
2009-04-26,20.474,20.473,0.001,FINAL
2009-04-27,20.475,20.469,0.005,FINAL
2009-04-28,20.482,20.466,0.015,FINAL
2009-04-29,20.464,20.463,0.001,FINAL
2009-04-30,20.461,20.46,0.001,FINAL
2009-05-01,20.476,20.457,0.019,FINAL
2009-05-02,20.459,20.453,0.005,FINAL
2009-05-03,20.45,20.45,-0.0,FINAL
2009-05-04,20.464,20.447,0.017,FINAL
2009-05-05,20.485,20.444,0.041,FINAL
2009-05-06,20.496,20.441,0.056,FINAL
2009-05-07,20.495,20.437,0.057,FINAL
2009-05-08,20.515,20.434,0.081,FINAL
2009-05-09,20.513,20.431,0.083,FINAL
2009-05-10,20.503,20.428,0.076,FINAL
2009-05-11,20.484,20.425,0.06,FINAL
2009-05-12,20.472,20.421,0.051,FINAL
2009-05-13,20.457,20.418,0.038,FINAL
2009-05-14,20.471,20.415,0.056,FINAL
2009-05-15,20.462,20.412,0.05,FINAL
2009-05-16,20.451,20.409,0.042,FINAL
2009-05-17,20.451,20.406,0.045,FINAL
2009-05-18,20.472,20.403,0.069,FINAL
2009-05-19,20.468,20.4,0.068,FINAL
2009-05-20,20.451,20.397,0.054,FINAL
2009-05-21,20.428,20.394,0.034,FINAL
2009-05-22,20.436,20.392,0.044,FINAL
2009-05-23,20.435,20.389,0.047,FINAL
2009-05-24,20.428,20.386,0.042,FINAL
2009-05-25,20.447,20.383,0.064,FINAL
2009-05-26,20.464,20.381,0.084,FINAL
2009-05-27,20.481,20.378,0.103,FINAL
2009-05-28,20.458,20.376,0.082,FINAL
2009-05-29,20.456,20.374,0.082,FINAL
2009-05-30,20.43,20.371,0.059,FINAL
2009-05-31,20.409,20.369,0.039,FINAL
2009-06-01,20.409,20.367,0.042,FINAL
2009-06-02,20.41,20.365,0.045,FINAL
2009-06-03,20.438,20.363,0.075,FINAL
2009-06-04,20.459,20.361,0.098,FINAL
2009-06-05,20.443,20.36,0.083,FINAL
2009-06-06,20.432,20.358,0.074,FINAL
2009-06-07,20.416,20.357,0.06,FINAL
2009-06-08,20.457,20.355,0.102,FINAL
2009-06-09,20.475,20.354,0.121,FINAL
2009-06-10,20.465,20.353,0.112,FINAL
2009-06-11,20.478,20.352,0.127,FINAL
2009-06-12,20.498,20.351,0.148,FINAL
2009-06-13,20.48,20.35,0.13,FINAL
2009-06-14,20.474,20.349,0.125,FINAL
2009-06-15,20.502,20.349,0.154,FINAL
2009-06-16,20.502,20.348,0.154,FINAL
2009-06-17,20.506,20.348,0.158,FINAL
2009-06-18,20.532,20.347,0.184,FINAL
2009-06-19,20.524,20.347,0.176,FINAL
2009-06-20,20.484,20.347,0.136,FINAL
2009-06-21,20.454,20.347,0.107,FINAL
2009-06-22,20.493,20.347,0.146,FINAL
2009-06-23,20.496,20.348,0.148,FINAL
2009-06-24,20.482,20.348,0.135,FINAL
2009-06-25,20.509,20.348,0.16,FINAL
2009-06-26,20.499,20.349,0.151,FINAL
2009-06-27,20.509,20.349,0.16,FINAL
2009-06-28,20.539,20.35,0.189,FINAL
2009-06-29,20.496,20.351,0.145,FINAL
2009-06-30,20.505,20.352,0.153,FINAL
2009-07-01,20.526,20.353,0.173,FINAL
2009-07-02,20.509,20.354,0.155,FINAL
2009-07-03,20.513,20.355,0.158,FINAL
2009-07-04,20.53,20.356,0.174,FINAL
2009-07-05,20.541,20.358,0.184,FINAL
2009-07-06,20.507,20.359,0.148,FINAL
2009-07-07,20.472,20.36,0.111,FINAL
2009-07-08,20.435,20.362,0.073,FINAL
2009-07-09,20.486,20.363,0.123,FINAL
2009-07-10,20.485,20.365,0.12,FINAL
2009-07-11,20.474,20.367,0.107,FINAL
2009-07-12,20.468,20.369,0.099,FINAL
2009-07-13,20.457,20.37,0.087,FINAL
2009-07-14,20.452,20.372,0.08,FINAL
2009-07-15,20.459,20.374,0.084,FINAL
2009-07-16,20.462,20.376,0.086,FINAL
2009-07-17,20.477,20.378,0.099,FINAL
2009-07-18,20.47,20.38,0.09,FINAL
2009-07-19,20.469,20.383,0.086,FINAL
2009-07-20,20.485,20.385,0.1,FINAL
2009-07-21,20.492,20.387,0.105,FINAL
2009-07-22,20.499,20.389,0.109,FINAL
2009-07-23,20.487,20.391,0.096,FINAL
2009-07-24,20.495,20.394,0.101,FINAL
2009-07-25,20.495,20.396,0.099,FINAL
2009-07-26,20.484,20.398,0.086,FINAL
2009-07-27,20.494,20.401,0.093,FINAL
2009-07-28,20.494,20.403,0.091,FINAL
2009-07-29,20.486,20.405,0.08,FINAL
2009-07-30,20.487,20.407,0.079,FINAL
2009-07-31,20.493,20.41,0.084,FINAL
2009-08-01,20.497,20.412,0.085,FINAL
2009-08-02,20.492,20.414,0.078,FINAL
2009-08-03,20.504,20.416,0.088,FINAL
2009-08-04,20.503,20.418,0.085,FINAL
2009-08-05,20.481,20.42,0.061,FINAL
2009-08-06,20.51,20.422,0.088,FINAL
2009-08-07,20.498,20.424,0.074,FINAL
2009-08-08,20.501,20.426,0.075,FINAL
2009-08-09,20.507,20.427,0.08,FINAL
2009-08-10,20.512,20.429,0.083,FINAL
2009-08-11,20.507,20.43,0.077,FINAL
2009-08-12,20.53,20.431,0.098,FINAL
2009-08-13,20.537,20.432,0.105,FINAL
2009-08-14,20.542,20.433,0.109,FINAL
2009-08-15,20.542,20.434,0.108,FINAL
2009-08-16,20.563,20.435,0.128,FINAL
2009-08-17,20.553,20.435,0.117,FINAL
2009-08-18,20.552,20.436,0.116,FINAL
2009-08-19,20.553,20.436,0.117,FINAL
2009-08-20,20.56,20.436,0.124,FINAL
2009-08-21,20.539,20.436,0.103,FINAL
2009-08-22,20.539,20.435,0.104,FINAL
2009-08-23,20.549,20.434,0.115,FINAL
2009-08-24,20.528,20.433,0.095,FINAL
2009-08-25,20.523,20.432,0.09,FINAL
2009-08-26,20.522,20.431,0.091,FINAL
2009-08-27,20.521,20.429,0.092,FINAL
2009-08-28,20.504,20.428,0.076,FINAL
2009-08-29,20.531,20.426,0.105,FINAL
2009-08-30,20.507,20.423,0.083,FINAL
2009-08-31,20.506,20.421,0.085,FINAL
2009-09-01,20.513,20.418,0.095,FINAL
2009-09-02,20.493,20.415,0.078,FINAL
2009-09-03,20.471,20.412,0.059,FINAL
2009-09-04,20.474,20.409,0.065,FINAL
2009-09-05,20.46,20.405,0.055,FINAL
2009-09-06,20.447,20.401,0.046,FINAL
2009-09-07,20.455,20.397,0.058,FINAL
2009-09-08,20.41,20.393,0.017,FINAL
2009-09-09,20.406,20.389,0.017,FINAL
2009-09-10,20.397,20.384,0.013,FINAL
2009-09-11,20.375,20.379,-0.004,FINAL
2009-09-12,20.401,20.375,0.026,FINAL
2009-09-13,20.434,20.37,0.064,FINAL
2009-09-14,20.432,20.364,0.068,FINAL
2009-09-15,20.433,20.359,0.074,FINAL
2009-09-16,20.437,20.354,0.083,FINAL
2009-09-17,20.435,20.348,0.087,FINAL
2009-09-18,20.41,20.343,0.068,FINAL
2009-09-19,20.41,20.337,0.073,FINAL
2009-09-20,20.407,20.331,0.076,FINAL
2009-09-21,20.402,20.326,0.077,FINAL
2009-09-22,20.42,20.32,0.1,FINAL
2009-09-23,20.42,20.314,0.106,FINAL
2009-09-24,20.415,20.308,0.107,FINAL
2009-09-25,20.416,20.303,0.113,FINAL
2009-09-26,20.39,20.297,0.094,FINAL
2009-09-27,20.373,20.291,0.082,FINAL
2009-09-28,20.357,20.286,0.071,FINAL
2009-09-29,20.34,20.28,0.06,FINAL
2009-09-30,20.338,20.274,0.064,FINAL
2009-10-01,20.345,20.269,0.076,FINAL
2009-10-02,20.346,20.264,0.082,FINAL
2009-10-03,20.361,20.258,0.102,FINAL
2009-10-04,20.36,20.253,0.106,FINAL
2009-10-05,20.368,20.248,0.12,FINAL
2009-10-06,20.362,20.243,0.119,FINAL
2009-10-07,20.349,20.238,0.111,FINAL
2009-10-08,20.365,20.233,0.132,FINAL
2009-10-09,20.329,20.229,0.1,FINAL
2009-10-10,20.33,20.224,0.106,FINAL
2009-10-11,20.332,20.22,0.112,FINAL
2009-10-12,20.328,20.216,0.113,FINAL
2009-10-13,20.327,20.211,0.116,FINAL
2009-10-14,20.347,20.207,0.14,FINAL
2009-10-15,20.338,20.203,0.134,FINAL
2009-10-16,20.349,20.199,0.149,FINAL
2009-10-17,20.349,20.196,0.153,FINAL
2009-10-18,20.346,20.192,0.154,FINAL
2009-10-19,20.316,20.189,0.128,FINAL
2009-10-20,20.324,20.185,0.139,FINAL
2009-10-21,20.326,20.182,0.144,FINAL
2009-10-22,20.314,20.178,0.136,FINAL
2009-10-23,20.308,20.175,0.133,FINAL
2009-10-24,20.296,20.172,0.124,FINAL
2009-10-25,20.298,20.169,0.129,FINAL
2009-10-26,20.314,20.166,0.149,FINAL
2009-10-27,20.282,20.163,0.12,FINAL
2009-10-28,20.266,20.16,0.106,FINAL
2009-10-29,20.266,20.157,0.109,FINAL
2009-10-30,20.268,20.154,0.114,FINAL
2009-10-31,20.25,20.152,0.098,FINAL
2009-11-01,20.265,20.149,0.116,FINAL
2009-11-02,20.255,20.146,0.108,FINAL
2009-11-03,20.256,20.144,0.112,FINAL
2009-11-04,20.247,20.142,0.106,FINAL
2009-11-05,20.234,20.139,0.095,FINAL
2009-11-06,20.236,20.137,0.099,FINAL
2009-11-07,20.246,20.135,0.111,FINAL
2009-11-08,20.22,20.133,0.088,FINAL
2009-11-09,20.261,20.131,0.131,FINAL
2009-11-10,20.245,20.129,0.116,FINAL
2009-11-11,20.241,20.127,0.114,FINAL
2009-11-12,20.252,20.125,0.126,FINAL
2009-11-13,20.266,20.124,0.142,FINAL
2009-11-14,20.271,20.123,0.149,FINAL
2009-11-15,20.291,20.121,0.169,FINAL
2009-11-16,20.28,20.12,0.159,FINAL
2009-11-17,20.265,20.119,0.146,FINAL
2009-11-18,20.255,20.119,0.136,FINAL
2009-11-19,20.239,20.118,0.121,FINAL
2009-11-20,20.226,20.118,0.108,FINAL
2009-11-21,20.237,20.117,0.119,FINAL
2009-11-22,20.217,20.117,0.1,FINAL
2009-11-23,20.22,20.117,0.102,FINAL
2009-11-24,20.218,20.118,0.1,FINAL
2009-11-25,20.233,20.118,0.115,FINAL
2009-11-26,20.232,20.119,0.112,FINAL
2009-11-27,20.241,20.12,0.121,FINAL
2009-11-28,20.234,20.121,0.113,FINAL
2009-11-29,20.226,20.123,0.104,FINAL
2009-11-30,20.231,20.124,0.107,FINAL
2009-12-01,20.227,20.126,0.102,FINAL
2009-12-02,20.237,20.128,0.109,FINAL
2009-12-03,20.251,20.13,0.121,FINAL
2009-12-04,20.272,20.132,0.14,FINAL
2009-12-05,20.258,20.135,0.124,FINAL
2009-12-06,20.258,20.137,0.121,FINAL
2009-12-07,20.294,20.14,0.154,FINAL
2009-12-08,20.315,20.143,0.172,FINAL
2009-12-09,20.335,20.146,0.189,FINAL
2009-12-10,20.343,20.149,0.194,FINAL
2009-12-11,20.358,20.152,0.206,FINAL
2009-12-12,20.379,20.156,0.224,FINAL
2009-12-13,20.369,20.159,0.21,FINAL
2009-12-14,20.328,20.163,0.165,FINAL
2009-12-15,20.354,20.167,0.187,FINAL
2009-12-16,20.352,20.17,0.182,FINAL
2009-12-17,20.372,20.174,0.198,FINAL
2009-12-18,20.357,20.178,0.178,FINAL
2009-12-19,20.362,20.182,0.18,FINAL
2009-12-20,20.361,20.186,0.175,FINAL
2009-12-21,20.369,20.19,0.179,FINAL
2009-12-22,20.386,20.194,0.192,FINAL
2009-12-23,20.391,20.198,0.193,FINAL
2009-12-24,20.393,20.203,0.191,FINAL
2009-12-25,20.405,20.207,0.198,FINAL
2009-12-26,20.431,20.211,0.219,FINAL
2009-12-27,20.479,20.216,0.264,FINAL
2009-12-28,20.474,20.22,0.254,FINAL
2009-12-29,20.466,20.224,0.242,FINAL
2009-12-30,20.45,20.229,0.221,FINAL
2009-12-31,20.439,20.233,0.206,FINAL
2010-01-01,20.431,20.238,0.194,FINAL
2010-01-02,20.437,20.242,0.195,FINAL
2010-01-03,20.474,20.247,0.227,FINAL
2010-01-04,20.467,20.252,0.216,FINAL
2010-01-05,20.46,20.256,0.203,FINAL
2010-01-06,20.457,20.261,0.195,FINAL
2010-01-07,20.455,20.266,0.189,FINAL
2010-01-08,20.465,20.271,0.194,FINAL
2010-01-09,20.484,20.276,0.208,FINAL
2010-01-10,20.47,20.281,0.189,FINAL
2010-01-11,20.457,20.286,0.171,FINAL
2010-01-12,20.433,20.291,0.142,FINAL
2010-01-13,20.433,20.297,0.136,FINAL
2010-01-14,20.445,20.302,0.144,FINAL
2010-01-15,20.452,20.307,0.145,FINAL
2010-01-16,20.446,20.313,0.134,FINAL
2010-01-17,20.458,20.318,0.14,FINAL
2010-01-18,20.468,20.324,0.144,FINAL
2010-01-19,20.456,20.329,0.127,FINAL
2010-01-20,20.45,20.335,0.115,FINAL
2010-01-21,20.481,20.341,0.141,FINAL
2010-01-22,20.497,20.346,0.15,FINAL
2010-01-23,20.508,20.352,0.156,FINAL
2010-01-24,20.527,20.358,0.169,FINAL
2010-01-25,20.549,20.364,0.186,FINAL
2010-01-26,20.571,20.37,0.201,FINAL
2010-01-27,20.579,20.375,0.204,FINAL
2010-01-28,20.575,20.381,0.194,FINAL
2010-01-29,20.591,20.387,0.205,FINAL
2010-01-30,20.581,20.392,0.189,FINAL
2010-01-31,20.578,20.398,0.179,FINAL
2010-02-01,20.565,20.404,0.162,FINAL
2010-02-02,20.557,20.409,0.147,FINAL
2010-02-03,20.539,20.415,0.124,FINAL
2010-02-04,20.522,20.42,0.102,FINAL
2010-02-05,20.531,20.425,0.106,FINAL
2010-02-06,20.549,20.43,0.118,FINAL
2010-02-07,20.577,20.436,0.141,FINAL
2010-02-08,20.591,20.44,0.15,FINAL
2010-02-09,20.636,20.445,0.19,FINAL
2010-02-10,20.649,20.45,0.199,FINAL
2010-02-11,20.643,20.455,0.188,FINAL
2010-02-12,20.641,20.459,0.182,FINAL
2010-02-13,20.654,20.463,0.191,FINAL
2010-02-14,20.66,20.468,0.192,FINAL
2010-02-15,20.669,20.472,0.197,FINAL
2010-02-16,20.631,20.476,0.155,FINAL
2010-02-17,20.637,20.48,0.158,FINAL
2010-02-18,20.641,20.483,0.158,FINAL
2010-02-19,20.654,20.487,0.167,FINAL
2010-02-20,20.655,20.49,0.165,FINAL
2010-02-21,20.671,20.493,0.178,FINAL
2010-02-22,20.67,20.497,0.174,FINAL
2010-02-23,20.715,20.5,0.216,FINAL
2010-02-24,20.705,20.503,0.202,FINAL
2010-02-25,20.702,20.505,0.197,FINAL
2010-02-26,20.699,20.508,0.191,FINAL
2010-02-27,20.702,20.51,0.192,FINAL
2010-02-28,20.705,20.513,0.192,FINAL
2010-03-01,20.724,20.515,0.208,FINAL
2010-03-02,20.713,20.517,0.195,FINAL
2010-03-03,20.7,20.52,0.181,FINAL
2010-03-04,20.689,20.522,0.168,FINAL
2010-03-05,20.683,20.523,0.159,FINAL
2010-03-06,20.678,20.525,0.152,FINAL
2010-03-07,20.663,20.527,0.136,FINAL
2010-03-08,20.679,20.529,0.151,FINAL
2010-03-09,20.689,20.53,0.159,FINAL
2010-03-10,20.697,20.531,0.165,FINAL
2010-03-11,20.685,20.533,0.153,FINAL
2010-03-12,20.683,20.534,0.149,FINAL
2010-03-13,20.674,20.535,0.139,FINAL
2010-03-14,20.681,20.536,0.145,FINAL
2010-03-15,20.665,20.537,0.128,FINAL
2010-03-16,20.67,20.538,0.133,FINAL
2010-03-17,20.69,20.538,0.152,FINAL
2010-03-18,20.685,20.539,0.146,FINAL
2010-03-19,20.679,20.539,0.14,FINAL
2010-03-20,20.691,20.54,0.151,FINAL
2010-03-21,20.698,20.54,0.158,FINAL
2010-03-22,20.684,20.54,0.144,FINAL
2010-03-23,20.683,20.54,0.143,FINAL
2010-03-24,20.676,20.54,0.137,FINAL
2010-03-25,20.691,20.539,0.151,FINAL
2010-03-26,20.691,20.539,0.152,FINAL
2010-03-27,20.685,20.538,0.147,FINAL
2010-03-28,20.683,20.538,0.145,FINAL
2010-03-29,20.681,20.537,0.144,FINAL
2010-03-30,20.698,20.536,0.162,FINAL
2010-03-31,20.69,20.535,0.155,FINAL
2010-04-01,20.688,20.534,0.154,FINAL
2010-04-02,20.688,20.532,0.156,FINAL
2010-04-03,20.686,20.531,0.156,FINAL
2010-04-04,20.664,20.529,0.134,FINAL
2010-04-05,20.668,20.528,0.141,FINAL
2010-04-06,20.688,20.526,0.162,FINAL
2010-04-07,20.688,20.524,0.165,FINAL
2010-04-08,20.672,20.522,0.15,FINAL
2010-04-09,20.691,20.52,0.171,FINAL
2010-04-10,20.693,20.517,0.175,FINAL
2010-04-11,20.679,20.515,0.164,FINAL
2010-04-12,20.683,20.513,0.17,FINAL
2010-04-13,20.678,20.51,0.167,FINAL
2010-04-14,20.676,20.508,0.168,FINAL
2010-04-15,20.675,20.505,0.17,FINAL
2010-04-16,20.65,20.502,0.148,FINAL
2010-04-17,20.653,20.5,0.154,FINAL
2010-04-18,20.645,20.497,0.149,FINAL
2010-04-19,20.653,20.494,0.159,FINAL
2010-04-20,20.656,20.491,0.165,FINAL
2010-04-21,20.637,20.488,0.149,FINAL
2010-04-22,20.634,20.485,0.149,FINAL
2010-04-23,20.627,20.482,0.145,FINAL
2010-04-24,20.608,20.479,0.129,FINAL
2010-04-25,20.606,20.476,0.13,FINAL
2010-04-26,20.623,20.473,0.15,FINAL
2010-04-27,20.617,20.469,0.148,FINAL
2010-04-28,20.607,20.466,0.141,FINAL
2010-04-29,20.602,20.463,0.139,FINAL
2010-04-30,20.589,20.46,0.129,FINAL
2010-05-01,20.595,20.457,0.139,FINAL
2010-05-02,20.585,20.453,0.132,FINAL
2010-05-03,20.572,20.45,0.121,FINAL
2010-05-04,20.589,20.447,0.142,FINAL
2010-05-05,20.58,20.444,0.136,FINAL
2010-05-06,20.571,20.441,0.131,FINAL
2010-05-07,20.597,20.437,0.16,FINAL
2010-05-08,20.598,20.434,0.164,FINAL
2010-05-09,20.579,20.431,0.148,FINAL
2010-05-10,20.557,20.428,0.13,FINAL
2010-05-11,20.531,20.425,0.106,FINAL
2010-05-12,20.551,20.421,0.13,FINAL
2010-05-13,20.528,20.418,0.11,FINAL
2010-05-14,20.519,20.415,0.104,FINAL
2010-05-15,20.521,20.412,0.109,FINAL
2010-05-16,20.506,20.409,0.097,FINAL
2010-05-17,20.52,20.406,0.114,FINAL
2010-05-18,20.524,20.403,0.121,FINAL
2010-05-19,20.5,20.4,0.1,FINAL
2010-05-20,20.503,20.397,0.106,FINAL
2010-05-21,20.496,20.394,0.101,FINAL
2010-05-22,20.512,20.392,0.12,FINAL
2010-05-23,20.511,20.389,0.122,FINAL
2010-05-24,20.498,20.386,0.112,FINAL
2010-05-25,20.474,20.383,0.091,FINAL
2010-05-26,20.459,20.381,0.078,FINAL
2010-05-27,20.464,20.378,0.086,FINAL
2010-05-28,20.459,20.376,0.083,FINAL
2010-05-29,20.454,20.374,0.08,FINAL
2010-05-30,20.446,20.371,0.075,FINAL
2010-05-31,20.448,20.369,0.079,FINAL
2010-06-01,20.454,20.367,0.086,FINAL
2010-06-02,20.461,20.365,0.096,FINAL
2010-06-03,20.461,20.363,0.098,FINAL
2010-06-04,20.478,20.361,0.116,FINAL
2010-06-05,20.462,20.36,0.102,FINAL
2010-06-06,20.497,20.358,0.139,FINAL
2010-06-07,20.487,20.357,0.131,FINAL
2010-06-08,20.464,20.355,0.109,FINAL
2010-06-09,20.465,20.354,0.111,FINAL
2010-06-10,20.455,20.353,0.102,FINAL
2010-06-11,20.453,20.352,0.102,FINAL
2010-06-12,20.447,20.351,0.096,FINAL
2010-06-13,20.454,20.35,0.104,FINAL
2010-06-14,20.458,20.349,0.109,FINAL
2010-06-15,20.423,20.349,0.074,FINAL
2010-06-16,20.437,20.348,0.089,FINAL
2010-06-17,20.443,20.348,0.095,FINAL
2010-06-18,20.416,20.347,0.068,FINAL
2010-06-19,20.413,20.347,0.066,FINAL
2010-06-20,20.415,20.347,0.068,FINAL
2010-06-21,20.433,20.347,0.086,FINAL
2010-06-22,20.423,20.347,0.076,FINAL
2010-06-23,20.402,20.348,0.055,FINAL
2010-06-24,20.4,20.348,0.052,FINAL
2010-06-25,20.398,20.348,0.05,FINAL
2010-06-26,20.423,20.349,0.074,FINAL
2010-06-27,20.419,20.349,0.07,FINAL
2010-06-28,20.394,20.35,0.044,FINAL
2010-06-29,20.387,20.351,0.036,FINAL
2010-06-30,20.364,20.352,0.012,FINAL
2010-07-01,20.412,20.353,0.059,FINAL
2010-07-02,20.448,20.354,0.094,FINAL
2010-07-03,20.444,20.355,0.089,FINAL
2010-07-04,20.425,20.356,0.069,FINAL
2010-07-05,20.449,20.358,0.092,FINAL
2010-07-06,20.431,20.359,0.072,FINAL
2010-07-07,20.429,20.36,0.069,FINAL
2010-07-08,20.431,20.362,0.069,FINAL
2010-07-09,20.459,20.363,0.096,FINAL
2010-07-10,20.458,20.365,0.092,FINAL
2010-07-11,20.456,20.367,0.089,FINAL
2010-07-12,20.435,20.369,0.067,FINAL
2010-07-13,20.437,20.37,0.066,FINAL
2010-07-14,20.444,20.372,0.072,FINAL
2010-07-15,20.433,20.374,0.059,FINAL
2010-07-16,20.429,20.376,0.053,FINAL
2010-07-17,20.434,20.378,0.055,FINAL
2010-07-18,20.43,20.38,0.05,FINAL
2010-07-19,20.445,20.383,0.062,FINAL
2010-07-20,20.422,20.385,0.037,FINAL
2010-07-21,20.444,20.387,0.057,FINAL
2010-07-22,20.435,20.389,0.046,FINAL
2010-07-23,20.436,20.391,0.044,FINAL
2010-07-24,20.466,20.394,0.072,FINAL
2010-07-25,20.457,20.396,0.061,FINAL
2010-07-26,20.449,20.398,0.05,FINAL
2010-07-27,20.447,20.401,0.047,FINAL
2010-07-28,20.434,20.403,0.031,FINAL
2010-07-29,20.421,20.405,0.016,FINAL
2010-07-30,20.442,20.407,0.035,FINAL
2010-07-31,20.45,20.41,0.04,FINAL
2010-08-01,20.463,20.412,0.051,FINAL
2010-08-02,20.446,20.414,0.032,FINAL
2010-08-03,20.441,20.416,0.025,FINAL
2010-08-04,20.454,20.418,0.036,FINAL
2010-08-05,20.481,20.42,0.061,FINAL
2010-08-06,20.487,20.422,0.065,FINAL
2010-08-07,20.481,20.424,0.057,FINAL
2010-08-08,20.478,20.426,0.052,FINAL
2010-08-09,20.483,20.427,0.056,FINAL
2010-08-10,20.49,20.429,0.061,FINAL
2010-08-11,20.501,20.43,0.071,FINAL
2010-08-12,20.492,20.431,0.06,FINAL
2010-08-13,20.49,20.432,0.058,FINAL
2010-08-14,20.444,20.433,0.01,FINAL
2010-08-15,20.461,20.434,0.027,FINAL
2010-08-16,20.454,20.435,0.019,FINAL
2010-08-17,20.453,20.435,0.018,FINAL
2010-08-18,20.451,20.436,0.016,FINAL
2010-08-19,20.461,20.436,0.025,FINAL
2010-08-20,20.486,20.436,0.05,FINAL
2010-08-21,20.495,20.436,0.06,FINAL
2010-08-22,20.473,20.435,0.038,FINAL
2010-08-23,20.481,20.434,0.047,FINAL
2010-08-24,20.493,20.433,0.06,FINAL
2010-08-25,20.48,20.432,0.048,FINAL
2010-08-26,20.493,20.431,0.062,FINAL
2010-08-27,20.497,20.429,0.067,FINAL
2010-08-28,20.483,20.428,0.055,FINAL
2010-08-29,20.48,20.426,0.054,FINAL
2010-08-30,20.457,20.423,0.034,FINAL
2010-08-31,20.465,20.421,0.044,FINAL
2010-09-01,20.449,20.418,0.03,FINAL
2010-09-02,20.43,20.415,0.015,FINAL
2010-09-03,20.426,20.412,0.014,FINAL
2010-09-04,20.414,20.409,0.005,FINAL
2010-09-05,20.41,20.405,0.005,FINAL
2010-09-06,20.403,20.401,0.002,FINAL
2010-09-07,20.385,20.397,-0.013,FINAL
2010-09-08,20.394,20.393,0.001,FINAL
2010-09-09,20.408,20.389,0.019,FINAL
2010-09-10,20.397,20.384,0.013,FINAL
2010-09-11,20.404,20.379,0.024,FINAL
2010-09-12,20.407,20.375,0.032,FINAL
2010-09-13,20.386,20.37,0.017,FINAL
2010-09-14,20.371,20.364,0.006,FINAL
2010-09-15,20.342,20.359,-0.017,FINAL
2010-09-16,20.361,20.354,0.007,FINAL
2010-09-17,20.388,20.348,0.039,FINAL
2010-09-18,20.371,20.343,0.029,FINAL
2010-09-19,20.365,20.337,0.028,FINAL
2010-09-20,20.369,20.331,0.038,FINAL
2010-09-21,20.355,20.326,0.03,FINAL
2010-09-22,20.335,20.32,0.015,FINAL
2010-09-23,20.314,20.314,0.0,FINAL
2010-09-24,20.328,20.308,0.019,FINAL
2010-09-25,20.319,20.303,0.017,FINAL
2010-09-26,20.305,20.297,0.008,FINAL
2010-09-27,20.305,20.291,0.014,FINAL
2010-09-28,20.295,20.286,0.01,FINAL
2010-09-29,20.269,20.28,-0.011,FINAL
2010-09-30,20.266,20.274,-0.008,FINAL
2010-10-01,20.246,20.269,-0.023,FINAL
2010-10-02,20.234,20.264,-0.029,FINAL
2010-10-03,20.217,20.258,-0.041,FINAL
2010-10-04,20.2,20.253,-0.054,FINAL
2010-10-05,20.197,20.248,-0.051,FINAL
2010-10-06,20.2,20.243,-0.043,FINAL
2010-10-07,20.19,20.238,-0.048,FINAL
2010-10-08,20.163,20.233,-0.071,FINAL
2010-10-09,20.138,20.229,-0.091,FINAL
2010-10-10,20.139,20.224,-0.085,FINAL
2010-10-11,20.128,20.22,-0.092,FINAL
2010-10-12,20.151,20.216,-0.065,FINAL
2010-10-13,20.152,20.211,-0.06,FINAL
2010-10-14,20.161,20.207,-0.046,FINAL
2010-10-15,20.149,20.203,-0.055,FINAL
2010-10-16,20.152,20.199,-0.047,FINAL
2010-10-17,20.162,20.196,-0.034,FINAL
2010-10-18,20.187,20.192,-0.005,FINAL
2010-10-19,20.182,20.189,-0.007,FINAL
2010-10-20,20.158,20.185,-0.027,FINAL
2010-10-21,20.165,20.182,-0.016,FINAL
2010-10-22,20.162,20.178,-0.016,FINAL
2010-10-23,20.15,20.175,-0.025,FINAL
2010-10-24,20.165,20.172,-0.007,FINAL
2010-10-25,20.16,20.169,-0.009,FINAL
2010-10-26,20.154,20.166,-0.012,FINAL
2010-10-27,20.145,20.163,-0.018,FINAL
2010-10-28,20.087,20.16,-0.073,FINAL
2010-10-29,20.074,20.157,-0.083,FINAL
2010-10-30,20.079,20.154,-0.076,FINAL
2010-10-31,20.073,20.152,-0.079,FINAL
2010-11-01,20.073,20.149,-0.077,FINAL
2010-11-02,20.046,20.146,-0.1,FINAL
2010-11-03,20.047,20.144,-0.097,FINAL
2010-11-04,20.041,20.142,-0.1,FINAL
2010-11-05,20.041,20.139,-0.098,FINAL
2010-11-06,20.041,20.137,-0.096,FINAL
2010-11-07,20.014,20.135,-0.12,FINAL
2010-11-08,20.021,20.133,-0.112,FINAL
2010-11-09,20.019,20.131,-0.112,FINAL
2010-11-10,20.021,20.129,-0.108,FINAL
2010-11-11,20.009,20.127,-0.118,FINAL
2010-11-12,20.002,20.125,-0.124,FINAL
2010-11-13,20.006,20.124,-0.118,FINAL
2010-11-14,20.011,20.123,-0.111,FINAL
2010-11-15,20.024,20.121,-0.097,FINAL
2010-11-16,20.035,20.12,-0.085,FINAL
2010-11-17,20.028,20.119,-0.091,FINAL
2010-11-18,20.056,20.119,-0.062,FINAL
2010-11-19,20.065,20.118,-0.053,FINAL
2010-11-20,20.065,20.118,-0.053,FINAL
2010-11-21,20.077,20.117,-0.041,FINAL
2010-11-22,20.068,20.117,-0.05,FINAL
2010-11-23,20.068,20.117,-0.05,FINAL
2010-11-24,20.072,20.118,-0.046,FINAL
2010-11-25,20.065,20.118,-0.053,FINAL
2010-11-26,20.071,20.119,-0.048,FINAL
2010-11-27,20.065,20.12,-0.055,FINAL
2010-11-28,20.049,20.121,-0.072,FINAL
2010-11-29,20.055,20.123,-0.068,FINAL
2010-11-30,20.052,20.124,-0.072,FINAL
2010-12-01,20.056,20.126,-0.069,FINAL
2010-12-02,20.046,20.128,-0.081,FINAL
2010-12-03,20.065,20.13,-0.065,FINAL
2010-12-04,20.062,20.132,-0.07,FINAL
2010-12-05,20.059,20.135,-0.076,FINAL
2010-12-06,20.082,20.137,-0.055,FINAL
2010-12-07,20.067,20.14,-0.073,FINAL
2010-12-08,20.072,20.143,-0.071,FINAL
2010-12-09,20.066,20.146,-0.08,FINAL
2010-12-10,20.064,20.149,-0.085,FINAL
2010-12-11,20.06,20.152,-0.092,FINAL
2010-12-12,20.071,20.156,-0.084,FINAL
2010-12-13,20.072,20.159,-0.087,FINAL
2010-12-14,20.079,20.163,-0.084,FINAL
2010-12-15,20.108,20.167,-0.059,FINAL
2010-12-16,20.122,20.17,-0.049,FINAL
2010-12-17,20.118,20.174,-0.056,FINAL
2010-12-18,20.106,20.178,-0.072,FINAL
2010-12-19,20.108,20.182,-0.075,FINAL
2010-12-20,20.121,20.186,-0.065,FINAL
2010-12-21,20.128,20.19,-0.062,FINAL
2010-12-22,20.147,20.194,-0.047,FINAL
2010-12-23,20.155,20.198,-0.043,FINAL
2010-12-24,20.156,20.203,-0.047,FINAL
2010-12-25,20.14,20.207,-0.067,FINAL
2010-12-26,20.154,20.211,-0.057,FINAL
2010-12-27,20.156,20.216,-0.06,FINAL
2010-12-28,20.161,20.22,-0.059,FINAL
2010-12-29,20.156,20.224,-0.068,FINAL
2010-12-30,20.166,20.229,-0.063,FINAL
2010-12-31,20.181,20.233,-0.052,FINAL
2011-01-01,20.169,20.238,-0.068,FINAL
2011-01-02,20.171,20.242,-0.071,FINAL
2011-01-03,20.182,20.247,-0.065,FINAL
2011-01-04,20.176,20.252,-0.076,FINAL
2011-01-05,20.184,20.256,-0.072,FINAL
2011-01-06,20.19,20.261,-0.072,FINAL
2011-01-07,20.211,20.266,-0.055,FINAL
2011-01-08,20.206,20.271,-0.065,FINAL
2011-01-09,20.214,20.276,-0.062,FINAL
2011-01-10,20.212,20.281,-0.069,FINAL
2011-01-11,20.196,20.286,-0.09,FINAL
2011-01-12,20.178,20.291,-0.113,FINAL
2011-01-13,20.161,20.297,-0.136,FINAL
2011-01-14,20.177,20.302,-0.125,FINAL
2011-01-15,20.191,20.307,-0.116,FINAL
2011-01-16,20.225,20.313,-0.088,FINAL
2011-01-17,20.236,20.318,-0.082,FINAL
2011-01-18,20.269,20.324,-0.055,FINAL
2011-01-19,20.286,20.329,-0.044,FINAL
2011-01-20,20.279,20.335,-0.056,FINAL
2011-01-21,20.284,20.341,-0.057,FINAL
2011-01-22,20.27,20.346,-0.077,FINAL
2011-01-23,20.28,20.352,-0.073,FINAL
2011-01-24,20.28,20.358,-0.078,FINAL
2011-01-25,20.301,20.364,-0.063,FINAL
2011-01-26,20.306,20.37,-0.063,FINAL
2011-01-27,20.305,20.375,-0.071,FINAL
2011-01-28,20.319,20.381,-0.062,FINAL
2011-01-29,20.321,20.387,-0.066,FINAL
2011-01-30,20.324,20.392,-0.069,FINAL
2011-01-31,20.347,20.398,-0.051,FINAL
2011-02-01,20.332,20.404,-0.071,FINAL
2011-02-02,20.346,20.409,-0.063,FINAL
2011-02-03,20.347,20.415,-0.068,FINAL
2011-02-04,20.365,20.42,-0.055,FINAL
2011-02-05,20.389,20.425,-0.036,FINAL
2011-02-06,20.38,20.43,-0.051,FINAL
2011-02-07,20.401,20.436,-0.034,FINAL
2011-02-08,20.412,20.44,-0.029,FINAL
2011-02-09,20.422,20.445,-0.024,FINAL
2011-02-10,20.438,20.45,-0.012,FINAL
2011-02-11,20.468,20.455,0.014,FINAL
2011-02-12,20.46,20.459,0.0,FINAL
2011-02-13,20.435,20.463,-0.029,FINAL
2011-02-14,20.428,20.468,-0.04,FINAL
2011-02-15,20.43,20.472,-0.042,FINAL
2011-02-16,20.439,20.476,-0.037,FINAL
2011-02-17,20.45,20.48,-0.03,FINAL
2011-02-18,20.462,20.483,-0.022,FINAL
2011-02-19,20.466,20.487,-0.021,FINAL
2011-02-20,20.469,20.49,-0.021,FINAL
2011-02-21,20.445,20.493,-0.048,FINAL
2011-02-22,20.454,20.497,-0.043,FINAL
2011-02-23,20.453,20.5,-0.047,FINAL
2011-02-24,20.441,20.503,-0.062,FINAL
2011-02-25,20.436,20.505,-0.069,FINAL
2011-02-26,20.435,20.508,-0.073,FINAL
2011-02-27,20.44,20.51,-0.071,FINAL
2011-02-28,20.462,20.513,-0.051,FINAL
2011-03-01,20.482,20.515,-0.033,FINAL
2011-03-02,20.492,20.517,-0.025,FINAL
2011-03-03,20.483,20.52,-0.037,FINAL
2011-03-04,20.493,20.522,-0.029,FINAL
2011-03-05,20.503,20.523,-0.021,FINAL
2011-03-06,20.51,20.525,-0.015,FINAL
2011-03-07,20.505,20.527,-0.022,FINAL
2011-03-08,20.504,20.529,-0.025,FINAL
2011-03-09,20.501,20.53,-0.029,FINAL
2011-03-10,20.498,20.531,-0.033,FINAL
2011-03-11,20.504,20.533,-0.029,FINAL
2011-03-12,20.507,20.534,-0.027,FINAL
2011-03-13,20.503,20.535,-0.032,FINAL
2011-03-14,20.499,20.536,-0.037,FINAL
2011-03-15,20.493,20.537,-0.044,FINAL
2011-03-16,20.48,20.538,-0.057,FINAL
2011-03-17,20.489,20.538,-0.049,FINAL
2011-03-18,20.477,20.539,-0.062,FINAL
2011-03-19,20.487,20.539,-0.053,FINAL
2011-03-20,20.496,20.54,-0.044,FINAL
2011-03-21,20.503,20.54,-0.037,FINAL
2011-03-22,20.486,20.54,-0.054,FINAL
2011-03-23,20.5,20.54,-0.04,FINAL
2011-03-24,20.5,20.54,-0.039,FINAL
2011-03-25,20.506,20.539,-0.034,FINAL
2011-03-26,20.51,20.539,-0.029,FINAL
2011-03-27,20.51,20.538,-0.028,FINAL
2011-03-28,20.499,20.538,-0.039,FINAL
2011-03-29,20.502,20.537,-0.035,FINAL
2011-03-30,20.486,20.536,-0.05,FINAL
2011-03-31,20.491,20.535,-0.044,FINAL
2011-04-01,20.483,20.534,-0.051,FINAL
2011-04-02,20.499,20.532,-0.034,FINAL
2011-04-03,20.501,20.531,-0.03,FINAL
2011-04-04,20.485,20.529,-0.044,FINAL
2011-04-05,20.479,20.528,-0.049,FINAL
2011-04-06,20.452,20.526,-0.074,FINAL
2011-04-07,20.458,20.524,-0.066,FINAL
2011-04-08,20.44,20.522,-0.081,FINAL
2011-04-09,20.442,20.52,-0.078,FINAL
2011-04-10,20.442,20.517,-0.076,FINAL
2011-04-11,20.432,20.515,-0.083,FINAL
2011-04-12,20.453,20.513,-0.06,FINAL
2011-04-13,20.455,20.51,-0.055,FINAL
2011-04-14,20.45,20.508,-0.058,FINAL
2011-04-15,20.467,20.505,-0.039,FINAL
2011-04-16,20.453,20.502,-0.049,FINAL
2011-04-17,20.469,20.5,-0.031,FINAL
2011-04-18,20.471,20.497,-0.026,FINAL
2011-04-19,20.451,20.494,-0.043,FINAL
2011-04-20,20.453,20.491,-0.038,FINAL
2011-04-21,20.451,20.488,-0.037,FINAL
2011-04-22,20.448,20.485,-0.037,FINAL
2011-04-23,20.458,20.482,-0.024,FINAL
2011-04-24,20.441,20.479,-0.038,FINAL
2011-04-25,20.429,20.476,-0.047,FINAL
2011-04-26,20.441,20.473,-0.032,FINAL
2011-04-27,20.435,20.469,-0.034,FINAL
2011-04-28,20.429,20.466,-0.038,FINAL
2011-04-29,20.425,20.463,-0.038,FINAL
2011-04-30,20.421,20.46,-0.039,FINAL
2011-05-01,20.393,20.457,-0.064,FINAL
2011-05-02,20.41,20.453,-0.043,FINAL
2011-05-03,20.412,20.45,-0.038,FINAL
2011-05-04,20.392,20.447,-0.055,FINAL
2011-05-05,20.399,20.444,-0.044,FINAL
2011-05-06,20.377,20.441,-0.063,FINAL
2011-05-07,20.377,20.437,-0.06,FINAL
2011-05-08,20.38,20.434,-0.054,FINAL
2011-05-09,20.376,20.431,-0.055,FINAL
2011-05-10,20.383,20.428,-0.044,FINAL
2011-05-11,20.371,20.425,-0.053,FINAL
2011-05-12,20.38,20.421,-0.042,FINAL
2011-05-13,20.382,20.418,-0.036,FINAL
2011-05-14,20.394,20.415,-0.021,FINAL
2011-05-15,20.401,20.412,-0.011,FINAL
2011-05-16,20.408,20.409,-0.001,FINAL
2011-05-17,20.39,20.406,-0.016,FINAL
2011-05-18,20.396,20.403,-0.007,FINAL
2011-05-19,20.376,20.4,-0.024,FINAL
2011-05-20,20.364,20.397,-0.033,FINAL
2011-05-21,20.381,20.394,-0.013,FINAL
2011-05-22,20.383,20.392,-0.009,FINAL
2011-05-23,20.37,20.389,-0.019,FINAL
2011-05-24,20.344,20.386,-0.042,FINAL
2011-05-25,20.35,20.383,-0.033,FINAL
2011-05-26,20.327,20.381,-0.053,FINAL
2011-05-27,20.349,20.378,-0.029,FINAL
2011-05-28,20.331,20.376,-0.045,FINAL
2011-05-29,20.315,20.374,-0.059,FINAL
2011-05-30,20.326,20.371,-0.045,FINAL
2011-05-31,20.335,20.369,-0.034,FINAL
2011-06-01,20.315,20.367,-0.052,FINAL
2011-06-02,20.309,20.365,-0.056,FINAL
2011-06-03,20.322,20.363,-0.041,FINAL
2011-06-04,20.332,20.361,-0.029,FINAL
2011-06-05,20.365,20.36,0.005,FINAL
2011-06-06,20.368,20.358,0.01,FINAL
2011-06-07,20.369,20.357,0.012,FINAL
2011-06-08,20.346,20.355,-0.009,FINAL
2011-06-09,20.324,20.354,-0.03,FINAL
2011-06-10,20.363,20.353,0.01,FINAL
2011-06-11,20.343,20.352,-0.008,FINAL
2011-06-12,20.342,20.351,-0.008,FINAL
2011-06-13,20.327,20.35,-0.023,FINAL
2011-06-14,20.338,20.349,-0.011,FINAL
2011-06-15,20.341,20.349,-0.008,FINAL
2011-06-16,20.329,20.348,-0.019,FINAL
2011-06-17,20.313,20.348,-0.034,FINAL
2011-06-18,20.311,20.347,-0.036,FINAL
2011-06-19,20.318,20.347,-0.029,FINAL
2011-06-20,20.3,20.347,-0.047,FINAL
2011-06-21,20.316,20.347,-0.032,FINAL
2011-06-22,20.316,20.347,-0.031,FINAL
2011-06-23,20.303,20.348,-0.044,FINAL
2011-06-24,20.313,20.348,-0.035,FINAL
2011-06-25,20.308,20.348,-0.04,FINAL
2011-06-26,20.282,20.349,-0.067,FINAL
2011-06-27,20.289,20.349,-0.061,FINAL
2011-06-28,20.303,20.35,-0.047,FINAL
2011-06-29,20.292,20.351,-0.059,FINAL
2011-06-30,20.297,20.352,-0.054,FINAL
2011-07-01,20.287,20.353,-0.066,FINAL
2011-07-02,20.291,20.354,-0.062,FINAL
2011-07-03,20.295,20.355,-0.06,FINAL
2011-07-04,20.302,20.356,-0.055,FINAL
2011-07-05,20.337,20.358,-0.021,FINAL
2011-07-06,20.35,20.359,-0.009,FINAL
2011-07-07,20.334,20.36,-0.026,FINAL
2011-07-08,20.334,20.362,-0.028,FINAL
2011-07-09,20.354,20.363,-0.01,FINAL
2011-07-10,20.382,20.365,0.016,FINAL
2011-07-11,20.368,20.367,0.001,FINAL
2011-07-12,20.371,20.369,0.003,FINAL
2011-07-13,20.382,20.37,0.012,FINAL
2011-07-14,20.376,20.372,0.003,FINAL
2011-07-15,20.367,20.374,-0.007,FINAL
2011-07-16,20.36,20.376,-0.016,FINAL
2011-07-17,20.335,20.378,-0.043,FINAL
2011-07-18,20.337,20.38,-0.043,FINAL
2011-07-19,20.345,20.383,-0.038,FINAL
2011-07-20,20.331,20.385,-0.054,FINAL
2011-07-21,20.324,20.387,-0.063,FINAL
2011-07-22,20.327,20.389,-0.062,FINAL
2011-07-23,20.315,20.391,-0.077,FINAL
2011-07-24,20.332,20.394,-0.062,FINAL
2011-07-25,20.344,20.396,-0.052,FINAL
2011-07-26,20.325,20.398,-0.073,FINAL
2011-07-27,20.347,20.401,-0.054,FINAL
2011-07-28,20.371,20.403,-0.032,FINAL
2011-07-29,20.385,20.405,-0.02,FINAL
2011-07-30,20.372,20.407,-0.035,FINAL
2011-07-31,20.354,20.41,-0.056,FINAL
2011-08-01,20.365,20.412,-0.047,FINAL
2011-08-02,20.371,20.414,-0.043,FINAL
2011-08-03,20.375,20.416,-0.042,FINAL
2011-08-04,20.383,20.418,-0.035,FINAL
2011-08-05,20.37,20.42,-0.051,FINAL
2011-08-06,20.368,20.422,-0.054,FINAL
2011-08-07,20.369,20.424,-0.055,FINAL
2011-08-08,20.359,20.426,-0.066,FINAL
2011-08-09,20.38,20.427,-0.047,FINAL
2011-08-10,20.396,20.429,-0.033,FINAL
2011-08-11,20.384,20.43,-0.046,FINAL
2011-08-12,20.403,20.431,-0.028,FINAL
2011-08-13,20.42,20.432,-0.012,FINAL
2011-08-14,20.412,20.433,-0.022,FINAL
2011-08-15,20.429,20.434,-0.005,FINAL
2011-08-16,20.429,20.435,-0.006,FINAL
2011-08-17,20.41,20.435,-0.026,FINAL
2011-08-18,20.413,20.436,-0.023,FINAL
2011-08-19,20.39,20.436,-0.046,FINAL
2011-08-20,20.377,20.436,-0.059,FINAL
2011-08-21,20.381,20.436,-0.054,FINAL
2011-08-22,20.395,20.435,-0.04,FINAL
2011-08-23,20.387,20.434,-0.048,FINAL
2011-08-24,20.395,20.433,-0.038,FINAL
2011-08-25,20.391,20.432,-0.041,FINAL
2011-08-26,20.402,20.431,-0.029,FINAL
2011-08-27,20.371,20.429,-0.059,FINAL
2011-08-28,20.37,20.428,-0.058,FINAL
2011-08-29,20.395,20.426,-0.03,FINAL
2011-08-30,20.399,20.423,-0.024,FINAL
2011-08-31,20.369,20.421,-0.052,FINAL
2011-09-01,20.342,20.418,-0.076,FINAL
2011-09-02,20.385,20.415,-0.03,FINAL
2011-09-03,20.378,20.412,-0.034,FINAL
2011-09-04,20.362,20.409,-0.046,FINAL
2011-09-05,20.345,20.405,-0.06,FINAL
2011-09-06,20.332,20.401,-0.069,FINAL
2011-09-07,20.324,20.397,-0.073,FINAL
2011-09-08,20.311,20.393,-0.082,FINAL
2011-09-09,20.321,20.389,-0.068,FINAL
2011-09-10,20.29,20.384,-0.095,FINAL
2011-09-11,20.286,20.379,-0.093,FINAL
2011-09-12,20.277,20.375,-0.097,FINAL
2011-09-13,20.288,20.37,-0.082,FINAL
2011-09-14,20.291,20.364,-0.073,FINAL
2011-09-15,20.296,20.359,-0.063,FINAL
2011-09-16,20.289,20.354,-0.065,FINAL
2011-09-17,20.287,20.348,-0.061,FINAL
2011-09-18,20.271,20.343,-0.072,FINAL
2011-09-19,20.245,20.337,-0.092,FINAL
2011-09-20,20.234,20.331,-0.097,FINAL
2011-09-21,20.224,20.326,-0.101,FINAL
2011-09-22,20.219,20.32,-0.101,FINAL
2011-09-23,20.208,20.314,-0.106,FINAL
2011-09-24,20.22,20.308,-0.088,FINAL
2011-09-25,20.222,20.303,-0.081,FINAL
2011-09-26,20.214,20.297,-0.083,FINAL
2011-09-27,20.229,20.291,-0.062,FINAL
2011-09-28,20.223,20.286,-0.062,FINAL
2011-09-29,20.213,20.28,-0.067,FINAL
2011-09-30,20.224,20.274,-0.051,FINAL
2011-10-01,20.204,20.269,-0.065,FINAL
2011-10-02,20.187,20.264,-0.076,FINAL
2011-10-03,20.166,20.258,-0.093,FINAL
2011-10-04,20.144,20.253,-0.109,FINAL
2011-10-05,20.134,20.248,-0.114,FINAL
2011-10-06,20.148,20.243,-0.095,FINAL
2011-10-07,20.167,20.238,-0.071,FINAL
2011-10-08,20.136,20.233,-0.097,FINAL
2011-10-09,20.124,20.229,-0.105,FINAL
2011-10-10,20.114,20.224,-0.11,FINAL
2011-10-11,20.092,20.22,-0.127,FINAL
2011-10-12,20.075,20.216,-0.141,FINAL
2011-10-13,20.082,20.211,-0.129,FINAL
2011-10-14,20.077,20.207,-0.13,FINAL
2011-10-15,20.088,20.203,-0.116,FINAL
2011-10-16,20.081,20.199,-0.119,FINAL
2011-10-17,20.064,20.196,-0.132,FINAL
2011-10-18,20.078,20.192,-0.114,FINAL
2011-10-19,20.1,20.189,-0.089,FINAL
2011-10-20,20.09,20.185,-0.095,FINAL
2011-10-21,20.086,20.182,-0.096,FINAL
2011-10-22,20.074,20.178,-0.104,FINAL
2011-10-23,20.106,20.175,-0.07,FINAL
2011-10-24,20.105,20.172,-0.067,FINAL
2011-10-25,20.104,20.169,-0.065,FINAL
2011-10-26,20.108,20.166,-0.058,FINAL
2011-10-27,20.096,20.163,-0.067,FINAL
2011-10-28,20.09,20.16,-0.07,FINAL
2011-10-29,20.086,20.157,-0.071,FINAL
2011-10-30,20.083,20.154,-0.071,FINAL
2011-10-31,20.085,20.152,-0.067,FINAL
2011-11-01,20.062,20.149,-0.087,FINAL
2011-11-02,20.047,20.146,-0.099,FINAL
2011-11-03,20.041,20.144,-0.103,FINAL
2011-11-04,20.041,20.142,-0.101,FINAL
2011-11-05,20.045,20.139,-0.094,FINAL
2011-11-06,20.042,20.137,-0.095,FINAL
2011-11-07,20.046,20.135,-0.088,FINAL
2011-11-08,20.044,20.133,-0.089,FINAL
2011-11-09,20.023,20.131,-0.108,FINAL
2011-11-10,20.01,20.129,-0.119,FINAL
2011-11-11,20.011,20.127,-0.117,FINAL
2011-11-12,20.017,20.125,-0.108,FINAL
2011-11-13,20.019,20.124,-0.105,FINAL
2011-11-14,20.028,20.123,-0.094,FINAL
2011-11-15,20.032,20.121,-0.089,FINAL
2011-11-16,20.07,20.12,-0.05,FINAL
2011-11-17,20.064,20.119,-0.056,FINAL
2011-11-18,20.05,20.119,-0.068,FINAL
2011-11-19,20.067,20.118,-0.05,FINAL
2011-11-20,20.046,20.118,-0.071,FINAL
2011-11-21,20.019,20.117,-0.098,FINAL
2011-11-22,20.007,20.117,-0.11,FINAL
2011-11-23,20.006,20.117,-0.111,FINAL
2011-11-24,20.002,20.118,-0.116,FINAL
2011-11-25,20.005,20.118,-0.113,FINAL
2011-11-26,20.012,20.119,-0.107,FINAL
2011-11-27,20.009,20.12,-0.111,FINAL
2011-11-28,20.012,20.121,-0.11,FINAL
2011-11-29,19.984,20.123,-0.139,FINAL
2011-11-30,19.975,20.124,-0.149,FINAL
2011-12-01,19.996,20.126,-0.13,FINAL
2011-12-02,19.982,20.128,-0.145,FINAL
2011-12-03,19.971,20.13,-0.159,FINAL
2011-12-04,19.972,20.132,-0.16,FINAL
2011-12-05,19.971,20.135,-0.163,FINAL
2011-12-06,19.973,20.137,-0.164,FINAL
2011-12-07,19.973,20.14,-0.166,FINAL
2011-12-08,19.996,20.143,-0.147,FINAL
2011-12-09,20.001,20.146,-0.145,FINAL
2011-12-10,20.012,20.149,-0.137,FINAL
2011-12-11,20.0,20.152,-0.153,FINAL
2011-12-12,20.018,20.156,-0.138,FINAL
2011-12-13,20.045,20.159,-0.114,FINAL
2011-12-14,20.042,20.163,-0.121,FINAL
2011-12-15,20.035,20.167,-0.131,FINAL
2011-12-16,20.039,20.17,-0.132,FINAL
2011-12-17,20.03,20.174,-0.144,FINAL
2011-12-18,20.015,20.178,-0.163,FINAL
2011-12-19,20.024,20.182,-0.158,FINAL
2011-12-20,20.046,20.186,-0.14,FINAL
2011-12-21,20.055,20.19,-0.135,FINAL
2011-12-22,20.076,20.194,-0.118,FINAL
2011-12-23,20.086,20.198,-0.113,FINAL
2011-12-24,20.076,20.203,-0.127,FINAL
2011-12-25,20.045,20.207,-0.162,FINAL
2011-12-26,20.06,20.211,-0.151,FINAL
2011-12-27,20.058,20.216,-0.157,FINAL
2011-12-28,20.058,20.22,-0.162,FINAL
2011-12-29,20.058,20.224,-0.167,FINAL
2011-12-30,20.07,20.229,-0.159,FINAL
2011-12-31,20.071,20.233,-0.162,FINAL
2012-01-01,20.105,20.238,-0.133,FINAL
2012-01-02,20.109,20.242,-0.134,FINAL
2012-01-03,20.122,20.247,-0.125,FINAL
2012-01-04,20.115,20.252,-0.137,FINAL
2012-01-05,20.13,20.256,-0.126,FINAL
2012-01-06,20.13,20.261,-0.132,FINAL
2012-01-07,20.129,20.266,-0.137,FINAL
2012-01-08,20.125,20.271,-0.146,FINAL
2012-01-09,20.139,20.276,-0.137,FINAL
2012-01-10,20.145,20.281,-0.136,FINAL
2012-01-11,20.159,20.286,-0.127,FINAL
2012-01-12,20.152,20.291,-0.139,FINAL
2012-01-13,20.176,20.297,-0.121,FINAL
2012-01-14,20.194,20.302,-0.108,FINAL
2012-01-15,20.204,20.307,-0.104,FINAL
2012-01-16,20.223,20.313,-0.09,FINAL
2012-01-17,20.227,20.318,-0.091,FINAL
2012-01-18,20.263,20.324,-0.061,FINAL
2012-01-19,20.264,20.329,-0.065,FINAL
2012-01-20,20.265,20.335,-0.07,FINAL
2012-01-21,20.281,20.341,-0.06,FINAL
2012-01-22,20.282,20.346,-0.064,FINAL
2012-01-23,20.3,20.352,-0.052,FINAL
2012-01-24,20.281,20.358,-0.077,FINAL
2012-01-25,20.269,20.364,-0.095,FINAL
2012-01-26,20.239,20.37,-0.131,FINAL
2012-01-27,20.23,20.375,-0.146,FINAL
2012-01-28,20.233,20.381,-0.148,FINAL
2012-01-29,20.248,20.387,-0.139,FINAL
2012-01-30,20.221,20.392,-0.171,FINAL
2012-01-31,20.219,20.398,-0.179,FINAL
2012-02-01,20.225,20.404,-0.179,FINAL
2012-02-02,20.225,20.409,-0.185,FINAL
2012-02-03,20.247,20.415,-0.168,FINAL
2012-02-04,20.249,20.42,-0.171,FINAL
2012-02-05,20.254,20.425,-0.172,FINAL
2012-02-06,20.263,20.43,-0.167,FINAL
2012-02-07,20.282,20.436,-0.154,FINAL
2012-02-08,20.3,20.44,-0.14,FINAL
2012-02-09,20.313,20.445,-0.132,FINAL
2012-02-10,20.33,20.45,-0.12,FINAL
2012-02-11,20.335,20.455,-0.12,FINAL
2012-02-12,20.368,20.459,-0.091,FINAL
2012-02-13,20.364,20.463,-0.1,FINAL
2012-02-14,20.398,20.468,-0.069,FINAL
2012-02-15,20.418,20.472,-0.053,FINAL
2012-02-16,20.445,20.476,-0.03,FINAL
2012-02-17,20.46,20.48,-0.02,FINAL
2012-02-18,20.467,20.483,-0.016,FINAL
2012-02-19,20.479,20.487,-0.008,FINAL
2012-02-20,20.502,20.49,0.012,FINAL
2012-02-21,20.516,20.493,0.022,FINAL
2012-02-22,20.505,20.497,0.008,FINAL
2012-02-23,20.51,20.5,0.01,FINAL
2012-02-24,20.5,20.503,-0.003,FINAL
2012-02-25,20.495,20.505,-0.01,FINAL
2012-02-26,20.492,20.508,-0.016,FINAL
2012-02-27,20.49,20.51,-0.021,FINAL
2012-02-28,20.487,20.513,-0.026,FINAL
2012-02-29,20.485,20.514,-0.029,FINAL
2012-03-01,20.481,20.515,-0.035,FINAL
2012-03-02,20.457,20.517,-0.06,FINAL
2012-03-03,20.468,20.52,-0.052,FINAL
2012-03-04,20.476,20.522,-0.046,FINAL
2012-03-05,20.456,20.523,-0.067,FINAL
2012-03-06,20.44,20.525,-0.085,FINAL
2012-03-07,20.439,20.527,-0.088,FINAL
2012-03-08,20.446,20.529,-0.082,FINAL
2012-03-09,20.433,20.53,-0.097,FINAL
2012-03-10,20.436,20.531,-0.096,FINAL
2012-03-11,20.427,20.533,-0.106,FINAL
2012-03-12,20.427,20.534,-0.107,FINAL
2012-03-13,20.424,20.535,-0.111,FINAL
2012-03-14,20.407,20.536,-0.129,FINAL
2012-03-15,20.418,20.537,-0.119,FINAL
2012-03-16,20.421,20.538,-0.116,FINAL
2012-03-17,20.443,20.538,-0.096,FINAL
2012-03-18,20.428,20.539,-0.11,FINAL
2012-03-19,20.43,20.539,-0.109,FINAL
2012-03-20,20.422,20.54,-0.118,FINAL
2012-03-21,20.421,20.54,-0.118,FINAL
2012-03-22,20.427,20.54,-0.113,FINAL
2012-03-23,20.436,20.54,-0.104,FINAL
2012-03-24,20.44,20.54,-0.099,FINAL
2012-03-25,20.456,20.539,-0.083,FINAL
2012-03-26,20.457,20.539,-0.082,FINAL
2012-03-27,20.46,20.538,-0.079,FINAL
2012-03-28,20.471,20.538,-0.066,FINAL
2012-03-29,20.469,20.537,-0.068,FINAL
2012-03-30,20.469,20.536,-0.067,FINAL
2012-03-31,20.463,20.535,-0.072,FINAL
2012-04-01,20.447,20.534,-0.086,FINAL
2012-04-02,20.441,20.532,-0.091,FINAL
2012-04-03,20.444,20.531,-0.087,FINAL
2012-04-04,20.453,20.529,-0.076,FINAL
2012-04-05,20.448,20.528,-0.08,FINAL
2012-04-06,20.452,20.526,-0.073,FINAL
2012-04-07,20.451,20.524,-0.073,FINAL
2012-04-08,20.471,20.522,-0.051,FINAL
2012-04-09,20.483,20.52,-0.036,FINAL
2012-04-10,20.481,20.517,-0.037,FINAL
2012-04-11,20.474,20.515,-0.042,FINAL
2012-04-12,20.481,20.513,-0.032,FINAL
2012-04-13,20.487,20.51,-0.023,FINAL
2012-04-14,20.481,20.508,-0.027,FINAL
2012-04-15,20.468,20.505,-0.037,FINAL
2012-04-16,20.458,20.502,-0.044,FINAL
2012-04-17,20.473,20.5,-0.027,FINAL
2012-04-18,20.473,20.497,-0.024,FINAL
2012-04-19,20.471,20.494,-0.022,FINAL
2012-04-20,20.476,20.491,-0.015,FINAL
2012-04-21,20.433,20.488,-0.055,FINAL
2012-04-22,20.456,20.485,-0.029,FINAL
2012-04-23,20.491,20.482,0.009,FINAL
2012-04-24,20.497,20.479,0.018,FINAL
2012-04-25,20.497,20.476,0.021,FINAL
2012-04-26,20.454,20.473,-0.018,FINAL
2012-04-27,20.447,20.469,-0.023,FINAL
2012-04-28,20.453,20.466,-0.013,FINAL
2012-04-29,20.462,20.463,-0.001,FINAL
2012-04-30,20.455,20.46,-0.004,FINAL
2012-05-01,20.431,20.457,-0.025,FINAL
2012-05-02,20.433,20.453,-0.021,FINAL
2012-05-03,20.452,20.45,0.002,FINAL
2012-05-04,20.473,20.447,0.026,FINAL
2012-05-05,20.489,20.444,0.045,FINAL
2012-05-06,20.477,20.441,0.036,FINAL
2012-05-07,20.449,20.437,0.011,FINAL
2012-05-08,20.463,20.434,0.029,FINAL
2012-05-09,20.496,20.431,0.065,FINAL
2012-05-10,20.526,20.428,0.098,FINAL
2012-05-11,20.465,20.425,0.04,FINAL
2012-05-12,20.448,20.421,0.027,FINAL
2012-05-13,20.461,20.418,0.042,FINAL
2012-05-14,20.482,20.415,0.067,FINAL
2012-05-15,20.476,20.412,0.064,FINAL
2012-05-16,20.482,20.409,0.073,FINAL
2012-05-17,20.474,20.406,0.068,FINAL
2012-05-18,20.45,20.403,0.047,FINAL
2012-05-19,20.454,20.4,0.054,FINAL
2012-05-20,20.454,20.397,0.057,FINAL
2012-05-21,20.44,20.394,0.045,FINAL
2012-05-22,20.435,20.392,0.043,FINAL
2012-05-23,20.447,20.389,0.058,FINAL
2012-05-24,20.425,20.386,0.039,FINAL
2012-05-25,20.422,20.383,0.039,FINAL
2012-05-26,20.4,20.381,0.019,FINAL
2012-05-27,20.402,20.378,0.023,FINAL
2012-05-28,20.405,20.376,0.029,FINAL
2012-05-29,20.415,20.374,0.042,FINAL
2012-05-30,20.397,20.371,0.026,FINAL
2012-05-31,20.399,20.369,0.03,FINAL
2012-06-01,20.384,20.367,0.017,FINAL
2012-06-02,20.394,20.365,0.029,FINAL
2012-06-03,20.389,20.363,0.026,FINAL
2012-06-04,20.402,20.361,0.041,FINAL
2012-06-05,20.38,20.36,0.02,FINAL
2012-06-06,20.367,20.358,0.009,FINAL
2012-06-07,20.346,20.357,-0.011,FINAL
2012-06-08,20.338,20.355,-0.017,FINAL
2012-06-09,20.342,20.354,-0.012,FINAL
2012-06-10,20.353,20.353,-0.0,FINAL
2012-06-11,20.306,20.352,-0.045,FINAL
2012-06-12,20.327,20.351,-0.024,FINAL
2012-06-13,20.321,20.35,-0.029,FINAL
2012-06-14,20.353,20.349,0.004,FINAL
2012-06-15,20.35,20.349,0.002,FINAL
2012-06-16,20.362,20.348,0.013,FINAL
2012-06-17,20.351,20.348,0.004,FINAL
2012-06-18,20.328,20.347,-0.019,FINAL
2012-06-19,20.309,20.347,-0.039,FINAL
2012-06-20,20.32,20.347,-0.027,FINAL
2012-06-21,20.336,20.347,-0.011,FINAL
2012-06-22,20.348,20.347,0.0,FINAL
2012-06-23,20.358,20.348,0.011,FINAL
2012-06-24,20.386,20.348,0.038,FINAL
2012-06-25,20.391,20.348,0.043,FINAL
2012-06-26,20.372,20.349,0.023,FINAL
2012-06-27,20.396,20.349,0.046,FINAL
2012-06-28,20.375,20.35,0.025,FINAL
2012-06-29,20.377,20.351,0.026,FINAL
2012-06-30,20.366,20.352,0.014,FINAL
2012-07-01,20.372,20.353,0.019,FINAL
2012-07-02,20.385,20.354,0.031,FINAL
2012-07-03,20.394,20.355,0.039,FINAL
2012-07-04,20.366,20.356,0.01,FINAL
2012-07-05,20.377,20.358,0.019,FINAL
2012-07-06,20.373,20.359,0.014,FINAL
2012-07-07,20.375,20.36,0.014,FINAL
2012-07-08,20.406,20.362,0.044,FINAL
2012-07-09,20.402,20.363,0.038,FINAL
2012-07-10,20.429,20.365,0.064,FINAL
2012-07-11,20.401,20.367,0.034,FINAL
2012-07-12,20.379,20.369,0.011,FINAL
2012-07-13,20.359,20.37,-0.011,FINAL
2012-07-14,20.378,20.372,0.006,FINAL
2012-07-15,20.385,20.374,0.011,FINAL
2012-07-16,20.417,20.376,0.041,FINAL
2012-07-17,20.42,20.378,0.041,FINAL
2012-07-18,20.41,20.38,0.029,FINAL
2012-07-19,20.423,20.383,0.04,FINAL
2012-07-20,20.43,20.385,0.045,FINAL
2012-07-21,20.42,20.387,0.033,FINAL
2012-07-22,20.428,20.389,0.039,FINAL
2012-07-23,20.437,20.391,0.046,FINAL
2012-07-24,20.409,20.394,0.015,FINAL
2012-07-25,20.401,20.396,0.005,FINAL
2012-07-26,20.412,20.398,0.014,FINAL
2012-07-27,20.449,20.401,0.048,FINAL
2012-07-28,20.456,20.403,0.053,FINAL
2012-07-29,20.501,20.405,0.096,FINAL
2012-07-30,20.516,20.407,0.109,FINAL
2012-07-31,20.498,20.41,0.088,FINAL
2012-08-01,20.495,20.412,0.083,FINAL
2012-08-02,20.494,20.414,0.08,FINAL
2012-08-03,20.469,20.416,0.053,FINAL
2012-08-04,20.49,20.418,0.072,FINAL
2012-08-05,20.489,20.42,0.069,FINAL
2012-08-06,20.487,20.422,0.065,FINAL
2012-08-07,20.531,20.424,0.107,FINAL
2012-08-08,20.539,20.426,0.113,FINAL
2012-08-09,20.538,20.427,0.111,FINAL
2012-08-10,20.535,20.429,0.106,FINAL
2012-08-11,20.521,20.43,0.091,FINAL
2012-08-12,20.488,20.431,0.056,FINAL
2012-08-13,20.477,20.432,0.044,FINAL
2012-08-14,20.47,20.433,0.036,FINAL
2012-08-15,20.435,20.434,0.0,FINAL
2012-08-16,20.409,20.435,-0.026,FINAL
2012-08-17,20.44,20.435,0.004,FINAL
2012-08-18,20.472,20.436,0.036,FINAL
2012-08-19,20.504,20.436,0.068,FINAL
2012-08-20,20.525,20.436,0.089,FINAL
2012-08-21,20.571,20.436,0.136,FINAL
2012-08-22,20.587,20.435,0.152,FINAL
2012-08-23,20.592,20.434,0.157,FINAL
2012-08-24,20.544,20.433,0.11,FINAL
2012-08-25,20.546,20.432,0.114,FINAL
2012-08-26,20.542,20.431,0.111,FINAL
2012-08-27,20.542,20.429,0.112,FINAL
2012-08-28,20.511,20.428,0.083,FINAL
2012-08-29,20.492,20.426,0.066,FINAL
2012-08-30,20.494,20.423,0.071,FINAL
2012-08-31,20.477,20.421,0.056,FINAL
2012-09-01,20.486,20.418,0.068,FINAL
2012-09-02,20.482,20.415,0.067,FINAL
2012-09-03,20.458,20.412,0.046,FINAL
2012-09-04,20.469,20.409,0.06,FINAL
2012-09-05,20.46,20.405,0.055,FINAL
2012-09-06,20.43,20.401,0.028,FINAL
2012-09-07,20.42,20.397,0.022,FINAL
2012-09-08,20.447,20.393,0.054,FINAL
2012-09-09,20.435,20.389,0.047,FINAL
2012-09-10,20.431,20.384,0.047,FINAL
2012-09-11,20.444,20.379,0.065,FINAL
2012-09-12,20.44,20.375,0.066,FINAL
2012-09-13,20.444,20.37,0.074,FINAL
2012-09-14,20.439,20.364,0.075,FINAL
2012-09-15,20.448,20.359,0.088,FINAL
2012-09-16,20.447,20.354,0.093,FINAL
2012-09-17,20.431,20.348,0.082,FINAL
2012-09-18,20.439,20.343,0.096,FINAL
2012-09-19,20.444,20.337,0.107,FINAL
2012-09-20,20.443,20.331,0.112,FINAL
2012-09-21,20.439,20.326,0.113,FINAL
2012-09-22,20.418,20.32,0.099,FINAL
2012-09-23,20.398,20.314,0.084,FINAL
2012-09-24,20.421,20.308,0.113,FINAL
2012-09-25,20.419,20.303,0.116,FINAL
2012-09-26,20.408,20.297,0.111,FINAL
2012-09-27,20.39,20.291,0.099,FINAL
2012-09-28,20.378,20.286,0.093,FINAL
2012-09-29,20.365,20.28,0.085,FINAL
2012-09-30,20.345,20.274,0.07,FINAL
2012-10-01,20.336,20.269,0.067,FINAL
2012-10-02,20.351,20.264,0.087,FINAL
2012-10-03,20.341,20.258,0.082,FINAL
2012-10-04,20.321,20.253,0.067,FINAL
2012-10-05,20.294,20.248,0.046,FINAL
2012-10-06,20.333,20.243,0.09,FINAL
2012-10-07,20.309,20.238,0.071,FINAL
2012-10-08,20.312,20.233,0.079,FINAL
2012-10-09,20.3,20.229,0.072,FINAL
2012-10-10,20.321,20.224,0.097,FINAL
2012-10-11,20.307,20.22,0.087,FINAL
2012-10-12,20.312,20.216,0.096,FINAL
2012-10-13,20.309,20.211,0.097,FINAL
2012-10-14,20.281,20.207,0.074,FINAL
2012-10-15,20.27,20.203,0.066,FINAL
2012-10-16,20.28,20.199,0.08,FINAL
2012-10-17,20.269,20.196,0.073,FINAL
2012-10-18,20.268,20.192,0.075,FINAL
2012-10-19,20.284,20.189,0.095,FINAL
2012-10-20,20.284,20.185,0.099,FINAL
2012-10-21,20.281,20.182,0.099,FINAL
2012-10-22,20.285,20.178,0.106,FINAL
2012-10-23,20.249,20.175,0.074,FINAL
2012-10-24,20.226,20.172,0.054,FINAL
2012-10-25,20.216,20.169,0.048,FINAL
2012-10-26,20.192,20.166,0.026,FINAL
2012-10-27,20.23,20.163,0.067,FINAL
2012-10-28,20.233,20.16,0.073,FINAL
2012-10-29,20.263,20.157,0.106,FINAL
2012-10-30,20.274,20.154,0.119,FINAL
2012-10-31,20.265,20.152,0.114,FINAL
2012-11-01,20.286,20.149,0.137,FINAL
2012-11-02,20.262,20.146,0.115,FINAL
2012-11-03,20.283,20.144,0.139,FINAL
2012-11-04,20.253,20.142,0.112,FINAL
2012-11-05,20.224,20.139,0.084,FINAL
2012-11-06,20.226,20.137,0.089,FINAL
2012-11-07,20.244,20.135,0.11,FINAL
2012-11-08,20.255,20.133,0.122,FINAL
2012-11-09,20.212,20.131,0.081,FINAL
2012-11-10,20.219,20.129,0.09,FINAL
2012-11-11,20.199,20.127,0.072,FINAL
2012-11-12,20.189,20.125,0.064,FINAL
2012-11-13,20.154,20.124,0.03,FINAL
2012-11-14,20.183,20.123,0.061,FINAL
2012-11-15,20.181,20.121,0.06,FINAL
2012-11-16,20.171,20.12,0.05,FINAL
2012-11-17,20.205,20.119,0.086,FINAL
2012-11-18,20.231,20.119,0.112,FINAL
2012-11-19,20.22,20.118,0.102,FINAL
2012-11-20,20.224,20.118,0.107,FINAL
2012-11-21,20.223,20.117,0.106,FINAL
2012-11-22,20.215,20.117,0.098,FINAL
2012-11-23,20.237,20.117,0.12,FINAL
2012-11-24,20.244,20.118,0.126,FINAL
2012-11-25,20.24,20.118,0.122,FINAL
2012-11-26,20.24,20.119,0.121,FINAL
2012-11-27,20.206,20.12,0.086,FINAL
2012-11-28,20.226,20.121,0.105,FINAL
2012-11-29,20.219,20.123,0.096,FINAL
2012-11-30,20.178,20.124,0.054,FINAL
2012-12-01,20.205,20.126,0.079,FINAL
2012-12-02,20.207,20.128,0.08,FINAL
2012-12-03,20.192,20.13,0.062,FINAL
2012-12-04,20.2,20.132,0.068,FINAL
2012-12-05,20.208,20.135,0.073,FINAL
2012-12-06,20.209,20.137,0.072,FINAL
2012-12-07,20.201,20.14,0.061,FINAL
2012-12-08,20.194,20.143,0.051,FINAL
2012-12-09,20.205,20.146,0.06,FINAL
2012-12-10,20.194,20.149,0.045,FINAL
2012-12-11,20.21,20.152,0.057,FINAL
2012-12-12,20.255,20.156,0.1,FINAL
2012-12-13,20.271,20.159,0.112,FINAL
2012-12-14,20.3,20.163,0.137,FINAL
2012-12-15,20.294,20.167,0.127,FINAL
2012-12-16,20.306,20.17,0.136,FINAL
2012-12-17,20.318,20.174,0.144,FINAL
2012-12-18,20.307,20.178,0.129,FINAL
2012-12-19,20.331,20.182,0.149,FINAL
2012-12-20,20.316,20.186,0.13,FINAL
2012-12-21,20.315,20.19,0.125,FINAL
2012-12-22,20.284,20.194,0.09,FINAL
2012-12-23,20.28,20.198,0.081,FINAL
2012-12-24,20.31,20.203,0.107,FINAL
2012-12-25,20.304,20.207,0.097,FINAL
2012-12-26,20.294,20.211,0.083,FINAL
2012-12-27,20.304,20.216,0.089,FINAL
2012-12-28,20.327,20.22,0.107,FINAL
2012-12-29,20.333,20.224,0.108,FINAL
2012-12-30,20.304,20.229,0.075,FINAL
2012-12-31,20.282,20.233,0.049,FINAL
2013-01-01,20.295,20.238,0.057,FINAL
2013-01-02,20.284,20.242,0.042,FINAL
2013-01-03,20.268,20.247,0.021,FINAL
2013-01-04,20.271,20.252,0.019,FINAL
2013-01-05,20.229,20.256,-0.027,FINAL
2013-01-06,20.238,20.261,-0.024,FINAL
2013-01-07,20.255,20.266,-0.011,FINAL
2013-01-08,20.246,20.271,-0.025,FINAL
2013-01-09,20.232,20.276,-0.044,FINAL
2013-01-10,20.259,20.281,-0.022,FINAL
2013-01-11,20.3,20.286,0.014,FINAL
2013-01-12,20.313,20.291,0.022,FINAL
2013-01-13,20.317,20.297,0.021,FINAL
2013-01-14,20.329,20.302,0.027,FINAL
2013-01-15,20.308,20.307,0.001,FINAL
2013-01-16,20.317,20.313,0.004,FINAL
2013-01-17,20.33,20.318,0.011,FINAL
2013-01-18,20.335,20.324,0.012,FINAL
2013-01-19,20.318,20.329,-0.011,FINAL
2013-01-20,20.335,20.335,0.0,FINAL
2013-01-21,20.337,20.341,-0.004,FINAL
2013-01-22,20.358,20.346,0.012,FINAL
2013-01-23,20.366,20.352,0.014,FINAL
2013-01-24,20.393,20.358,0.035,FINAL
2013-01-25,20.387,20.364,0.023,FINAL
2013-01-26,20.385,20.37,0.015,FINAL
2013-01-27,20.377,20.375,0.001,FINAL
2013-01-28,20.387,20.381,0.006,FINAL
2013-01-29,20.398,20.387,0.011,FINAL
2013-01-30,20.398,20.392,0.006,FINAL
2013-01-31,20.413,20.398,0.015,FINAL
2013-02-01,20.428,20.404,0.024,FINAL
2013-02-02,20.429,20.409,0.02,FINAL
2013-02-03,20.437,20.415,0.022,FINAL
2013-02-04,20.443,20.42,0.023,FINAL
2013-02-05,20.47,20.425,0.045,FINAL
2013-02-06,20.476,20.43,0.046,FINAL
2013-02-07,20.492,20.436,0.056,FINAL
2013-02-08,20.506,20.44,0.065,FINAL
2013-02-09,20.505,20.445,0.059,FINAL
2013-02-10,20.523,20.45,0.073,FINAL
2013-02-11,20.543,20.455,0.088,FINAL
2013-02-12,20.54,20.459,0.081,FINAL
2013-02-13,20.527,20.463,0.064,FINAL
2013-02-14,20.514,20.468,0.046,FINAL
2013-02-15,20.512,20.472,0.04,FINAL
2013-02-16,20.527,20.476,0.051,FINAL
2013-02-17,20.526,20.48,0.046,FINAL
2013-02-18,20.516,20.483,0.033,FINAL
2013-02-19,20.511,20.487,0.024,FINAL
2013-02-20,20.504,20.49,0.014,FINAL
2013-02-21,20.499,20.493,0.006,FINAL
2013-02-22,20.491,20.497,-0.006,FINAL
2013-02-23,20.482,20.5,-0.018,FINAL
2013-02-24,20.484,20.503,-0.019,FINAL
2013-02-25,20.501,20.505,-0.005,FINAL
2013-02-26,20.502,20.508,-0.006,FINAL
2013-02-27,20.499,20.51,-0.011,FINAL
2013-02-28,20.495,20.513,-0.018,FINAL
2013-03-01,20.502,20.515,-0.013,FINAL
2013-03-02,20.495,20.517,-0.022,FINAL
2013-03-03,20.487,20.52,-0.033,FINAL
2013-03-04,20.51,20.522,-0.011,FINAL
2013-03-05,20.516,20.523,-0.008,FINAL
2013-03-06,20.529,20.525,0.004,FINAL
2013-03-07,20.523,20.527,-0.004,FINAL
2013-03-08,20.516,20.529,-0.012,FINAL
2013-03-09,20.531,20.53,0.001,FINAL
2013-03-10,20.523,20.531,-0.008,FINAL
2013-03-11,20.53,20.533,-0.003,FINAL
2013-03-12,20.561,20.534,0.027,FINAL
2013-03-13,20.597,20.535,0.062,FINAL
2013-03-14,20.586,20.536,0.05,FINAL
2013-03-15,20.561,20.537,0.024,FINAL
2013-03-16,20.586,20.538,0.049,FINAL
2013-03-17,20.597,20.538,0.058,FINAL
2013-03-18,20.623,20.539,0.084,FINAL
2013-03-19,20.625,20.539,0.086,FINAL
2013-03-20,20.606,20.54,0.066,FINAL
2013-03-21,20.6,20.54,0.06,FINAL
2013-03-22,20.623,20.54,0.083,FINAL
2013-03-23,20.641,20.54,0.101,FINAL
2013-03-24,20.617,20.54,0.077,FINAL
2013-03-25,20.606,20.539,0.067,FINAL
2013-03-26,20.616,20.539,0.077,FINAL
2013-03-27,20.605,20.538,0.067,FINAL
2013-03-28,20.605,20.538,0.067,FINAL
2013-03-29,20.582,20.537,0.045,FINAL
2013-03-30,20.56,20.536,0.025,FINAL
2013-03-31,20.569,20.535,0.034,FINAL
2013-04-01,20.583,20.534,0.049,FINAL
2013-04-02,20.584,20.532,0.051,FINAL
2013-04-03,20.572,20.531,0.042,FINAL
2013-04-04,20.569,20.529,0.04,FINAL
2013-04-05,20.551,20.528,0.023,FINAL
2013-04-06,20.542,20.526,0.016,FINAL
2013-04-07,20.541,20.524,0.017,FINAL
2013-04-08,20.529,20.522,0.007,FINAL
2013-04-09,20.526,20.52,0.006,FINAL
2013-04-10,20.519,20.517,0.001,FINAL
2013-04-11,20.508,20.515,-0.007,FINAL
2013-04-12,20.488,20.513,-0.024,FINAL
2013-04-13,20.471,20.51,-0.039,FINAL
2013-04-14,20.492,20.508,-0.015,FINAL
2013-04-15,20.507,20.505,0.002,FINAL
2013-04-16,20.52,20.502,0.018,FINAL
2013-04-17,20.527,20.5,0.027,FINAL
2013-04-18,20.527,20.497,0.03,FINAL
2013-04-19,20.528,20.494,0.034,FINAL
2013-04-20,20.529,20.491,0.038,FINAL
2013-04-21,20.52,20.488,0.032,FINAL
2013-04-22,20.502,20.485,0.017,FINAL
2013-04-23,20.497,20.482,0.015,FINAL
2013-04-24,20.506,20.479,0.027,FINAL
2013-04-25,20.487,20.476,0.011,FINAL
2013-04-26,20.493,20.473,0.02,FINAL
2013-04-27,20.485,20.469,0.015,FINAL
2013-04-28,20.488,20.466,0.022,FINAL
2013-04-29,20.488,20.463,0.025,FINAL
2013-04-30,20.48,20.46,0.02,FINAL
2013-05-01,20.491,20.457,0.034,FINAL
2013-05-02,20.481,20.453,0.028,FINAL
2013-05-03,20.484,20.45,0.034,FINAL
2013-05-04,20.477,20.447,0.03,FINAL
2013-05-05,20.48,20.444,0.036,FINAL
2013-05-06,20.475,20.441,0.034,FINAL
2013-05-07,20.479,20.437,0.042,FINAL
2013-05-08,20.484,20.434,0.05,FINAL
2013-05-09,20.476,20.431,0.045,FINAL
2013-05-10,20.47,20.428,0.042,FINAL
2013-05-11,20.436,20.425,0.012,FINAL
2013-05-12,20.415,20.421,-0.006,FINAL
2013-05-13,20.41,20.418,-0.008,FINAL
2013-05-14,20.398,20.415,-0.017,FINAL
2013-05-15,20.408,20.412,-0.004,FINAL
2013-05-16,20.392,20.409,-0.017,FINAL
2013-05-17,20.392,20.406,-0.014,FINAL
2013-05-18,20.388,20.403,-0.015,FINAL
2013-05-19,20.383,20.4,-0.017,FINAL
2013-05-20,20.375,20.397,-0.022,FINAL
2013-05-21,20.396,20.394,0.001,FINAL
2013-05-22,20.396,20.392,0.004,FINAL
2013-05-23,20.394,20.389,0.006,FINAL
2013-05-24,20.388,20.386,0.002,FINAL
2013-05-25,20.384,20.383,0.0,FINAL
2013-05-26,20.361,20.381,-0.019,FINAL
2013-05-27,20.351,20.378,-0.027,FINAL
2013-05-28,20.324,20.376,-0.052,FINAL
2013-05-29,20.329,20.374,-0.045,FINAL
2013-05-30,20.332,20.371,-0.039,FINAL
2013-05-31,20.328,20.369,-0.041,FINAL
2013-06-01,20.34,20.367,-0.027,FINAL
2013-06-02,20.343,20.365,-0.022,FINAL
2013-06-03,20.332,20.363,-0.031,FINAL
2013-06-04,20.326,20.361,-0.035,FINAL
2013-06-05,20.333,20.36,-0.026,FINAL
2013-06-06,20.328,20.358,-0.031,FINAL
2013-06-07,20.32,20.357,-0.036,FINAL
2013-06-08,20.312,20.355,-0.043,FINAL
2013-06-09,20.317,20.354,-0.037,FINAL
2013-06-10,20.324,20.353,-0.029,FINAL
2013-06-11,20.314,20.352,-0.037,FINAL
2013-06-12,20.305,20.351,-0.046,FINAL
2013-06-13,20.312,20.35,-0.038,FINAL
2013-06-14,20.305,20.349,-0.044,FINAL
2013-06-15,20.316,20.349,-0.033,FINAL
2013-06-16,20.301,20.348,-0.047,FINAL
2013-06-17,20.304,20.348,-0.043,FINAL
2013-06-18,20.305,20.347,-0.043,FINAL
2013-06-19,20.295,20.347,-0.053,FINAL
2013-06-20,20.301,20.347,-0.046,FINAL
2013-06-21,20.289,20.347,-0.058,FINAL
2013-06-22,20.29,20.347,-0.058,FINAL
2013-06-23,20.293,20.348,-0.054,FINAL
2013-06-24,20.303,20.348,-0.045,FINAL
2013-06-25,20.323,20.348,-0.025,FINAL
2013-06-26,20.325,20.349,-0.024,FINAL
2013-06-27,20.33,20.349,-0.019,FINAL
2013-06-28,20.326,20.35,-0.024,FINAL
2013-06-29,20.344,20.351,-0.007,FINAL
2013-06-30,20.353,20.352,0.001,FINAL
2013-07-01,20.366,20.353,0.013,FINAL
2013-07-02,20.372,20.354,0.018,FINAL
2013-07-03,20.378,20.355,0.023,FINAL
2013-07-04,20.375,20.356,0.018,FINAL
2013-07-05,20.362,20.358,0.005,FINAL
2013-07-06,20.366,20.359,0.007,FINAL
2013-07-07,20.385,20.36,0.024,FINAL
2013-07-08,20.401,20.362,0.039,FINAL
2013-07-09,20.414,20.363,0.051,FINAL
2013-07-10,20.434,20.365,0.069,FINAL
2013-07-11,20.439,20.367,0.072,FINAL
2013-07-12,20.415,20.369,0.046,FINAL
2013-07-13,20.418,20.37,0.047,FINAL
2013-07-14,20.435,20.372,0.063,FINAL
2013-07-15,20.442,20.374,0.068,FINAL
2013-07-16,20.451,20.376,0.075,FINAL
2013-07-17,20.437,20.378,0.059,FINAL
2013-07-18,20.444,20.38,0.063,FINAL
2013-07-19,20.451,20.383,0.069,FINAL
2013-07-20,20.455,20.385,0.07,FINAL
2013-07-21,20.461,20.387,0.074,FINAL
2013-07-22,20.469,20.389,0.079,FINAL
2013-07-23,20.457,20.391,0.066,FINAL
2013-07-24,20.478,20.394,0.084,FINAL
2013-07-25,20.51,20.396,0.114,FINAL
2013-07-26,20.518,20.398,0.12,FINAL
2013-07-27,20.476,20.401,0.075,FINAL
2013-07-28,20.479,20.403,0.076,FINAL
2013-07-29,20.489,20.405,0.084,FINAL
2013-07-30,20.488,20.407,0.081,FINAL
2013-07-31,20.483,20.41,0.074,FINAL
2013-08-01,20.472,20.412,0.061,FINAL
2013-08-02,20.455,20.414,0.041,FINAL
2013-08-03,20.462,20.416,0.046,FINAL
2013-08-04,20.445,20.418,0.027,FINAL
2013-08-05,20.463,20.42,0.043,FINAL
2013-08-06,20.476,20.422,0.054,FINAL
2013-08-07,20.481,20.424,0.057,FINAL
2013-08-08,20.482,20.426,0.057,FINAL
2013-08-09,20.494,20.427,0.067,FINAL
2013-08-10,20.485,20.429,0.056,FINAL
2013-08-11,20.481,20.43,0.051,FINAL
2013-08-12,20.519,20.431,0.088,FINAL
2013-08-13,20.503,20.432,0.07,FINAL
2013-08-14,20.503,20.433,0.069,FINAL
2013-08-15,20.522,20.434,0.088,FINAL
2013-08-16,20.528,20.435,0.093,FINAL
2013-08-17,20.531,20.435,0.096,FINAL
2013-08-18,20.536,20.436,0.1,FINAL
2013-08-19,20.524,20.436,0.089,FINAL
2013-08-20,20.54,20.436,0.104,FINAL
2013-08-21,20.547,20.436,0.112,FINAL
2013-08-22,20.536,20.435,0.101,FINAL
2013-08-23,20.586,20.434,0.152,FINAL
2013-08-24,20.589,20.433,0.155,FINAL
2013-08-25,20.543,20.432,0.11,FINAL
2013-08-26,20.526,20.431,0.095,FINAL
2013-08-27,20.512,20.429,0.083,FINAL
2013-08-28,20.513,20.428,0.086,FINAL
2013-08-29,20.516,20.426,0.091,FINAL
2013-08-30,20.516,20.423,0.093,FINAL
2013-08-31,20.522,20.421,0.101,FINAL
2013-09-01,20.515,20.418,0.097,FINAL
2013-09-02,20.508,20.415,0.092,FINAL
2013-09-03,20.524,20.412,0.112,FINAL
2013-09-04,20.524,20.409,0.115,FINAL
2013-09-05,20.53,20.405,0.125,FINAL
2013-09-06,20.509,20.401,0.108,FINAL
2013-09-07,20.502,20.397,0.104,FINAL
2013-09-08,20.494,20.393,0.101,FINAL
2013-09-09,20.496,20.389,0.107,FINAL
2013-09-10,20.485,20.384,0.1,FINAL
2013-09-11,20.475,20.379,0.095,FINAL
2013-09-12,20.487,20.375,0.112,FINAL
2013-09-13,20.494,20.37,0.125,FINAL
2013-09-14,20.481,20.364,0.117,FINAL
2013-09-15,20.453,20.359,0.094,FINAL
2013-09-16,20.425,20.354,0.072,FINAL
2013-09-17,20.403,20.348,0.055,FINAL
2013-09-18,20.4,20.343,0.057,FINAL
2013-09-19,20.391,20.337,0.054,FINAL
2013-09-20,20.391,20.331,0.06,FINAL
2013-09-21,20.388,20.326,0.062,FINAL
2013-09-22,20.36,20.32,0.04,FINAL
2013-09-23,20.347,20.314,0.033,FINAL
2013-09-24,20.348,20.308,0.039,FINAL
2013-09-25,20.342,20.303,0.04,FINAL
2013-09-26,20.341,20.297,0.044,FINAL
2013-09-27,20.34,20.291,0.049,FINAL
2013-09-28,20.336,20.286,0.051,FINAL
2013-09-29,20.341,20.28,0.061,FINAL
2013-09-30,20.33,20.274,0.055,FINAL
2013-10-01,20.333,20.269,0.064,FINAL
2013-10-02,20.338,20.264,0.074,FINAL
2013-10-03,20.338,20.258,0.079,FINAL
2013-10-04,20.328,20.253,0.075,FINAL
2013-10-05,20.315,20.248,0.067,FINAL
2013-10-06,20.295,20.243,0.052,FINAL
2013-10-07,20.285,20.238,0.046,FINAL
2013-10-08,20.287,20.233,0.054,FINAL
2013-10-09,20.288,20.229,0.059,FINAL
2013-10-10,20.275,20.224,0.051,FINAL
2013-10-11,20.267,20.22,0.047,FINAL
2013-10-12,20.284,20.216,0.068,FINAL
2013-10-13,20.272,20.211,0.06,FINAL
2013-10-14,20.27,20.207,0.063,FINAL
2013-10-15,20.265,20.203,0.062,FINAL
2013-10-16,20.255,20.199,0.055,FINAL
2013-10-17,20.239,20.196,0.043,FINAL
2013-10-18,20.237,20.192,0.045,FINAL
2013-10-19,20.225,20.189,0.036,FINAL
2013-10-20,20.219,20.185,0.034,FINAL
2013-10-21,20.218,20.182,0.036,FINAL
2013-10-22,20.209,20.178,0.03,FINAL
2013-10-23,20.214,20.175,0.039,FINAL
2013-10-24,20.225,20.172,0.053,FINAL
2013-10-25,20.205,20.169,0.036,FINAL
2013-10-26,20.205,20.166,0.039,FINAL
2013-10-27,20.212,20.163,0.049,FINAL
2013-10-28,20.211,20.16,0.051,FINAL
2013-10-29,20.205,20.157,0.048,FINAL
2013-10-30,20.201,20.154,0.046,FINAL
2013-10-31,20.21,20.152,0.058,FINAL
2013-11-01,20.218,20.149,0.068,FINAL
2013-11-02,20.202,20.146,0.055,FINAL
2013-11-03,20.202,20.144,0.058,FINAL
2013-11-04,20.202,20.142,0.06,FINAL
2013-11-05,20.205,20.139,0.066,FINAL
2013-11-06,20.19,20.137,0.053,FINAL
2013-11-07,20.174,20.135,0.039,FINAL
2013-11-08,20.166,20.133,0.033,FINAL
2013-11-09,20.162,20.131,0.031,FINAL
2013-11-10,20.171,20.129,0.043,FINAL
2013-11-11,20.167,20.127,0.04,FINAL
2013-11-12,20.15,20.125,0.025,FINAL
2013-11-13,20.141,20.124,0.017,FINAL
2013-11-14,20.131,20.123,0.009,FINAL
2013-11-15,20.132,20.121,0.011,FINAL
2013-11-16,20.137,20.12,0.017,FINAL
2013-11-17,20.168,20.119,0.048,FINAL
2013-11-18,20.185,20.119,0.067,FINAL
2013-11-19,20.198,20.118,0.08,FINAL
2013-11-20,20.215,20.118,0.098,FINAL
2013-11-21,20.209,20.117,0.092,FINAL
2013-11-22,20.207,20.117,0.089,FINAL
2013-11-23,20.222,20.117,0.104,FINAL
2013-11-24,20.227,20.118,0.11,FINAL
2013-11-25,20.219,20.118,0.101,FINAL
2013-11-26,20.216,20.119,0.097,FINAL
2013-11-27,20.188,20.12,0.068,FINAL
2013-11-28,20.152,20.121,0.031,FINAL
2013-11-29,20.151,20.123,0.028,FINAL
2013-11-30,20.148,20.124,0.024,FINAL
2013-12-01,20.151,20.126,0.025,FINAL
2013-12-02,20.154,20.128,0.026,FINAL
2013-12-03,20.168,20.13,0.039,FINAL
2013-12-04,20.171,20.132,0.039,FINAL
2013-12-05,20.19,20.135,0.056,FINAL
2013-12-06,20.184,20.137,0.047,FINAL
2013-12-07,20.183,20.14,0.043,FINAL
2013-12-08,20.19,20.143,0.047,FINAL
2013-12-09,20.193,20.146,0.047,FINAL
2013-12-10,20.203,20.149,0.054,FINAL
2013-12-11,20.201,20.152,0.049,FINAL
2013-12-12,20.208,20.156,0.052,FINAL
2013-12-13,20.208,20.159,0.049,FINAL
2013-12-14,20.236,20.163,0.073,FINAL
2013-12-15,20.249,20.167,0.083,FINAL
2013-12-16,20.252,20.17,0.082,FINAL
2013-12-17,20.259,20.174,0.085,FINAL
2013-12-18,20.257,20.178,0.079,FINAL
2013-12-19,20.253,20.182,0.071,FINAL
2013-12-20,20.231,20.186,0.045,FINAL
2013-12-21,20.271,20.19,0.081,FINAL
2013-12-22,20.25,20.194,0.056,FINAL
2013-12-23,20.238,20.198,0.04,FINAL
2013-12-24,20.25,20.203,0.047,FINAL
2013-12-25,20.273,20.207,0.066,FINAL
2013-12-26,20.287,20.211,0.076,FINAL
2013-12-27,20.285,20.216,0.069,FINAL
2013-12-28,20.304,20.22,0.084,FINAL
2013-12-29,20.31,20.224,0.086,FINAL
2013-12-30,20.322,20.229,0.093,FINAL
2013-12-31,20.324,20.233,0.091,FINAL
2014-01-01,20.324,20.238,0.086,FINAL
2014-01-02,20.336,20.242,0.094,FINAL
2014-01-03,20.327,20.247,0.08,FINAL
2014-01-04,20.324,20.252,0.072,FINAL
2014-01-05,20.341,20.256,0.085,FINAL
2014-01-06,20.344,20.261,0.083,FINAL
2014-01-07,20.348,20.266,0.082,FINAL
2014-01-08,20.354,20.271,0.083,FINAL
2014-01-09,20.346,20.276,0.07,FINAL
2014-01-10,20.332,20.281,0.051,FINAL
2014-01-11,20.337,20.286,0.05,FINAL
2014-01-12,20.339,20.291,0.048,FINAL
2014-01-13,20.353,20.297,0.057,FINAL
2014-01-14,20.351,20.302,0.049,FINAL
2014-01-15,20.36,20.307,0.053,FINAL
2014-01-16,20.367,20.313,0.054,FINAL
2014-01-17,20.364,20.318,0.045,FINAL
2014-01-18,20.373,20.324,0.05,FINAL
2014-01-19,20.394,20.329,0.064,FINAL
2014-01-20,20.414,20.335,0.079,FINAL
2014-01-21,20.414,20.341,0.073,FINAL
2014-01-22,20.423,20.346,0.077,FINAL
2014-01-23,20.409,20.352,0.057,FINAL
2014-01-24,20.413,20.358,0.055,FINAL
2014-01-25,20.415,20.364,0.051,FINAL
2014-01-26,20.402,20.37,0.033,FINAL
2014-01-27,20.412,20.375,0.037,FINAL
2014-01-28,20.412,20.381,0.03,FINAL
2014-01-29,20.424,20.387,0.038,FINAL
2014-01-30,20.418,20.392,0.025,FINAL
2014-01-31,20.439,20.398,0.041,FINAL
2014-02-01,20.445,20.404,0.041,FINAL
2014-02-02,20.464,20.409,0.055,FINAL
2014-02-03,20.495,20.415,0.081,FINAL
2014-02-04,20.496,20.42,0.076,FINAL
2014-02-05,20.489,20.425,0.063,FINAL
2014-02-06,20.472,20.43,0.042,FINAL
2014-02-07,20.469,20.436,0.034,FINAL
2014-02-08,20.492,20.44,0.051,FINAL
2014-02-09,20.506,20.445,0.061,FINAL
2014-02-10,20.514,20.45,0.064,FINAL
2014-02-11,20.505,20.455,0.051,FINAL
2014-02-12,20.52,20.459,0.06,FINAL
2014-02-13,20.521,20.463,0.058,FINAL
2014-02-14,20.526,20.468,0.059,FINAL
2014-02-15,20.535,20.472,0.063,FINAL
2014-02-16,20.543,20.476,0.067,FINAL
2014-02-17,20.527,20.48,0.047,FINAL
2014-02-18,20.528,20.483,0.045,FINAL
2014-02-19,20.516,20.487,0.029,FINAL
2014-02-20,20.502,20.49,0.012,FINAL
2014-02-21,20.512,20.493,0.019,FINAL
2014-02-22,20.513,20.497,0.016,FINAL
2014-02-23,20.515,20.5,0.015,FINAL
2014-02-24,20.525,20.503,0.023,FINAL
2014-02-25,20.52,20.505,0.015,FINAL
2014-02-26,20.531,20.508,0.023,FINAL
2014-02-27,20.552,20.51,0.041,FINAL
2014-02-28,20.556,20.513,0.043,FINAL
2014-03-01,20.56,20.515,0.044,FINAL
2014-03-02,20.556,20.517,0.039,FINAL
2014-03-03,20.557,20.52,0.037,FINAL
2014-03-04,20.56,20.522,0.038,FINAL
2014-03-05,20.556,20.523,0.032,FINAL
2014-03-06,20.592,20.525,0.067,FINAL
2014-03-07,20.588,20.527,0.061,FINAL
2014-03-08,20.611,20.529,0.082,FINAL
2014-03-09,20.628,20.53,0.098,FINAL
2014-03-10,20.659,20.531,0.128,FINAL
2014-03-11,20.633,20.533,0.1,FINAL
2014-03-12,20.603,20.534,0.069,FINAL
2014-03-13,20.583,20.535,0.048,FINAL
2014-03-14,20.58,20.536,0.044,FINAL
2014-03-15,20.563,20.537,0.026,FINAL
2014-03-16,20.551,20.538,0.014,FINAL
2014-03-17,20.554,20.538,0.016,FINAL
2014-03-18,20.557,20.539,0.018,FINAL
2014-03-19,20.587,20.539,0.048,FINAL
2014-03-20,20.591,20.54,0.051,FINAL
2014-03-21,20.602,20.54,0.062,FINAL
2014-03-22,20.598,20.54,0.058,FINAL
2014-03-23,20.602,20.54,0.062,FINAL
2014-03-24,20.61,20.54,0.07,FINAL
2014-03-25,20.603,20.539,0.064,FINAL
2014-03-26,20.603,20.539,0.064,FINAL
2014-03-27,20.598,20.538,0.06,FINAL
2014-03-28,20.615,20.538,0.077,FINAL
2014-03-29,20.603,20.537,0.066,FINAL
2014-03-30,20.603,20.536,0.067,FINAL
2014-03-31,20.593,20.535,0.059,FINAL
2014-04-01,20.59,20.534,0.056,FINAL
2014-04-02,20.596,20.532,0.064,FINAL
2014-04-03,20.586,20.531,0.055,FINAL
2014-04-04,20.581,20.529,0.052,FINAL
2014-04-05,20.567,20.528,0.039,FINAL
2014-04-06,20.565,20.526,0.039,FINAL
2014-04-07,20.57,20.524,0.046,FINAL
2014-04-08,20.572,20.522,0.05,FINAL
2014-04-09,20.569,20.52,0.05,FINAL
2014-04-10,20.578,20.517,0.061,FINAL
2014-04-11,20.571,20.515,0.056,FINAL
2014-04-12,20.575,20.513,0.062,FINAL
2014-04-13,20.566,20.51,0.056,FINAL
2014-04-14,20.586,20.508,0.078,FINAL
2014-04-15,20.573,20.505,0.067,FINAL
2014-04-16,20.553,20.502,0.051,FINAL
2014-04-17,20.608,20.5,0.108,FINAL
2014-04-18,20.6,20.497,0.104,FINAL
2014-04-19,20.638,20.494,0.144,FINAL
2014-04-20,20.593,20.491,0.102,FINAL
2014-04-21,20.623,20.488,0.136,FINAL
2014-04-22,20.599,20.485,0.114,FINAL
2014-04-23,20.604,20.482,0.122,FINAL
2014-04-24,20.599,20.479,0.121,FINAL
2014-04-25,20.597,20.476,0.122,FINAL
2014-04-26,20.597,20.473,0.124,FINAL
2014-04-27,20.6,20.469,0.13,FINAL
2014-04-28,20.594,20.466,0.128,FINAL
2014-04-29,20.59,20.463,0.126,FINAL
2014-04-30,20.587,20.46,0.127,FINAL
2014-05-01,20.593,20.457,0.136,FINAL
2014-05-02,20.591,20.453,0.137,FINAL
2014-05-03,20.576,20.45,0.126,FINAL
2014-05-04,20.573,20.447,0.126,FINAL
2014-05-05,20.562,20.444,0.118,FINAL
2014-05-06,20.561,20.441,0.121,FINAL
2014-05-07,20.559,20.437,0.122,FINAL
2014-05-08,20.557,20.434,0.123,FINAL
2014-05-09,20.558,20.431,0.127,FINAL
2014-05-10,20.555,20.428,0.128,FINAL
2014-05-11,20.549,20.425,0.124,FINAL
2014-05-12,20.546,20.421,0.124,FINAL
2014-05-13,20.55,20.418,0.132,FINAL
2014-05-14,20.549,20.415,0.134,FINAL
2014-05-15,20.544,20.412,0.132,FINAL
2014-05-16,20.559,20.409,0.15,FINAL
2014-05-17,20.55,20.406,0.144,FINAL
2014-05-18,20.549,20.403,0.146,FINAL
2014-05-19,20.546,20.4,0.146,FINAL
2014-05-20,20.547,20.397,0.15,FINAL
2014-05-21,20.567,20.394,0.173,FINAL
2014-05-22,20.537,20.392,0.146,FINAL
2014-05-23,20.545,20.389,0.156,FINAL
2014-05-24,20.551,20.386,0.165,FINAL
2014-05-25,20.575,20.383,0.192,FINAL
2014-05-26,20.576,20.381,0.195,FINAL
2014-05-27,20.574,20.378,0.196,FINAL
2014-05-28,20.534,20.376,0.158,FINAL
2014-05-29,20.51,20.374,0.137,FINAL
2014-05-30,20.51,20.371,0.138,FINAL
2014-05-31,20.492,20.369,0.123,FINAL
2014-06-01,20.494,20.367,0.127,FINAL
2014-06-02,20.477,20.365,0.112,FINAL
2014-06-03,20.479,20.363,0.116,FINAL
2014-06-04,20.486,20.361,0.125,FINAL
2014-06-05,20.492,20.36,0.132,FINAL
2014-06-06,20.501,20.358,0.143,FINAL
2014-06-07,20.471,20.357,0.115,FINAL
2014-06-08,20.479,20.355,0.124,FINAL
2014-06-09,20.489,20.354,0.135,FINAL
2014-06-10,20.485,20.353,0.133,FINAL
2014-06-11,20.485,20.352,0.133,FINAL
2014-06-12,20.469,20.351,0.118,FINAL
2014-06-13,20.463,20.35,0.113,FINAL
2014-06-14,20.476,20.349,0.127,FINAL
2014-06-15,20.481,20.349,0.132,FINAL
2014-06-16,20.487,20.348,0.139,FINAL
2014-06-17,20.485,20.348,0.137,FINAL
2014-06-18,20.489,20.347,0.141,FINAL
2014-06-19,20.491,20.347,0.144,FINAL
2014-06-20,20.479,20.347,0.132,FINAL
2014-06-21,20.48,20.347,0.133,FINAL
2014-06-22,20.486,20.347,0.138,FINAL
2014-06-23,20.503,20.348,0.155,FINAL
2014-06-24,20.528,20.348,0.18,FINAL
2014-06-25,20.518,20.348,0.17,FINAL
2014-06-26,20.514,20.349,0.165,FINAL
2014-06-27,20.516,20.349,0.166,FINAL
2014-06-28,20.513,20.35,0.163,FINAL
2014-06-29,20.513,20.351,0.162,FINAL
2014-06-30,20.509,20.352,0.157,FINAL
2014-07-01,20.498,20.353,0.145,FINAL
2014-07-02,20.503,20.354,0.149,FINAL
2014-07-03,20.507,20.355,0.152,FINAL
2014-07-04,20.493,20.356,0.137,FINAL
2014-07-05,20.522,20.358,0.165,FINAL
2014-07-06,20.516,20.359,0.158,FINAL
2014-07-07,20.491,20.36,0.131,FINAL
2014-07-08,20.499,20.362,0.137,FINAL
2014-07-09,20.485,20.363,0.122,FINAL
2014-07-10,20.477,20.365,0.112,FINAL
2014-07-11,20.479,20.367,0.112,FINAL
2014-07-12,20.482,20.369,0.113,FINAL
2014-07-13,20.493,20.37,0.123,FINAL
2014-07-14,20.502,20.372,0.129,FINAL
2014-07-15,20.515,20.374,0.14,FINAL
2014-07-16,20.502,20.376,0.126,FINAL
2014-07-17,20.505,20.378,0.127,FINAL
2014-07-18,20.513,20.38,0.133,FINAL
2014-07-19,20.515,20.383,0.132,FINAL
2014-07-20,20.517,20.385,0.133,FINAL
2014-07-21,20.497,20.387,0.11,FINAL
2014-07-22,20.494,20.389,0.104,FINAL
2014-07-23,20.479,20.391,0.087,FINAL
2014-07-24,20.493,20.394,0.099,FINAL
2014-07-25,20.477,20.396,0.081,FINAL
2014-07-26,20.481,20.398,0.082,FINAL
2014-07-27,20.505,20.401,0.105,FINAL
2014-07-28,20.522,20.403,0.119,FINAL
2014-07-29,20.515,20.405,0.11,FINAL
2014-07-30,20.531,20.407,0.123,FINAL
2014-07-31,20.549,20.41,0.14,FINAL
2014-08-01,20.567,20.412,0.155,FINAL
2014-08-02,20.553,20.414,0.139,FINAL
2014-08-03,20.571,20.416,0.155,FINAL
2014-08-04,20.57,20.418,0.152,FINAL
2014-08-05,20.578,20.42,0.158,FINAL
2014-08-06,20.581,20.422,0.159,FINAL
2014-08-07,20.584,20.424,0.16,FINAL
2014-08-08,20.588,20.426,0.163,FINAL
2014-08-09,20.576,20.427,0.149,FINAL
2014-08-10,20.58,20.429,0.151,FINAL
2014-08-11,20.571,20.43,0.14,FINAL
2014-08-12,20.555,20.431,0.123,FINAL
2014-08-13,20.554,20.432,0.121,FINAL
2014-08-14,20.555,20.433,0.122,FINAL
2014-08-15,20.554,20.434,0.12,FINAL
2014-08-16,20.564,20.435,0.129,FINAL
2014-08-17,20.569,20.435,0.134,FINAL
2014-08-18,20.578,20.436,0.142,FINAL
2014-08-19,20.586,20.436,0.15,FINAL
2014-08-20,20.586,20.436,0.151,FINAL
2014-08-21,20.591,20.436,0.155,FINAL
2014-08-22,20.611,20.435,0.176,FINAL
2014-08-23,20.627,20.434,0.193,FINAL
2014-08-24,20.641,20.433,0.207,FINAL
2014-08-25,20.626,20.432,0.193,FINAL
2014-08-26,20.618,20.431,0.187,FINAL
2014-08-27,20.614,20.429,0.184,FINAL
2014-08-28,20.612,20.428,0.184,FINAL
2014-08-29,20.613,20.426,0.187,FINAL
2014-08-30,20.615,20.423,0.192,FINAL
2014-08-31,20.605,20.421,0.184,FINAL
2014-09-01,20.631,20.418,0.213,FINAL
2014-09-02,20.621,20.415,0.206,FINAL
2014-09-03,20.612,20.412,0.2,FINAL
2014-09-04,20.617,20.409,0.208,FINAL
2014-09-05,20.597,20.405,0.192,FINAL
2014-09-06,20.57,20.401,0.169,FINAL
2014-09-07,20.554,20.397,0.157,FINAL
2014-09-08,20.554,20.393,0.161,FINAL
2014-09-09,20.559,20.389,0.17,FINAL
2014-09-10,20.543,20.384,0.159,FINAL
2014-09-11,20.531,20.379,0.152,FINAL
2014-09-12,20.533,20.375,0.158,FINAL
2014-09-13,20.537,20.37,0.167,FINAL
2014-09-14,20.537,20.364,0.173,FINAL
2014-09-15,20.522,20.359,0.163,FINAL
2014-09-16,20.537,20.354,0.183,FINAL
2014-09-17,20.546,20.348,0.198,FINAL
2014-09-18,20.537,20.343,0.194,FINAL
2014-09-19,20.522,20.337,0.185,FINAL
2014-09-20,20.504,20.331,0.173,FINAL
2014-09-21,20.483,20.326,0.157,FINAL
2014-09-22,20.488,20.32,0.168,FINAL
2014-09-23,20.475,20.314,0.161,FINAL
2014-09-24,20.469,20.308,0.16,FINAL
2014-09-25,20.457,20.303,0.155,FINAL
2014-09-26,20.445,20.297,0.148,FINAL
2014-09-27,20.436,20.291,0.145,FINAL
2014-09-28,20.444,20.286,0.159,FINAL
2014-09-29,20.435,20.28,0.155,FINAL
2014-09-30,20.423,20.274,0.149,FINAL
2014-10-01,20.409,20.269,0.14,FINAL
2014-10-02,20.413,20.264,0.149,FINAL
2014-10-03,20.424,20.258,0.166,FINAL
2014-10-04,20.419,20.253,0.166,FINAL
2014-10-05,20.402,20.248,0.154,FINAL
2014-10-06,20.375,20.243,0.132,FINAL
2014-10-07,20.365,20.238,0.127,FINAL
2014-10-08,20.359,20.233,0.126,FINAL
2014-10-09,20.362,20.229,0.133,FINAL
2014-10-10,20.365,20.224,0.141,FINAL
2014-10-11,20.364,20.22,0.144,FINAL
2014-10-12,20.358,20.216,0.142,FINAL
2014-10-13,20.353,20.211,0.142,FINAL
2014-10-14,20.342,20.207,0.135,FINAL
2014-10-15,20.354,20.203,0.151,FINAL
2014-10-16,20.336,20.199,0.137,FINAL
2014-10-17,20.331,20.196,0.135,FINAL
2014-10-18,20.343,20.192,0.151,FINAL
2014-10-19,20.329,20.189,0.14,FINAL
2014-10-20,20.322,20.185,0.137,FINAL
2014-10-21,20.327,20.182,0.145,FINAL
2014-10-22,20.313,20.178,0.134,FINAL
2014-10-23,20.3,20.175,0.125,FINAL
2014-10-24,20.307,20.172,0.135,FINAL
2014-10-25,20.315,20.169,0.146,FINAL
2014-10-26,20.316,20.166,0.15,FINAL
2014-10-27,20.323,20.163,0.16,FINAL
2014-10-28,20.316,20.16,0.156,FINAL
2014-10-29,20.302,20.157,0.145,FINAL
2014-10-30,20.279,20.154,0.125,FINAL
2014-10-31,20.279,20.152,0.127,FINAL
2014-11-01,20.282,20.149,0.133,FINAL
2014-11-02,20.275,20.146,0.129,FINAL
2014-11-03,20.252,20.144,0.108,FINAL
2014-11-04,20.232,20.142,0.09,FINAL
2014-11-05,20.224,20.139,0.085,FINAL
2014-11-06,20.234,20.137,0.097,FINAL
2014-11-07,20.227,20.135,0.093,FINAL
2014-11-08,20.228,20.133,0.095,FINAL
2014-11-09,20.217,20.131,0.086,FINAL
2014-11-10,20.217,20.129,0.088,FINAL
2014-11-11,20.224,20.127,0.097,FINAL
2014-11-12,20.211,20.125,0.086,FINAL
2014-11-13,20.197,20.124,0.073,FINAL
2014-11-14,20.201,20.123,0.079,FINAL
2014-11-15,20.206,20.121,0.084,FINAL
2014-11-16,20.202,20.12,0.082,FINAL
2014-11-17,20.202,20.119,0.083,FINAL
2014-11-18,20.213,20.119,0.095,FINAL
2014-11-19,20.218,20.118,0.1,FINAL
2014-11-20,20.227,20.118,0.109,FINAL
2014-11-21,20.231,20.117,0.113,FINAL
2014-11-22,20.244,20.117,0.127,FINAL
2014-11-23,20.25,20.117,0.132,FINAL
2014-11-24,20.265,20.118,0.147,FINAL
2014-11-25,20.265,20.118,0.146,FINAL
2014-11-26,20.253,20.119,0.133,FINAL
2014-11-27,20.263,20.12,0.143,FINAL
2014-11-28,20.265,20.121,0.144,FINAL
2014-11-29,20.262,20.123,0.139,FINAL
2014-11-30,20.266,20.124,0.142,FINAL
2014-12-01,20.248,20.126,0.123,FINAL
2014-12-02,20.241,20.128,0.113,FINAL
2014-12-03,20.227,20.13,0.097,FINAL
2014-12-04,20.227,20.132,0.095,FINAL
2014-12-05,20.23,20.135,0.096,FINAL
2014-12-06,20.234,20.137,0.097,FINAL
2014-12-07,20.239,20.14,0.099,FINAL
2014-12-08,20.241,20.143,0.098,FINAL
2014-12-09,20.242,20.146,0.096,FINAL
2014-12-10,20.248,20.149,0.099,FINAL
2014-12-11,20.26,20.152,0.107,FINAL
2014-12-12,20.262,20.156,0.106,FINAL
2014-12-13,20.264,20.159,0.105,FINAL
2014-12-14,20.265,20.163,0.102,FINAL
2014-12-15,20.272,20.167,0.105,FINAL
2014-12-16,20.272,20.17,0.101,FINAL
2014-12-17,20.272,20.174,0.098,FINAL
2014-12-18,20.285,20.178,0.107,FINAL
2014-12-19,20.291,20.182,0.108,FINAL
2014-12-20,20.295,20.186,0.109,FINAL
2014-12-21,20.298,20.19,0.108,FINAL
2014-12-22,20.309,20.194,0.115,FINAL
2014-12-23,20.313,20.198,0.115,FINAL
2014-12-24,20.32,20.203,0.118,FINAL
2014-12-25,20.331,20.207,0.124,FINAL
2014-12-26,20.33,20.211,0.118,FINAL
2014-12-27,20.33,20.216,0.114,FINAL
2014-12-28,20.348,20.22,0.128,FINAL
2014-12-29,20.361,20.224,0.137,FINAL
2014-12-30,20.367,20.229,0.138,FINAL
2014-12-31,20.38,20.233,0.146,FINAL
2015-01-01,20.356,20.238,0.118,FINAL
2015-01-02,20.344,20.242,0.102,FINAL
2015-01-03,20.349,20.247,0.102,FINAL
2015-01-04,20.347,20.252,0.095,FINAL
2015-01-05,20.368,20.256,0.111,FINAL
2015-01-06,20.375,20.261,0.113,FINAL
2015-01-07,20.364,20.266,0.098,FINAL
2015-01-08,20.376,20.271,0.105,FINAL
2015-01-09,20.373,20.276,0.097,FINAL
2015-01-10,20.364,20.281,0.083,FINAL
2015-01-11,20.354,20.286,0.068,FINAL
2015-01-12,20.363,20.291,0.072,FINAL
2015-01-13,20.365,20.297,0.069,FINAL
2015-01-14,20.372,20.302,0.071,FINAL
2015-01-15,20.386,20.307,0.079,FINAL
2015-01-16,20.404,20.313,0.092,FINAL
2015-01-17,20.431,20.318,0.113,FINAL
2015-01-18,20.455,20.324,0.132,FINAL
2015-01-19,20.472,20.329,0.142,FINAL
2015-01-20,20.466,20.335,0.131,FINAL
2015-01-21,20.448,20.341,0.107,FINAL
2015-01-22,20.441,20.346,0.095,FINAL
2015-01-23,20.431,20.352,0.079,FINAL
2015-01-24,20.434,20.358,0.076,FINAL
2015-01-25,20.435,20.364,0.072,FINAL
2015-01-26,20.453,20.37,0.084,FINAL
2015-01-27,20.478,20.375,0.103,FINAL
2015-01-28,20.468,20.381,0.087,FINAL
2015-01-29,20.485,20.387,0.099,FINAL
2015-01-30,20.501,20.392,0.109,FINAL
2015-01-31,20.495,20.398,0.097,FINAL
2015-02-01,20.494,20.404,0.09,FINAL
2015-02-02,20.518,20.409,0.108,FINAL
2015-02-03,20.522,20.415,0.108,FINAL
2015-02-04,20.516,20.42,0.096,FINAL
2015-02-05,20.521,20.425,0.096,FINAL
2015-02-06,20.54,20.43,0.11,FINAL
2015-02-07,20.554,20.436,0.119,FINAL
2015-02-08,20.564,20.44,0.124,FINAL
2015-02-09,20.562,20.445,0.116,FINAL
2015-02-10,20.546,20.45,0.096,FINAL
2015-02-11,20.565,20.455,0.11,FINAL
2015-02-12,20.578,20.459,0.118,FINAL
2015-02-13,20.572,20.463,0.109,FINAL
2015-02-14,20.584,20.468,0.117,FINAL
2015-02-15,20.575,20.472,0.103,FINAL
2015-02-16,20.593,20.476,0.118,FINAL
2015-02-17,20.578,20.48,0.099,FINAL
2015-02-18,20.588,20.483,0.105,FINAL
2015-02-19,20.583,20.487,0.096,FINAL
2015-02-20,20.577,20.49,0.087,FINAL
2015-02-21,20.578,20.493,0.085,FINAL
2015-02-22,20.594,20.497,0.097,FINAL
2015-02-23,20.61,20.5,0.11,FINAL
2015-02-24,20.618,20.503,0.116,FINAL
2015-02-25,20.614,20.505,0.108,FINAL
2015-02-26,20.615,20.508,0.107,FINAL
2015-02-27,20.622,20.51,0.112,FINAL
2015-02-28,20.625,20.513,0.112,FINAL
2015-03-01,20.633,20.515,0.117,FINAL
2015-03-02,20.635,20.517,0.118,FINAL
2015-03-03,20.637,20.52,0.118,FINAL
2015-03-04,20.635,20.522,0.113,FINAL
2015-03-05,20.633,20.523,0.11,FINAL
2015-03-06,20.618,20.525,0.093,FINAL
2015-03-07,20.602,20.527,0.075,FINAL
2015-03-08,20.595,20.529,0.067,FINAL
2015-03-09,20.598,20.53,0.068,FINAL
2015-03-10,20.6,20.531,0.069,FINAL
2015-03-11,20.606,20.533,0.074,FINAL
2015-03-12,20.609,20.534,0.075,FINAL
2015-03-13,20.596,20.535,0.061,FINAL
2015-03-14,20.603,20.536,0.067,FINAL
2015-03-15,20.614,20.537,0.077,FINAL
2015-03-16,20.627,20.538,0.09,FINAL
2015-03-17,20.626,20.538,0.088,FINAL
2015-03-18,20.647,20.539,0.108,FINAL
2015-03-19,20.658,20.539,0.118,FINAL
2015-03-20,20.669,20.54,0.13,FINAL
2015-03-21,20.688,20.54,0.149,FINAL
2015-03-22,20.683,20.54,0.143,FINAL
2015-03-23,20.676,20.54,0.136,FINAL
2015-03-24,20.669,20.54,0.129,FINAL
2015-03-25,20.664,20.539,0.125,FINAL
2015-03-26,20.67,20.539,0.131,FINAL
2015-03-27,20.664,20.538,0.126,FINAL
2015-03-28,20.669,20.538,0.131,FINAL
2015-03-29,20.657,20.537,0.12,FINAL
2015-03-30,20.651,20.536,0.115,FINAL
2015-03-31,20.658,20.535,0.123,FINAL
2015-04-01,20.659,20.534,0.126,FINAL
2015-04-02,20.665,20.532,0.133,FINAL
2015-04-03,20.656,20.531,0.125,FINAL
2015-04-04,20.643,20.529,0.114,FINAL
2015-04-05,20.64,20.528,0.112,FINAL
2015-04-06,20.638,20.526,0.112,FINAL
2015-04-07,20.627,20.524,0.103,FINAL
2015-04-08,20.62,20.522,0.098,FINAL
2015-04-09,20.624,20.52,0.104,FINAL
2015-04-10,20.638,20.517,0.121,FINAL
2015-04-11,20.644,20.515,0.129,FINAL
2015-04-12,20.652,20.513,0.139,FINAL
2015-04-13,20.645,20.51,0.135,FINAL
2015-04-14,20.654,20.508,0.147,FINAL
2015-04-15,20.646,20.505,0.141,FINAL
2015-04-16,20.643,20.502,0.141,FINAL
2015-04-17,20.652,20.5,0.153,FINAL
2015-04-18,20.651,20.497,0.154,FINAL
2015-04-19,20.655,20.494,0.161,FINAL
2015-04-20,20.646,20.491,0.155,FINAL
2015-04-21,20.645,20.488,0.157,FINAL
2015-04-22,20.631,20.485,0.146,FINAL
2015-04-23,20.628,20.482,0.146,FINAL
2015-04-24,20.636,20.479,0.157,FINAL
2015-04-25,20.647,20.476,0.172,FINAL
2015-04-26,20.658,20.473,0.186,FINAL
2015-04-27,20.647,20.469,0.177,FINAL
2015-04-28,20.651,20.466,0.185,FINAL
2015-04-29,20.655,20.463,0.192,FINAL
2015-04-30,20.655,20.46,0.195,FINAL
2015-05-01,20.659,20.457,0.202,FINAL
2015-05-02,20.656,20.453,0.202,FINAL
2015-05-03,20.656,20.45,0.206,FINAL
2015-05-04,20.665,20.447,0.218,FINAL
2015-05-05,20.639,20.444,0.195,FINAL
2015-05-06,20.633,20.441,0.192,FINAL
2015-05-07,20.623,20.437,0.185,FINAL
2015-05-08,20.599,20.434,0.165,FINAL
2015-05-09,20.593,20.431,0.162,FINAL
2015-05-10,20.601,20.428,0.173,FINAL
2015-05-11,20.595,20.425,0.171,FINAL
2015-05-12,20.573,20.421,0.152,FINAL
2015-05-13,20.566,20.418,0.147,FINAL
2015-05-14,20.583,20.415,0.168,FINAL
2015-05-15,20.57,20.412,0.158,FINAL
2015-05-16,20.562,20.409,0.153,FINAL
2015-05-17,20.562,20.406,0.155,FINAL
2015-05-18,20.574,20.403,0.171,FINAL
2015-05-19,20.566,20.4,0.166,FINAL
2015-05-20,20.58,20.397,0.183,FINAL
2015-05-21,20.584,20.394,0.189,FINAL
2015-05-22,20.573,20.392,0.181,FINAL
2015-05-23,20.573,20.389,0.184,FINAL
2015-05-24,20.559,20.386,0.173,FINAL
2015-05-25,20.564,20.383,0.181,FINAL
2015-05-26,20.564,20.381,0.183,FINAL
2015-05-27,20.56,20.378,0.182,FINAL
2015-05-28,20.563,20.376,0.187,FINAL
2015-05-29,20.554,20.374,0.18,FINAL
2015-05-30,20.563,20.371,0.192,FINAL
2015-05-31,20.562,20.369,0.192,FINAL
2015-06-01,20.552,20.367,0.185,FINAL
2015-06-02,20.543,20.365,0.178,FINAL
2015-06-03,20.547,20.363,0.184,FINAL
2015-06-04,20.551,20.361,0.189,FINAL
2015-06-05,20.555,20.36,0.195,FINAL
2015-06-06,20.551,20.358,0.193,FINAL
2015-06-07,20.559,20.357,0.202,FINAL
2015-06-08,20.557,20.355,0.201,FINAL
2015-06-09,20.56,20.354,0.206,FINAL
2015-06-10,20.539,20.353,0.186,FINAL
2015-06-11,20.543,20.352,0.191,FINAL
2015-06-12,20.535,20.351,0.184,FINAL
2015-06-13,20.522,20.35,0.172,FINAL
2015-06-14,20.52,20.349,0.171,FINAL
2015-06-15,20.525,20.349,0.177,FINAL
2015-06-16,20.526,20.348,0.178,FINAL
2015-06-17,20.511,20.348,0.163,FINAL
2015-06-18,20.512,20.347,0.164,FINAL
2015-06-19,20.506,20.347,0.159,FINAL
2015-06-20,20.516,20.347,0.169,FINAL
2015-06-21,20.51,20.347,0.163,FINAL
2015-06-22,20.514,20.347,0.167,FINAL
2015-06-23,20.511,20.348,0.163,FINAL
2015-06-24,20.495,20.348,0.147,FINAL
2015-06-25,20.496,20.348,0.148,FINAL
2015-06-26,20.487,20.349,0.138,FINAL
2015-06-27,20.487,20.349,0.137,FINAL
2015-06-28,20.502,20.35,0.152,FINAL
2015-06-29,20.509,20.351,0.158,FINAL
2015-06-30,20.517,20.352,0.165,FINAL
2015-07-01,20.519,20.353,0.166,FINAL
2015-07-02,20.539,20.354,0.185,FINAL
2015-07-03,20.535,20.355,0.18,FINAL
2015-07-04,20.531,20.356,0.175,FINAL
2015-07-05,20.519,20.358,0.161,FINAL
2015-07-06,20.528,20.359,0.169,FINAL
2015-07-07,20.546,20.36,0.186,FINAL
2015-07-08,20.54,20.362,0.178,FINAL
2015-07-09,20.543,20.363,0.18,FINAL
2015-07-10,20.573,20.365,0.208,FINAL
2015-07-11,20.567,20.367,0.201,FINAL
2015-07-12,20.557,20.369,0.189,FINAL
2015-07-13,20.571,20.37,0.201,FINAL
2015-07-14,20.557,20.372,0.185,FINAL
2015-07-15,20.557,20.374,0.183,FINAL
2015-07-16,20.575,20.376,0.199,FINAL
2015-07-17,20.558,20.378,0.18,FINAL
2015-07-18,20.575,20.38,0.194,FINAL
2015-07-19,20.559,20.383,0.177,FINAL
2015-07-20,20.566,20.385,0.181,FINAL
2015-07-21,20.587,20.387,0.2,FINAL
2015-07-22,20.591,20.389,0.202,FINAL
2015-07-23,20.592,20.391,0.2,FINAL
2015-07-24,20.594,20.394,0.2,FINAL
2015-07-25,20.612,20.396,0.216,FINAL
2015-07-26,20.615,20.398,0.217,FINAL
2015-07-27,20.613,20.401,0.213,FINAL
2015-07-28,20.632,20.403,0.229,FINAL
2015-07-29,20.654,20.405,0.249,FINAL
2015-07-30,20.673,20.407,0.265,FINAL
2015-07-31,20.677,20.41,0.267,FINAL
2015-08-01,20.687,20.412,0.275,FINAL
2015-08-02,20.688,20.414,0.274,FINAL
2015-08-03,20.685,20.416,0.269,FINAL
2015-08-04,20.692,20.418,0.274,FINAL
2015-08-05,20.667,20.42,0.247,FINAL
2015-08-06,20.667,20.422,0.245,FINAL
2015-08-07,20.648,20.424,0.224,FINAL
2015-08-08,20.639,20.426,0.214,FINAL
2015-08-09,20.644,20.427,0.217,FINAL
2015-08-10,20.643,20.429,0.215,FINAL
2015-08-11,20.638,20.43,0.208,FINAL
2015-08-12,20.658,20.431,0.227,FINAL
2015-08-13,20.688,20.432,0.256,FINAL
2015-08-14,20.685,20.433,0.252,FINAL
2015-08-15,20.691,20.434,0.257,FINAL
2015-08-16,20.669,20.435,0.234,FINAL
2015-08-17,20.679,20.435,0.244,FINAL
2015-08-18,20.682,20.436,0.247,FINAL
2015-08-19,20.689,20.436,0.253,FINAL
2015-08-20,20.703,20.436,0.267,FINAL
2015-08-21,20.69,20.436,0.254,FINAL
2015-08-22,20.673,20.435,0.238,FINAL
2015-08-23,20.684,20.434,0.25,FINAL
2015-08-24,20.674,20.433,0.24,FINAL
2015-08-25,20.685,20.432,0.253,FINAL
2015-08-26,20.671,20.431,0.24,FINAL
2015-08-27,20.68,20.429,0.251,FINAL
2015-08-28,20.689,20.428,0.261,FINAL
2015-08-29,20.677,20.426,0.251,FINAL
2015-08-30,20.682,20.423,0.259,FINAL
2015-08-31,20.681,20.421,0.26,FINAL
2015-09-01,20.677,20.418,0.259,FINAL
2015-09-02,20.679,20.415,0.264,FINAL
2015-09-03,20.692,20.412,0.28,FINAL
2015-09-04,20.703,20.409,0.294,FINAL
2015-09-05,20.694,20.405,0.289,FINAL
2015-09-06,20.702,20.401,0.3,FINAL
2015-09-07,20.692,20.397,0.295,FINAL
2015-09-08,20.671,20.393,0.278,FINAL
2015-09-09,20.649,20.389,0.261,FINAL
2015-09-10,20.646,20.384,0.262,FINAL
2015-09-11,20.643,20.379,0.264,FINAL
2015-09-12,20.626,20.375,0.252,FINAL
2015-09-13,20.634,20.37,0.264,FINAL
2015-09-14,20.625,20.364,0.26,FINAL
2015-09-15,20.631,20.359,0.271,FINAL
2015-09-16,20.635,20.354,0.281,FINAL
2015-09-17,20.631,20.348,0.283,FINAL
2015-09-18,20.624,20.343,0.281,FINAL
2015-09-19,20.631,20.337,0.293,FINAL
2015-09-20,20.632,20.331,0.301,FINAL
2015-09-21,20.64,20.326,0.314,FINAL
2015-09-22,20.632,20.32,0.312,FINAL
2015-09-23,20.631,20.314,0.317,FINAL
2015-09-24,20.651,20.308,0.343,FINAL
2015-09-25,20.639,20.303,0.337,FINAL
2015-09-26,20.655,20.297,0.358,FINAL
2015-09-27,20.646,20.291,0.355,FINAL
2015-09-28,20.627,20.286,0.341,FINAL
2015-09-29,20.623,20.28,0.343,FINAL
2015-09-30,20.626,20.274,0.351,FINAL
2015-10-01,20.631,20.269,0.362,FINAL
2015-10-02,20.597,20.264,0.333,FINAL
2015-10-03,20.579,20.258,0.321,FINAL
2015-10-04,20.569,20.253,0.316,FINAL
2015-10-05,20.558,20.248,0.31,FINAL
2015-10-06,20.544,20.243,0.301,FINAL
2015-10-07,20.541,20.238,0.303,FINAL
2015-10-08,20.525,20.233,0.292,FINAL
2015-10-09,20.523,20.229,0.294,FINAL
2015-10-10,20.526,20.224,0.301,FINAL
2015-10-11,20.538,20.22,0.318,FINAL
2015-10-12,20.534,20.216,0.318,FINAL
2015-10-13,20.519,20.211,0.308,FINAL
2015-10-14,20.519,20.207,0.312,FINAL
2015-10-15,20.516,20.203,0.313,FINAL
2015-10-16,20.523,20.199,0.323,FINAL
2015-10-17,20.527,20.196,0.332,FINAL
2015-10-18,20.514,20.192,0.322,FINAL
2015-10-19,20.538,20.189,0.349,FINAL
2015-10-20,20.505,20.185,0.32,FINAL
2015-10-21,20.5,20.182,0.318,FINAL
2015-10-22,20.505,20.178,0.327,FINAL
2015-10-23,20.496,20.175,0.321,FINAL
2015-10-24,20.504,20.172,0.332,FINAL
2015-10-25,20.509,20.169,0.34,FINAL
2015-10-26,20.491,20.166,0.325,FINAL
2015-10-27,20.484,20.163,0.321,FINAL
2015-10-28,20.482,20.16,0.322,FINAL
2015-10-29,20.492,20.157,0.334,FINAL
2015-10-30,20.491,20.154,0.337,FINAL
2015-10-31,20.485,20.152,0.334,FINAL
2015-11-01,20.476,20.149,0.327,FINAL
2015-11-02,20.464,20.146,0.317,FINAL
2015-11-03,20.466,20.144,0.322,FINAL
2015-11-04,20.468,20.142,0.327,FINAL
2015-11-05,20.472,20.139,0.333,FINAL
2015-11-06,20.449,20.137,0.312,FINAL
2015-11-07,20.45,20.135,0.315,FINAL
2015-11-08,20.463,20.133,0.33,FINAL
2015-11-09,20.46,20.131,0.33,FINAL
2015-11-10,20.468,20.129,0.339,FINAL
2015-11-11,20.463,20.127,0.336,FINAL
2015-11-12,20.46,20.125,0.335,FINAL
2015-11-13,20.474,20.124,0.35,FINAL
2015-11-14,20.491,20.123,0.368,FINAL
2015-11-15,20.477,20.121,0.356,FINAL
2015-11-16,20.478,20.12,0.358,FINAL
2015-11-17,20.471,20.119,0.352,FINAL
2015-11-18,20.45,20.119,0.332,FINAL
2015-11-19,20.449,20.118,0.331,FINAL
2015-11-20,20.432,20.118,0.315,FINAL
2015-11-21,20.424,20.117,0.306,FINAL
2015-11-22,20.442,20.117,0.325,FINAL
2015-11-23,20.458,20.117,0.341,FINAL
2015-11-24,20.473,20.118,0.355,FINAL
2015-11-25,20.487,20.118,0.369,FINAL
2015-11-26,20.476,20.119,0.357,FINAL
2015-11-27,20.473,20.12,0.353,FINAL
2015-11-28,20.466,20.121,0.345,FINAL
2015-11-29,20.445,20.123,0.322,FINAL
2015-11-30,20.435,20.124,0.311,FINAL
2015-12-01,20.445,20.126,0.319,FINAL
2015-12-02,20.462,20.128,0.334,FINAL
2015-12-03,20.476,20.13,0.346,FINAL
2015-12-04,20.484,20.132,0.352,FINAL
2015-12-05,20.476,20.135,0.341,FINAL
2015-12-06,20.473,20.137,0.336,FINAL
2015-12-07,20.487,20.14,0.348,FINAL
2015-12-08,20.477,20.143,0.334,FINAL
2015-12-09,20.487,20.146,0.341,FINAL
2015-12-10,20.466,20.149,0.317,FINAL
2015-12-11,20.479,20.152,0.327,FINAL
2015-12-12,20.512,20.156,0.356,FINAL
2015-12-13,20.539,20.159,0.379,FINAL
2015-12-14,20.575,20.163,0.412,FINAL
2015-12-15,20.595,20.167,0.429,FINAL
2015-12-16,20.611,20.17,0.441,FINAL
2015-12-17,20.632,20.174,0.458,FINAL
2015-12-18,20.62,20.178,0.442,FINAL
2015-12-19,20.612,20.182,0.43,FINAL
2015-12-20,20.586,20.186,0.4,FINAL
2015-12-21,20.585,20.19,0.395,FINAL
2015-12-22,20.587,20.194,0.393,FINAL
2015-12-23,20.569,20.198,0.371,FINAL
2015-12-24,20.571,20.203,0.368,FINAL
2015-12-25,20.554,20.207,0.347,FINAL
2015-12-26,20.572,20.211,0.361,FINAL
2015-12-27,20.582,20.216,0.367,FINAL
2015-12-28,20.584,20.22,0.364,FINAL
2015-12-29,20.585,20.224,0.361,FINAL
2015-12-30,20.585,20.229,0.356,FINAL
2015-12-31,20.583,20.233,0.35,FINAL
2016-01-01,20.599,20.238,0.361,FINAL
2016-01-02,20.608,20.242,0.365,FINAL
2016-01-03,20.611,20.247,0.364,FINAL
2016-01-04,20.627,20.252,0.375,FINAL
2016-01-05,20.644,20.256,0.388,FINAL
2016-01-06,20.656,20.261,0.394,FINAL
2016-01-07,20.665,20.266,0.399,FINAL
2016-01-08,20.669,20.271,0.398,FINAL
2016-01-09,20.673,20.276,0.397,FINAL
2016-01-10,20.701,20.281,0.42,FINAL
2016-01-11,20.711,20.286,0.425,FINAL
2016-01-12,20.722,20.291,0.431,FINAL
2016-01-13,20.702,20.297,0.406,FINAL
2016-01-14,20.697,20.302,0.395,FINAL
2016-01-15,20.717,20.307,0.41,FINAL
2016-01-16,20.721,20.313,0.408,FINAL
2016-01-17,20.728,20.318,0.41,FINAL
2016-01-18,20.73,20.324,0.406,FINAL
2016-01-19,20.739,20.329,0.41,FINAL
2016-01-20,20.74,20.335,0.405,FINAL
2016-01-21,20.749,20.341,0.408,FINAL
2016-01-22,20.747,20.346,0.401,FINAL
2016-01-23,20.756,20.352,0.404,FINAL
2016-01-24,20.743,20.358,0.385,FINAL
2016-01-25,20.754,20.364,0.391,FINAL
2016-01-26,20.767,20.37,0.397,FINAL
2016-01-27,20.759,20.375,0.384,FINAL
2016-01-28,20.76,20.381,0.379,FINAL
2016-01-29,20.766,20.387,0.379,FINAL
2016-01-30,20.763,20.392,0.371,FINAL
2016-01-31,20.753,20.398,0.355,FINAL
2016-02-01,20.771,20.404,0.368,FINAL
2016-02-02,20.764,20.409,0.355,FINAL
2016-02-03,20.784,20.415,0.369,FINAL
2016-02-04,20.775,20.42,0.355,FINAL
2016-02-05,20.782,20.425,0.357,FINAL
2016-02-06,20.76,20.43,0.33,FINAL
2016-02-07,20.761,20.436,0.325,FINAL
2016-02-08,20.772,20.44,0.332,FINAL
2016-02-09,20.776,20.445,0.331,FINAL
2016-02-10,20.8,20.45,0.35,FINAL
2016-02-11,20.793,20.455,0.339,FINAL
2016-02-12,20.8,20.459,0.341,FINAL
2016-02-13,20.793,20.463,0.33,FINAL
2016-02-14,20.793,20.468,0.325,FINAL
2016-02-15,20.775,20.472,0.303,FINAL
2016-02-16,20.754,20.476,0.279,FINAL
2016-02-17,20.75,20.48,0.27,FINAL
2016-02-18,20.76,20.483,0.277,FINAL
2016-02-19,20.755,20.487,0.268,FINAL
2016-02-20,20.757,20.49,0.267,FINAL
2016-02-21,20.767,20.493,0.274,FINAL
2016-02-22,20.8,20.497,0.303,FINAL
2016-02-23,20.821,20.5,0.321,FINAL
2016-02-24,20.825,20.503,0.322,FINAL
2016-02-25,20.84,20.505,0.335,FINAL
2016-02-26,20.825,20.508,0.317,FINAL
2016-02-27,20.837,20.51,0.326,FINAL
2016-02-28,20.826,20.513,0.313,FINAL
2016-02-29,20.818,20.514,0.304,FINAL
2016-03-01,20.843,20.515,0.328,FINAL
2016-03-02,20.846,20.517,0.329,FINAL
2016-03-03,20.861,20.52,0.341,FINAL
2016-03-04,20.876,20.522,0.354,FINAL
2016-03-05,20.907,20.523,0.384,FINAL
2016-03-06,20.903,20.525,0.378,FINAL
2016-03-07,20.912,20.527,0.385,FINAL
2016-03-08,20.914,20.529,0.385,FINAL
2016-03-09,20.908,20.53,0.378,FINAL
2016-03-10,20.893,20.531,0.362,FINAL
2016-03-11,20.875,20.533,0.342,FINAL
2016-03-12,20.87,20.534,0.336,FINAL
2016-03-13,20.891,20.535,0.356,FINAL
2016-03-14,20.885,20.536,0.349,FINAL
2016-03-15,20.912,20.537,0.375,FINAL
2016-03-16,20.92,20.538,0.382,FINAL
2016-03-17,20.909,20.538,0.37,FINAL
2016-03-18,20.921,20.539,0.382,FINAL
2016-03-19,20.912,20.539,0.373,FINAL
2016-03-20,20.909,20.54,0.37,FINAL
2016-03-21,20.888,20.54,0.348,FINAL
2016-03-22,20.887,20.54,0.347,FINAL
2016-03-23,20.919,20.54,0.379,FINAL
2016-03-24,20.874,20.54,0.335,FINAL
2016-03-25,20.863,20.539,0.324,FINAL
2016-03-26,20.861,20.539,0.322,FINAL
2016-03-27,20.905,20.538,0.366,FINAL
2016-03-28,20.942,20.538,0.404,FINAL
2016-03-29,20.946,20.537,0.409,FINAL
2016-03-30,20.879,20.536,0.343,FINAL
2016-03-31,20.867,20.535,0.332,FINAL
2016-04-01,20.869,20.534,0.335,FINAL
2016-04-02,20.858,20.532,0.326,FINAL
2016-04-03,20.837,20.531,0.306,FINAL
2016-04-04,20.833,20.529,0.304,FINAL
2016-04-05,20.832,20.528,0.304,FINAL
2016-04-06,20.822,20.526,0.297,FINAL
2016-04-07,20.822,20.524,0.298,FINAL
2016-04-08,20.82,20.522,0.298,FINAL
2016-04-09,20.809,20.52,0.289,FINAL
2016-04-10,20.822,20.517,0.305,FINAL
2016-04-11,20.825,20.515,0.31,FINAL
2016-04-12,20.813,20.513,0.3,FINAL
2016-04-13,20.819,20.51,0.309,FINAL
2016-04-14,20.823,20.508,0.316,FINAL
2016-04-15,20.81,20.505,0.305,FINAL
2016-04-16,20.814,20.502,0.311,FINAL
2016-04-17,20.803,20.5,0.304,FINAL
2016-04-18,20.8,20.497,0.303,FINAL
2016-04-19,20.792,20.494,0.298,FINAL
2016-04-20,20.793,20.491,0.302,FINAL
2016-04-21,20.787,20.488,0.299,FINAL
2016-04-22,20.796,20.485,0.311,FINAL
2016-04-23,20.802,20.482,0.32,FINAL
2016-04-24,20.788,20.479,0.31,FINAL
2016-04-25,20.793,20.476,0.317,FINAL
2016-04-26,20.78,20.473,0.308,FINAL
2016-04-27,20.784,20.469,0.314,FINAL
2016-04-28,20.773,20.466,0.307,FINAL
2016-04-29,20.784,20.463,0.321,FINAL
2016-04-30,20.782,20.46,0.322,FINAL
2016-05-01,20.771,20.457,0.314,FINAL
2016-05-02,20.779,20.453,0.325,FINAL
2016-05-03,20.765,20.45,0.315,FINAL
2016-05-04,20.76,20.447,0.313,FINAL
2016-05-05,20.761,20.444,0.317,FINAL
2016-05-06,20.761,20.441,0.32,FINAL
2016-05-07,20.769,20.437,0.331,FINAL
2016-05-08,20.741,20.434,0.307,FINAL
2016-05-09,20.735,20.431,0.304,FINAL
2016-05-10,20.727,20.428,0.299,FINAL
2016-05-11,20.734,20.425,0.309,FINAL
2016-05-12,20.745,20.421,0.323,FINAL
2016-05-13,20.724,20.418,0.306,FINAL
2016-05-14,20.718,20.415,0.303,FINAL
2016-05-15,20.721,20.412,0.309,FINAL
2016-05-16,20.707,20.409,0.298,FINAL
2016-05-17,20.705,20.406,0.299,FINAL
2016-05-18,20.689,20.403,0.286,FINAL
2016-05-19,20.68,20.4,0.28,FINAL
2016-05-20,20.67,20.397,0.273,FINAL
2016-05-21,20.655,20.394,0.261,FINAL
2016-05-22,20.646,20.392,0.254,FINAL
2016-05-23,20.633,20.389,0.244,FINAL
2016-05-24,20.631,20.386,0.245,FINAL
2016-05-25,20.627,20.383,0.244,FINAL
2016-05-26,20.627,20.381,0.246,FINAL
2016-05-27,20.618,20.378,0.24,FINAL
2016-05-28,20.619,20.376,0.243,FINAL
2016-05-29,20.628,20.374,0.254,FINAL
2016-05-30,20.624,20.371,0.252,FINAL
2016-05-31,20.612,20.369,0.243,FINAL
2016-06-01,20.601,20.367,0.234,FINAL
2016-06-02,20.622,20.365,0.257,FINAL
2016-06-03,20.641,20.363,0.278,FINAL
2016-06-04,20.639,20.361,0.278,FINAL
2016-06-05,20.644,20.36,0.284,FINAL
2016-06-06,20.641,20.358,0.283,FINAL
2016-06-07,20.636,20.357,0.28,FINAL
2016-06-08,20.657,20.355,0.302,FINAL
2016-06-09,20.65,20.354,0.296,FINAL
2016-06-10,20.639,20.353,0.287,FINAL
2016-06-11,20.628,20.352,0.276,FINAL
2016-06-12,20.637,20.351,0.286,FINAL
2016-06-13,20.64,20.35,0.29,FINAL
2016-06-14,20.65,20.349,0.301,FINAL
2016-06-15,20.638,20.349,0.29,FINAL
2016-06-16,20.626,20.348,0.278,FINAL
2016-06-17,20.635,20.348,0.288,FINAL
2016-06-18,20.623,20.347,0.276,FINAL
2016-06-19,20.644,20.347,0.296,FINAL
2016-06-20,20.642,20.347,0.295,FINAL
2016-06-21,20.631,20.347,0.284,FINAL
2016-06-22,20.631,20.347,0.284,FINAL
2016-06-23,20.624,20.348,0.276,FINAL
2016-06-24,20.63,20.348,0.283,FINAL
2016-06-25,20.618,20.348,0.27,FINAL
2016-06-26,20.617,20.349,0.268,FINAL
2016-06-27,20.63,20.349,0.281,FINAL
2016-06-28,20.617,20.35,0.266,FINAL
2016-06-29,20.608,20.351,0.257,FINAL
2016-06-30,20.598,20.352,0.246,FINAL
2016-07-01,20.608,20.353,0.256,FINAL
2016-07-02,20.611,20.354,0.257,FINAL
2016-07-03,20.618,20.355,0.263,FINAL
2016-07-04,20.619,20.356,0.263,FINAL
2016-07-05,20.607,20.358,0.25,FINAL
2016-07-06,20.606,20.359,0.247,FINAL
2016-07-07,20.612,20.36,0.252,FINAL
2016-07-08,20.616,20.362,0.254,FINAL
2016-07-09,20.603,20.363,0.24,FINAL
2016-07-10,20.624,20.365,0.259,FINAL
2016-07-11,20.622,20.367,0.256,FINAL
2016-07-12,20.627,20.369,0.259,FINAL
2016-07-13,20.627,20.37,0.257,FINAL
2016-07-14,20.633,20.372,0.261,FINAL
2016-07-15,20.648,20.374,0.274,FINAL
2016-07-16,20.656,20.376,0.28,FINAL
2016-07-17,20.664,20.378,0.286,FINAL
2016-07-18,20.656,20.38,0.275,FINAL
2016-07-19,20.657,20.383,0.275,FINAL
2016-07-20,20.67,20.385,0.285,FINAL
2016-07-21,20.666,20.387,0.279,FINAL
2016-07-22,20.664,20.389,0.275,FINAL
2016-07-23,20.667,20.391,0.276,FINAL
2016-07-24,20.662,20.394,0.269,FINAL
2016-07-25,20.665,20.396,0.269,FINAL
2016-07-26,20.678,20.398,0.279,FINAL
2016-07-27,20.684,20.401,0.283,FINAL
2016-07-28,20.701,20.403,0.298,FINAL
2016-07-29,20.714,20.405,0.309,FINAL
2016-07-30,20.703,20.407,0.296,FINAL
2016-07-31,20.702,20.41,0.292,FINAL
2016-08-01,20.707,20.412,0.295,FINAL
2016-08-02,20.718,20.414,0.304,FINAL
2016-08-03,20.726,20.416,0.31,FINAL
2016-08-04,20.706,20.418,0.288,FINAL
2016-08-05,20.704,20.42,0.284,FINAL
2016-08-06,20.698,20.422,0.276,FINAL
2016-08-07,20.688,20.424,0.264,FINAL
2016-08-08,20.679,20.426,0.254,FINAL
2016-08-09,20.662,20.427,0.235,FINAL
2016-08-10,20.663,20.429,0.234,FINAL
2016-08-11,20.672,20.43,0.242,FINAL
2016-08-12,20.676,20.431,0.245,FINAL
2016-08-13,20.673,20.432,0.241,FINAL
2016-08-14,20.678,20.433,0.244,FINAL
2016-08-15,20.675,20.434,0.241,FINAL
2016-08-16,20.676,20.435,0.241,FINAL
2016-08-17,20.667,20.435,0.232,FINAL
2016-08-18,20.669,20.436,0.233,FINAL
2016-08-19,20.669,20.436,0.234,FINAL
2016-08-20,20.674,20.436,0.238,FINAL
2016-08-21,20.68,20.436,0.244,FINAL
2016-08-22,20.673,20.435,0.238,FINAL
2016-08-23,20.671,20.434,0.237,FINAL
2016-08-24,20.681,20.433,0.248,FINAL
2016-08-25,20.671,20.432,0.238,FINAL
2016-08-26,20.684,20.431,0.253,FINAL
2016-08-27,20.671,20.429,0.241,FINAL
2016-08-28,20.658,20.428,0.231,FINAL
2016-08-29,20.66,20.426,0.235,FINAL
2016-08-30,20.615,20.423,0.191,FINAL
2016-08-31,20.592,20.421,0.171,FINAL
2016-09-01,20.574,20.418,0.156,FINAL
2016-09-02,20.561,20.415,0.146,FINAL
2016-09-03,20.582,20.412,0.17,FINAL
2016-09-04,20.571,20.409,0.162,FINAL
2016-09-05,20.567,20.405,0.162,FINAL
2016-09-06,20.566,20.401,0.165,FINAL
2016-09-07,20.562,20.397,0.165,FINAL
2016-09-08,20.57,20.393,0.177,FINAL
2016-09-09,20.569,20.389,0.18,FINAL
2016-09-10,20.579,20.384,0.194,FINAL
2016-09-11,20.567,20.379,0.187,FINAL
2016-09-12,20.556,20.375,0.181,FINAL
2016-09-13,20.561,20.37,0.191,FINAL
2016-09-14,20.537,20.364,0.173,FINAL
2016-09-15,20.539,20.359,0.18,FINAL
2016-09-16,20.53,20.354,0.176,FINAL
2016-09-17,20.521,20.348,0.173,FINAL
2016-09-18,20.521,20.343,0.178,FINAL
2016-09-19,20.522,20.337,0.185,FINAL
2016-09-20,20.519,20.331,0.188,FINAL
2016-09-21,20.527,20.326,0.201,FINAL
2016-09-22,20.548,20.32,0.228,FINAL
2016-09-23,20.538,20.314,0.224,FINAL
2016-09-24,20.549,20.308,0.24,FINAL
2016-09-25,20.558,20.303,0.255,FINAL
2016-09-26,20.533,20.297,0.236,FINAL
2016-09-27,20.516,20.291,0.225,FINAL
2016-09-28,20.502,20.286,0.217,FINAL
2016-09-29,20.494,20.28,0.214,FINAL
2016-09-30,20.477,20.274,0.202,FINAL
2016-10-01,20.46,20.269,0.191,FINAL
2016-10-02,20.471,20.264,0.208,FINAL
2016-10-03,20.452,20.258,0.194,FINAL
2016-10-04,20.462,20.253,0.209,FINAL
2016-10-05,20.442,20.248,0.194,FINAL
2016-10-06,20.435,20.243,0.192,FINAL
2016-10-07,20.42,20.238,0.182,FINAL
2016-10-08,20.417,20.233,0.184,FINAL
2016-10-09,20.414,20.229,0.185,FINAL
2016-10-10,20.41,20.224,0.185,FINAL
2016-10-11,20.41,20.22,0.191,FINAL
2016-10-12,20.408,20.216,0.192,FINAL
2016-10-13,20.4,20.211,0.188,FINAL
2016-10-14,20.382,20.207,0.174,FINAL
2016-10-15,20.356,20.203,0.153,FINAL
2016-10-16,20.374,20.199,0.174,FINAL
2016-10-17,20.374,20.196,0.178,FINAL
2016-10-18,20.351,20.192,0.159,FINAL
2016-10-19,20.341,20.189,0.152,FINAL
2016-10-20,20.339,20.185,0.154,FINAL
2016-10-21,20.328,20.182,0.146,FINAL
2016-10-22,20.313,20.178,0.135,FINAL
2016-10-23,20.323,20.175,0.148,FINAL
2016-10-24,20.312,20.172,0.14,FINAL
2016-10-25,20.304,20.169,0.135,FINAL
2016-10-26,20.322,20.166,0.157,FINAL
2016-10-27,20.324,20.163,0.161,FINAL
2016-10-28,20.334,20.16,0.174,FINAL
2016-10-29,20.315,20.157,0.158,FINAL
2016-10-30,20.31,20.154,0.155,FINAL
2016-10-31,20.294,20.152,0.142,FINAL
2016-11-01,20.281,20.149,0.132,FINAL
2016-11-02,20.259,20.146,0.112,FINAL
2016-11-03,20.245,20.144,0.101,FINAL
2016-11-04,20.243,20.142,0.101,FINAL
2016-11-05,20.234,20.139,0.095,FINAL
2016-11-06,20.256,20.137,0.119,FINAL
2016-11-07,20.247,20.135,0.112,FINAL
2016-11-08,20.273,20.133,0.14,FINAL
2016-11-09,20.277,20.131,0.147,FINAL
2016-11-10,20.28,20.129,0.151,FINAL
2016-11-11,20.276,20.127,0.149,FINAL
2016-11-12,20.281,20.125,0.156,FINAL
2016-11-13,20.28,20.124,0.156,FINAL
2016-11-14,20.288,20.123,0.166,FINAL
2016-11-15,20.291,20.121,0.169,FINAL
2016-11-16,20.283,20.12,0.163,FINAL
2016-11-17,20.278,20.119,0.158,FINAL
2016-11-18,20.268,20.119,0.15,FINAL
2016-11-19,20.264,20.118,0.147,FINAL
2016-11-20,20.257,20.118,0.14,FINAL
2016-11-21,20.252,20.117,0.135,FINAL
2016-11-22,20.258,20.117,0.141,FINAL
2016-11-23,20.266,20.117,0.149,FINAL
2016-11-24,20.271,20.118,0.153,FINAL
2016-11-25,20.277,20.118,0.158,FINAL
2016-11-26,20.282,20.119,0.163,FINAL
2016-11-27,20.284,20.12,0.164,FINAL
2016-11-28,20.284,20.121,0.162,FINAL
2016-11-29,20.288,20.123,0.166,FINAL
2016-11-30,20.299,20.124,0.175,FINAL
2016-12-01,20.311,20.126,0.185,FINAL
2016-12-02,20.325,20.128,0.197,FINAL
2016-12-03,20.335,20.13,0.205,FINAL
2016-12-04,20.346,20.132,0.214,FINAL
2016-12-05,20.347,20.135,0.213,FINAL
2016-12-06,20.344,20.137,0.207,FINAL
2016-12-07,20.347,20.14,0.207,FINAL
2016-12-08,20.342,20.143,0.199,FINAL
2016-12-09,20.35,20.146,0.204,FINAL
2016-12-10,20.35,20.149,0.201,FINAL
2016-12-11,20.345,20.152,0.193,FINAL
2016-12-12,20.349,20.156,0.194,FINAL
2016-12-13,20.35,20.159,0.191,FINAL
2016-12-14,20.342,20.163,0.18,FINAL
2016-12-15,20.331,20.167,0.165,FINAL
2016-12-16,20.327,20.17,0.157,FINAL
2016-12-17,20.322,20.174,0.148,FINAL
2016-12-18,20.314,20.178,0.136,FINAL
2016-12-19,20.323,20.182,0.141,FINAL
2016-12-20,20.327,20.186,0.141,FINAL
2016-12-21,20.342,20.19,0.152,FINAL
2016-12-22,20.335,20.194,0.14,FINAL
2016-12-23,20.337,20.198,0.138,FINAL
2016-12-24,20.333,20.203,0.13,FINAL
2016-12-25,20.336,20.207,0.129,FINAL
2016-12-26,20.34,20.211,0.128,FINAL
2016-12-27,20.341,20.216,0.125,FINAL
2016-12-28,20.351,20.22,0.131,FINAL
2016-12-29,20.36,20.224,0.136,FINAL
2016-12-30,20.377,20.229,0.148,FINAL
2016-12-31,20.382,20.233,0.148,FINAL
2017-01-01,20.39,20.238,0.152,FINAL
2017-01-02,20.415,20.242,0.172,FINAL
2017-01-03,20.417,20.247,0.17,FINAL
2017-01-04,20.42,20.252,0.168,FINAL
2017-01-05,20.432,20.256,0.175,FINAL
2017-01-06,20.44,20.261,0.179,FINAL
2017-01-07,20.447,20.266,0.181,FINAL
2017-01-08,20.459,20.271,0.188,FINAL
2017-01-09,20.482,20.276,0.206,FINAL
2017-01-10,20.492,20.281,0.211,FINAL
2017-01-11,20.508,20.286,0.222,FINAL
2017-01-12,20.512,20.291,0.221,FINAL
2017-01-13,20.525,20.297,0.228,FINAL
2017-01-14,20.527,20.302,0.225,FINAL
2017-01-15,20.534,20.307,0.227,FINAL
2017-01-16,20.539,20.313,0.226,FINAL
2017-01-17,20.549,20.318,0.231,FINAL
2017-01-18,20.551,20.324,0.227,FINAL
2017-01-19,20.546,20.329,0.217,FINAL
2017-01-20,20.55,20.335,0.215,FINAL
2017-01-21,20.569,20.341,0.228,FINAL
2017-01-22,20.585,20.346,0.238,FINAL
2017-01-23,20.6,20.352,0.248,FINAL
2017-01-24,20.608,20.358,0.25,FINAL
2017-01-25,20.619,20.364,0.255,FINAL
2017-01-26,20.627,20.37,0.257,FINAL
2017-01-27,20.641,20.375,0.266,FINAL
2017-01-28,20.644,20.381,0.263,FINAL
2017-01-29,20.653,20.387,0.267,FINAL
2017-01-30,20.663,20.392,0.271,FINAL
2017-01-31,20.665,20.398,0.267,FINAL
2017-02-01,20.662,20.404,0.258,FINAL
2017-02-02,20.686,20.409,0.277,FINAL
2017-02-03,20.699,20.415,0.284,FINAL
2017-02-04,20.699,20.42,0.279,FINAL
2017-02-05,20.699,20.425,0.273,FINAL
2017-02-06,20.708,20.43,0.277,FINAL
2017-02-07,20.706,20.436,0.27,FINAL
2017-02-08,20.698,20.44,0.258,FINAL
2017-02-09,20.691,20.445,0.245,FINAL
2017-02-10,20.684,20.45,0.234,FINAL
2017-02-11,20.673,20.455,0.219,FINAL
2017-02-12,20.675,20.459,0.216,FINAL
2017-02-13,20.69,20.463,0.226,FINAL
2017-02-14,20.698,20.468,0.23,FINAL
2017-02-15,20.711,20.472,0.239,FINAL
2017-02-16,20.723,20.476,0.247,FINAL
2017-02-17,20.724,20.48,0.245,FINAL
2017-02-18,20.731,20.483,0.248,FINAL
2017-02-19,20.723,20.487,0.236,FINAL
2017-02-20,20.712,20.49,0.222,FINAL
2017-02-21,20.71,20.493,0.217,FINAL
2017-02-22,20.723,20.497,0.226,FINAL
2017-02-23,20.736,20.5,0.237,FINAL
2017-02-24,20.746,20.503,0.243,FINAL
2017-02-25,20.757,20.505,0.252,FINAL
2017-02-26,20.776,20.508,0.268,FINAL
2017-02-27,20.807,20.51,0.297,FINAL
2017-02-28,20.796,20.513,0.283,FINAL
2017-03-01,20.794,20.515,0.279,FINAL
2017-03-02,20.79,20.517,0.272,FINAL
2017-03-03,20.792,20.52,0.272,FINAL
2017-03-04,20.781,20.522,0.259,FINAL
2017-03-05,20.777,20.523,0.254,FINAL
2017-03-06,20.785,20.525,0.26,FINAL
2017-03-07,20.783,20.527,0.256,FINAL
2017-03-08,20.792,20.529,0.264,FINAL
2017-03-09,20.808,20.53,0.278,FINAL
2017-03-10,20.8,20.531,0.269,FINAL
2017-03-11,20.783,20.533,0.25,FINAL
2017-03-12,20.772,20.534,0.238,FINAL
2017-03-13,20.77,20.535,0.235,FINAL
2017-03-14,20.784,20.536,0.248,FINAL
2017-03-15,20.785,20.537,0.248,FINAL
2017-03-16,20.773,20.538,0.235,FINAL
2017-03-17,20.762,20.538,0.224,FINAL
2017-03-18,20.753,20.539,0.214,FINAL
2017-03-19,20.75,20.539,0.211,FINAL
2017-03-20,20.754,20.54,0.214,FINAL
2017-03-21,20.755,20.54,0.216,FINAL
2017-03-22,20.761,20.54,0.221,FINAL
2017-03-23,20.76,20.54,0.22,FINAL
2017-03-24,20.753,20.54,0.213,FINAL
2017-03-25,20.747,20.539,0.207,FINAL
2017-03-26,20.741,20.539,0.203,FINAL
2017-03-27,20.738,20.538,0.2,FINAL
2017-03-28,20.738,20.538,0.2,FINAL
2017-03-29,20.724,20.537,0.188,FINAL
2017-03-30,20.722,20.536,0.186,FINAL
2017-03-31,20.738,20.535,0.203,FINAL
2017-04-01,20.748,20.534,0.215,FINAL
2017-04-02,20.745,20.532,0.213,FINAL
2017-04-03,20.757,20.531,0.226,FINAL
2017-04-04,20.775,20.529,0.246,FINAL
2017-04-05,20.772,20.528,0.245,FINAL
2017-04-06,20.755,20.526,0.229,FINAL
2017-04-07,20.76,20.524,0.236,FINAL
2017-04-08,20.743,20.522,0.221,FINAL
2017-04-09,20.734,20.52,0.214,FINAL
2017-04-10,20.73,20.517,0.213,FINAL
2017-04-11,20.724,20.515,0.208,FINAL
2017-04-12,20.716,20.513,0.204,FINAL
2017-04-13,20.715,20.51,0.204,FINAL
2017-04-14,20.712,20.508,0.204,FINAL
2017-04-15,20.714,20.505,0.209,FINAL
2017-04-16,20.707,20.502,0.205,FINAL
2017-04-17,20.719,20.5,0.219,FINAL
2017-04-18,20.724,20.497,0.227,FINAL
2017-04-19,20.727,20.494,0.233,FINAL
2017-04-20,20.732,20.491,0.241,FINAL
2017-04-21,20.725,20.488,0.237,FINAL
2017-04-22,20.728,20.485,0.243,FINAL
2017-04-23,20.731,20.482,0.249,FINAL
2017-04-24,20.736,20.479,0.257,FINAL
2017-04-25,20.73,20.476,0.254,FINAL
2017-04-26,20.72,20.473,0.248,FINAL
2017-04-27,20.72,20.469,0.251,FINAL
2017-04-28,20.737,20.466,0.271,FINAL
2017-04-29,20.712,20.463,0.249,FINAL
2017-04-30,20.692,20.46,0.232,FINAL
2017-05-01,20.686,20.457,0.23,FINAL
2017-05-02,20.687,20.453,0.234,FINAL
2017-05-03,20.685,20.45,0.235,FINAL
2017-05-04,20.677,20.447,0.23,FINAL
2017-05-05,20.662,20.444,0.218,FINAL
2017-05-06,20.641,20.441,0.201,FINAL
2017-05-07,20.623,20.437,0.186,FINAL
2017-05-08,20.619,20.434,0.185,FINAL
2017-05-09,20.615,20.431,0.184,FINAL
2017-05-10,20.618,20.428,0.191,FINAL
2017-05-11,20.614,20.425,0.19,FINAL
2017-05-12,20.606,20.421,0.184,FINAL
2017-05-13,20.604,20.418,0.186,FINAL
2017-05-14,20.605,20.415,0.19,FINAL
2017-05-15,20.607,20.412,0.195,FINAL
2017-05-16,20.6,20.409,0.191,FINAL
2017-05-17,20.597,20.406,0.191,FINAL
2017-05-18,20.589,20.403,0.186,FINAL
2017-05-19,20.576,20.4,0.176,FINAL
2017-05-20,20.57,20.397,0.173,FINAL
2017-05-21,20.56,20.394,0.166,FINAL
2017-05-22,20.554,20.392,0.162,FINAL
2017-05-23,20.558,20.389,0.169,FINAL
2017-05-24,20.561,20.386,0.175,FINAL
2017-05-25,20.559,20.383,0.176,FINAL
2017-05-26,20.556,20.381,0.175,FINAL
2017-05-27,20.555,20.378,0.176,FINAL
2017-05-28,20.544,20.376,0.168,FINAL
2017-05-29,20.541,20.374,0.167,FINAL
2017-05-30,20.543,20.371,0.172,FINAL
2017-05-31,20.544,20.369,0.175,FINAL
2017-06-01,20.554,20.367,0.187,FINAL
2017-06-02,20.555,20.365,0.19,FINAL
2017-06-03,20.557,20.363,0.194,FINAL
2017-06-04,20.549,20.361,0.188,FINAL
2017-06-05,20.552,20.36,0.192,FINAL
2017-06-06,20.546,20.358,0.188,FINAL
2017-06-07,20.534,20.357,0.177,FINAL
2017-06-08,20.535,20.355,0.18,FINAL
2017-06-09,20.523,20.354,0.169,FINAL
2017-06-10,20.521,20.353,0.168,FINAL
2017-06-11,20.509,20.352,0.157,FINAL
2017-06-12,20.514,20.351,0.163,FINAL
2017-06-13,20.513,20.35,0.163,FINAL
2017-06-14,20.519,20.349,0.169,FINAL
2017-06-15,20.521,20.349,0.172,FINAL
2017-06-16,20.535,20.348,0.187,FINAL
2017-06-17,20.553,20.348,0.205,FINAL
2017-06-18,20.55,20.347,0.202,FINAL
2017-06-19,20.541,20.347,0.193,FINAL
2017-06-20,20.543,20.347,0.196,FINAL
2017-06-21,20.54,20.347,0.193,FINAL
2017-06-22,20.529,20.347,0.182,FINAL
2017-06-23,20.532,20.348,0.185,FINAL
2017-06-24,20.538,20.348,0.19,FINAL
2017-06-25,20.532,20.348,0.183,FINAL
2017-06-26,20.528,20.349,0.179,FINAL
2017-06-27,20.534,20.349,0.184,FINAL
2017-06-28,20.55,20.35,0.2,FINAL
2017-06-29,20.556,20.351,0.205,FINAL
2017-06-30,20.553,20.352,0.201,FINAL
2017-07-01,20.553,20.353,0.2,FINAL
2017-07-02,20.578,20.354,0.224,FINAL
2017-07-03,20.568,20.355,0.213,FINAL
2017-07-04,20.569,20.356,0.213,FINAL
2017-07-05,20.581,20.358,0.223,FINAL
2017-07-06,20.589,20.359,0.23,FINAL
2017-07-07,20.598,20.36,0.237,FINAL
2017-07-08,20.597,20.362,0.235,FINAL
2017-07-09,20.603,20.363,0.239,FINAL
2017-07-10,20.604,20.365,0.238,FINAL
2017-07-11,20.616,20.367,0.249,FINAL
2017-07-12,20.617,20.369,0.248,FINAL
2017-07-13,20.612,20.37,0.242,FINAL
2017-07-14,20.621,20.372,0.248,FINAL
2017-07-15,20.617,20.374,0.243,FINAL
2017-07-16,20.619,20.376,0.243,FINAL
2017-07-17,20.619,20.378,0.241,FINAL
2017-07-18,20.617,20.38,0.237,FINAL
2017-07-19,20.622,20.383,0.239,FINAL
2017-07-20,20.621,20.385,0.236,FINAL
2017-07-21,20.646,20.387,0.259,FINAL
2017-07-22,20.636,20.389,0.247,FINAL
2017-07-23,20.63,20.391,0.239,FINAL
2017-07-24,20.627,20.394,0.234,FINAL
2017-07-25,20.627,20.396,0.231,FINAL
2017-07-26,20.624,20.398,0.226,FINAL
2017-07-27,20.626,20.401,0.225,FINAL
2017-07-28,20.626,20.403,0.223,FINAL
2017-07-29,20.618,20.405,0.213,FINAL
2017-07-30,20.614,20.407,0.207,FINAL
2017-07-31,20.627,20.41,0.217,FINAL
2017-08-01,20.633,20.412,0.221,FINAL
2017-08-02,20.636,20.414,0.222,FINAL
2017-08-03,20.631,20.416,0.215,FINAL
2017-08-04,20.629,20.418,0.211,FINAL
2017-08-05,20.628,20.42,0.208,FINAL
2017-08-06,20.639,20.422,0.217,FINAL
2017-08-07,20.649,20.424,0.225,FINAL
2017-08-08,20.65,20.426,0.224,FINAL
2017-08-09,20.66,20.427,0.233,FINAL
2017-08-10,20.656,20.429,0.227,FINAL
2017-08-11,20.659,20.43,0.229,FINAL
2017-08-12,20.657,20.431,0.225,FINAL
2017-08-13,20.655,20.432,0.223,FINAL
2017-08-14,20.648,20.433,0.215,FINAL
2017-08-15,20.674,20.434,0.24,FINAL
2017-08-16,20.689,20.435,0.254,FINAL
2017-08-17,20.667,20.435,0.232,FINAL
2017-08-18,20.662,20.436,0.227,FINAL
2017-08-19,20.66,20.436,0.224,FINAL
2017-08-20,20.655,20.436,0.219,FINAL
2017-08-21,20.65,20.436,0.215,FINAL
2017-08-22,20.637,20.435,0.202,FINAL
2017-08-23,20.637,20.434,0.202,FINAL
2017-08-24,20.641,20.433,0.207,FINAL
2017-08-25,20.65,20.432,0.218,FINAL
2017-08-26,20.651,20.431,0.22,FINAL
2017-08-27,20.661,20.429,0.231,FINAL
2017-08-28,20.658,20.428,0.23,FINAL
2017-08-29,20.654,20.426,0.229,FINAL
2017-08-30,20.646,20.423,0.223,FINAL
2017-08-31,20.64,20.421,0.219,FINAL
2017-09-01,20.624,20.418,0.206,FINAL
2017-09-02,20.601,20.415,0.185,FINAL
2017-09-03,20.592,20.412,0.179,FINAL
2017-09-04,20.582,20.409,0.173,FINAL
2017-09-05,20.576,20.405,0.171,FINAL
2017-09-06,20.574,20.401,0.173,FINAL
2017-09-07,20.575,20.397,0.178,FINAL
2017-09-08,20.566,20.393,0.173,FINAL
2017-09-09,20.574,20.389,0.185,FINAL
2017-09-10,20.564,20.384,0.179,FINAL
2017-09-11,20.551,20.379,0.171,FINAL
2017-09-12,20.551,20.375,0.176,FINAL
2017-09-13,20.547,20.37,0.178,FINAL
2017-09-14,20.547,20.364,0.183,FINAL
2017-09-15,20.568,20.359,0.209,FINAL
2017-09-16,20.561,20.354,0.207,FINAL
2017-09-17,20.536,20.348,0.188,FINAL
2017-09-18,20.535,20.343,0.193,FINAL
2017-09-19,20.533,20.337,0.195,FINAL
2017-09-20,20.525,20.331,0.194,FINAL
2017-09-21,20.52,20.326,0.195,FINAL
2017-09-22,20.521,20.32,0.201,FINAL
2017-09-23,20.506,20.314,0.192,FINAL
2017-09-24,20.506,20.308,0.198,FINAL
2017-09-25,20.504,20.303,0.201,FINAL
2017-09-26,20.504,20.297,0.207,FINAL
2017-09-27,20.497,20.291,0.206,FINAL
2017-09-28,20.513,20.286,0.227,FINAL
2017-09-29,20.505,20.28,0.225,FINAL
2017-09-30,20.49,20.274,0.215,FINAL
2017-10-01,20.49,20.269,0.221,FINAL
2017-10-02,20.482,20.264,0.218,FINAL
2017-10-03,20.475,20.258,0.217,FINAL
2017-10-04,20.456,20.253,0.203,FINAL
2017-10-05,20.438,20.248,0.19,FINAL
2017-10-06,20.425,20.243,0.182,FINAL
2017-10-07,20.422,20.238,0.184,FINAL
2017-10-08,20.415,20.233,0.181,FINAL
2017-10-09,20.421,20.229,0.192,FINAL
2017-10-10,20.412,20.224,0.188,FINAL
2017-10-11,20.407,20.22,0.187,FINAL
2017-10-12,20.406,20.216,0.19,FINAL
2017-10-13,20.398,20.211,0.187,FINAL
2017-10-14,20.38,20.207,0.173,FINAL
2017-10-15,20.366,20.203,0.163,FINAL
2017-10-16,20.362,20.199,0.163,FINAL
2017-10-17,20.358,20.196,0.162,FINAL
2017-10-18,20.36,20.192,0.168,FINAL
2017-10-19,20.389,20.189,0.201,FINAL
2017-10-20,20.343,20.185,0.158,FINAL
2017-10-21,20.325,20.182,0.143,FINAL
2017-10-22,20.326,20.178,0.147,FINAL
2017-10-23,20.322,20.175,0.147,FINAL
2017-10-24,20.325,20.172,0.153,FINAL
2017-10-25,20.334,20.169,0.165,FINAL
2017-10-26,20.336,20.166,0.17,FINAL
2017-10-27,20.34,20.163,0.178,FINAL
2017-10-28,20.345,20.16,0.185,FINAL
2017-10-29,20.346,20.157,0.189,FINAL
2017-10-30,20.334,20.154,0.179,FINAL
2017-10-31,20.33,20.152,0.178,FINAL
2017-11-01,20.322,20.149,0.173,FINAL
2017-11-02,20.32,20.146,0.173,FINAL
2017-11-03,20.319,20.144,0.175,FINAL
2017-11-04,20.318,20.142,0.176,FINAL
2017-11-05,20.314,20.139,0.175,FINAL
2017-11-06,20.318,20.137,0.181,FINAL
2017-11-07,20.318,20.135,0.184,FINAL
2017-11-08,20.32,20.133,0.187,FINAL
2017-11-09,20.322,20.131,0.192,FINAL
2017-11-10,20.324,20.129,0.195,FINAL
2017-11-11,20.326,20.127,0.199,FINAL
2017-11-12,20.329,20.125,0.204,FINAL
2017-11-13,20.326,20.124,0.202,FINAL
2017-11-14,20.321,20.123,0.198,FINAL
2017-11-15,20.318,20.121,0.197,FINAL
2017-11-16,20.31,20.12,0.189,FINAL
2017-11-17,20.294,20.119,0.174,FINAL
2017-11-18,20.289,20.119,0.17,FINAL
2017-11-19,20.281,20.118,0.163,FINAL
2017-11-20,20.285,20.118,0.168,FINAL
2017-11-21,20.285,20.117,0.168,FINAL
2017-11-22,20.282,20.117,0.165,FINAL
2017-11-23,20.284,20.117,0.166,FINAL
2017-11-24,20.28,20.118,0.162,FINAL
2017-11-25,20.285,20.118,0.166,FINAL
2017-11-26,20.278,20.119,0.159,FINAL
2017-11-27,20.264,20.12,0.144,FINAL
2017-11-28,20.27,20.121,0.149,FINAL
2017-11-29,20.275,20.123,0.153,FINAL
2017-11-30,20.275,20.124,0.151,FINAL
2017-12-01,20.275,20.126,0.149,FINAL
2017-12-02,20.286,20.128,0.158,FINAL
2017-12-03,20.287,20.13,0.157,FINAL
2017-12-04,20.29,20.132,0.158,FINAL
2017-12-05,20.296,20.135,0.162,FINAL
2017-12-06,20.302,20.137,0.165,FINAL
2017-12-07,20.29,20.14,0.15,FINAL
2017-12-08,20.279,20.143,0.136,FINAL
2017-12-09,20.272,20.146,0.126,FINAL
2017-12-10,20.267,20.149,0.118,FINAL
2017-12-11,20.271,20.152,0.119,FINAL
2017-12-12,20.279,20.156,0.123,FINAL
2017-12-13,20.284,20.159,0.124,FINAL
2017-12-14,20.284,20.163,0.121,FINAL
2017-12-15,20.277,20.167,0.11,FINAL
2017-12-16,20.273,20.17,0.103,FINAL
2017-12-17,20.272,20.174,0.098,FINAL
2017-12-18,20.273,20.178,0.095,FINAL
2017-12-19,20.28,20.182,0.098,FINAL
2017-12-20,20.29,20.186,0.104,FINAL
2017-12-21,20.293,20.19,0.103,FINAL
2017-12-22,20.301,20.194,0.107,FINAL
2017-12-23,20.298,20.198,0.1,FINAL
2017-12-24,20.307,20.203,0.104,FINAL
2017-12-25,20.317,20.207,0.11,FINAL
2017-12-26,20.32,20.211,0.108,FINAL
2017-12-27,20.313,20.216,0.097,FINAL
2017-12-28,20.317,20.22,0.097,FINAL
2017-12-29,20.331,20.224,0.106,FINAL
2017-12-30,20.351,20.229,0.123,FINAL
2017-12-31,20.361,20.233,0.127,FINAL
2018-01-01,20.359,20.238,0.122,FINAL
2018-01-02,20.39,20.242,0.148,FINAL
2018-01-03,20.402,20.247,0.154,FINAL
2018-01-04,20.415,20.252,0.163,FINAL
2018-01-05,20.409,20.256,0.152,FINAL
2018-01-06,20.404,20.261,0.143,FINAL
2018-01-07,20.409,20.266,0.143,FINAL
2018-01-08,20.411,20.271,0.14,FINAL
2018-01-09,20.411,20.276,0.135,FINAL
2018-01-10,20.413,20.281,0.132,FINAL
2018-01-11,20.415,20.286,0.129,FINAL
2018-01-12,20.417,20.291,0.125,FINAL
2018-01-13,20.427,20.297,0.13,FINAL
2018-01-14,20.423,20.302,0.121,FINAL
2018-01-15,20.419,20.307,0.112,FINAL
2018-01-16,20.412,20.313,0.099,FINAL
2018-01-17,20.416,20.318,0.098,FINAL
2018-01-18,20.424,20.324,0.1,FINAL
2018-01-19,20.431,20.329,0.101,FINAL
2018-01-20,20.43,20.335,0.095,FINAL
2018-01-21,20.435,20.341,0.095,FINAL
2018-01-22,20.435,20.346,0.089,FINAL
2018-01-23,20.474,20.352,0.122,FINAL
2018-01-24,20.488,20.358,0.13,FINAL
2018-01-25,20.502,20.364,0.138,FINAL
2018-01-26,20.511,20.37,0.141,FINAL
2018-01-27,20.516,20.375,0.141,FINAL
2018-01-28,20.518,20.381,0.137,FINAL
2018-01-29,20.524,20.387,0.137,FINAL
2018-01-30,20.514,20.392,0.122,FINAL
2018-01-31,20.487,20.398,0.089,FINAL
2018-02-01,20.481,20.404,0.078,FINAL
2018-02-02,20.476,20.409,0.067,FINAL
2018-02-03,20.477,20.415,0.062,FINAL
2018-02-04,20.476,20.42,0.056,FINAL
2018-02-05,20.476,20.425,0.051,FINAL
2018-02-06,20.496,20.43,0.066,FINAL
2018-02-07,20.503,20.436,0.067,FINAL
2018-02-08,20.513,20.44,0.072,FINAL
2018-02-09,20.519,20.445,0.073,FINAL
2018-02-10,20.528,20.45,0.077,FINAL
2018-02-11,20.522,20.455,0.067,FINAL
2018-02-12,20.53,20.459,0.07,FINAL
2018-02-13,20.546,20.463,0.083,FINAL
2018-02-14,20.546,20.468,0.078,FINAL
2018-02-15,20.569,20.472,0.097,FINAL
2018-02-16,20.58,20.476,0.104,FINAL
2018-02-17,20.588,20.48,0.108,FINAL
2018-02-18,20.605,20.483,0.121,FINAL
2018-02-19,20.61,20.487,0.124,FINAL
2018-02-20,20.62,20.49,0.13,FINAL
2018-02-21,20.631,20.493,0.137,FINAL
2018-02-22,20.638,20.497,0.141,FINAL
2018-02-23,20.652,20.5,0.153,FINAL
2018-02-24,20.668,20.503,0.165,FINAL
2018-02-25,20.675,20.505,0.17,FINAL
2018-02-26,20.685,20.508,0.177,FINAL
2018-02-27,20.688,20.51,0.177,FINAL
2018-02-28,20.695,20.513,0.182,FINAL
2018-03-01,20.701,20.515,0.186,FINAL
2018-03-02,20.7,20.517,0.182,FINAL
2018-03-03,20.713,20.52,0.193,FINAL
2018-03-04,20.717,20.522,0.195,FINAL
2018-03-05,20.717,20.523,0.193,FINAL
2018-03-06,20.715,20.525,0.19,FINAL
2018-03-07,20.712,20.527,0.185,FINAL
2018-03-08,20.718,20.529,0.189,FINAL
2018-03-09,20.703,20.53,0.173,FINAL
2018-03-10,20.689,20.531,0.157,FINAL
2018-03-11,20.678,20.533,0.145,FINAL
2018-03-12,20.683,20.534,0.149,FINAL
2018-03-13,20.684,20.535,0.149,FINAL
2018-03-14,20.689,20.536,0.153,FINAL
2018-03-15,20.688,20.537,0.151,FINAL
2018-03-16,20.682,20.538,0.144,FINAL
2018-03-17,20.676,20.538,0.138,FINAL
2018-03-18,20.689,20.539,0.15,FINAL
2018-03-19,20.685,20.539,0.146,FINAL
2018-03-20,20.69,20.54,0.15,FINAL
2018-03-21,20.675,20.54,0.135,FINAL
2018-03-22,20.662,20.54,0.122,FINAL
2018-03-23,20.644,20.54,0.105,FINAL
2018-03-24,20.628,20.54,0.088,FINAL
2018-03-25,20.616,20.539,0.077,FINAL
2018-03-26,20.619,20.539,0.08,FINAL
2018-03-27,20.628,20.538,0.089,FINAL
2018-03-28,20.633,20.538,0.095,FINAL
2018-03-29,20.645,20.537,0.108,FINAL
2018-03-30,20.652,20.536,0.116,FINAL
2018-03-31,20.647,20.535,0.112,FINAL
2018-04-01,20.661,20.534,0.128,FINAL
2018-04-02,20.666,20.532,0.134,FINAL
2018-04-03,20.692,20.531,0.161,FINAL
2018-04-04,20.697,20.529,0.168,FINAL
2018-04-05,20.702,20.528,0.174,FINAL
2018-04-06,20.701,20.526,0.175,FINAL
2018-04-07,20.685,20.524,0.161,FINAL
2018-04-08,20.672,20.522,0.15,FINAL
2018-04-09,20.659,20.52,0.14,FINAL
2018-04-10,20.648,20.517,0.13,FINAL
2018-04-11,20.639,20.515,0.123,FINAL
2018-04-12,20.636,20.513,0.123,FINAL
2018-04-13,20.629,20.51,0.118,FINAL
2018-04-14,20.621,20.508,0.113,FINAL
2018-04-15,20.61,20.505,0.105,FINAL
2018-04-16,20.603,20.502,0.1,FINAL
2018-04-17,20.602,20.5,0.103,FINAL
2018-04-18,20.605,20.497,0.109,FINAL
2018-04-19,20.607,20.494,0.113,FINAL
2018-04-20,20.612,20.491,0.121,FINAL
2018-04-21,20.617,20.488,0.129,FINAL
2018-04-22,20.626,20.485,0.141,FINAL
2018-04-23,20.627,20.482,0.145,FINAL
2018-04-24,20.63,20.479,0.151,FINAL
2018-04-25,20.63,20.476,0.155,FINAL
2018-04-26,20.632,20.473,0.159,FINAL
2018-04-27,20.627,20.469,0.158,FINAL
2018-04-28,20.625,20.466,0.159,FINAL
2018-04-29,20.623,20.463,0.16,FINAL
2018-04-30,20.608,20.46,0.148,FINAL
2018-05-01,20.604,20.457,0.147,FINAL
2018-05-02,20.598,20.453,0.144,FINAL
2018-05-03,20.589,20.45,0.139,FINAL
2018-05-04,20.588,20.447,0.141,FINAL
2018-05-05,20.592,20.444,0.148,FINAL
2018-05-06,20.59,20.441,0.15,FINAL
2018-05-07,20.583,20.437,0.146,FINAL
2018-05-08,20.581,20.434,0.147,FINAL
2018-05-09,20.577,20.431,0.146,FINAL
2018-05-10,20.581,20.428,0.153,FINAL
2018-05-11,20.579,20.425,0.154,FINAL
2018-05-12,20.589,20.421,0.168,FINAL
2018-05-13,20.588,20.418,0.169,FINAL
2018-05-14,20.592,20.415,0.177,FINAL
2018-05-15,20.601,20.412,0.189,FINAL
2018-05-16,20.598,20.409,0.189,FINAL
2018-05-17,20.598,20.406,0.192,FINAL
2018-05-18,20.598,20.403,0.195,FINAL
2018-05-19,20.597,20.4,0.197,FINAL
2018-05-20,20.603,20.397,0.206,FINAL
2018-05-21,20.602,20.394,0.207,FINAL
2018-05-22,20.593,20.392,0.201,FINAL
2018-05-23,20.594,20.389,0.206,FINAL
2018-05-24,20.586,20.386,0.2,FINAL
2018-05-25,20.575,20.383,0.192,FINAL
2018-05-26,20.572,20.381,0.191,FINAL
2018-05-27,20.563,20.378,0.185,FINAL
2018-05-28,20.556,20.376,0.18,FINAL
2018-05-29,20.551,20.374,0.177,FINAL
2018-05-30,20.55,20.371,0.179,FINAL
2018-05-31,20.534,20.369,0.165,FINAL
2018-06-01,20.538,20.367,0.171,FINAL
2018-06-02,20.539,20.365,0.173,FINAL
2018-06-03,20.536,20.363,0.173,FINAL
2018-06-04,20.527,20.361,0.165,FINAL
2018-06-05,20.526,20.36,0.166,FINAL
2018-06-06,20.521,20.358,0.163,FINAL
2018-06-07,20.52,20.357,0.164,FINAL
2018-06-08,20.518,20.355,0.163,FINAL
2018-06-09,20.512,20.354,0.158,FINAL
2018-06-10,20.501,20.353,0.149,FINAL
2018-06-11,20.505,20.352,0.154,FINAL
2018-06-12,20.494,20.351,0.143,FINAL
2018-06-13,20.48,20.35,0.13,FINAL
2018-06-14,20.472,20.349,0.122,FINAL
2018-06-15,20.455,20.349,0.106,FINAL
2018-06-16,20.447,20.348,0.098,FINAL
2018-06-17,20.435,20.348,0.087,FINAL
2018-06-18,20.437,20.347,0.089,FINAL
2018-06-19,20.453,20.347,0.106,FINAL
2018-06-20,20.442,20.347,0.095,FINAL
2018-06-21,20.448,20.347,0.101,FINAL
2018-06-22,20.467,20.347,0.12,FINAL
2018-06-23,20.464,20.348,0.117,FINAL
2018-06-24,20.458,20.348,0.11,FINAL
2018-06-25,20.466,20.348,0.118,FINAL
2018-06-26,20.468,20.349,0.12,FINAL
2018-06-27,20.476,20.349,0.127,FINAL
2018-06-28,20.485,20.35,0.134,FINAL
2018-06-29,20.469,20.351,0.118,FINAL
2018-06-30,20.453,20.352,0.101,FINAL
2018-07-01,20.452,20.353,0.099,FINAL
2018-07-02,20.474,20.354,0.12,FINAL
2018-07-03,20.466,20.355,0.111,FINAL
2018-07-04,20.443,20.356,0.087,FINAL
2018-07-05,20.441,20.358,0.083,FINAL
2018-07-06,20.431,20.359,0.072,FINAL
2018-07-07,20.435,20.36,0.075,FINAL
2018-07-08,20.434,20.362,0.072,FINAL
2018-07-09,20.461,20.363,0.098,FINAL
2018-07-10,20.472,20.365,0.107,FINAL
2018-07-11,20.491,20.367,0.124,FINAL
2018-07-12,20.483,20.369,0.114,FINAL
2018-07-13,20.485,20.37,0.115,FINAL
2018-07-14,20.484,20.372,0.112,FINAL
2018-07-15,20.478,20.374,0.104,FINAL
2018-07-16,20.474,20.376,0.098,FINAL
2018-07-17,20.477,20.378,0.099,FINAL
2018-07-18,20.469,20.38,0.089,FINAL
2018-07-19,20.474,20.383,0.091,FINAL
2018-07-20,20.471,20.385,0.086,FINAL
2018-07-21,20.475,20.387,0.088,FINAL
2018-07-22,20.477,20.389,0.087,FINAL
2018-07-23,20.485,20.391,0.093,FINAL
2018-07-24,20.487,20.394,0.093,FINAL
2018-07-25,20.5,20.396,0.104,FINAL
2018-07-26,20.516,20.398,0.118,FINAL
2018-07-27,20.517,20.401,0.117,FINAL
2018-07-28,20.518,20.403,0.115,FINAL
2018-07-29,20.536,20.405,0.13,FINAL
2018-07-30,20.547,20.407,0.139,FINAL
2018-07-31,20.546,20.41,0.136,FINAL
2018-08-01,20.557,20.412,0.146,FINAL
2018-08-02,20.56,20.414,0.146,FINAL
2018-08-03,20.56,20.416,0.143,FINAL
2018-08-04,20.555,20.418,0.137,FINAL
2018-08-05,20.557,20.42,0.137,FINAL
2018-08-06,20.558,20.422,0.136,FINAL
2018-08-07,20.551,20.424,0.127,FINAL
2018-08-08,20.541,20.426,0.116,FINAL
2018-08-09,20.542,20.427,0.115,FINAL
2018-08-10,20.54,20.429,0.112,FINAL
2018-08-11,20.54,20.43,0.11,FINAL
2018-08-12,20.531,20.431,0.1,FINAL
2018-08-13,20.536,20.432,0.104,FINAL
2018-08-14,20.541,20.433,0.107,FINAL
2018-08-15,20.55,20.434,0.116,FINAL
2018-08-16,20.55,20.435,0.115,FINAL
2018-08-17,20.544,20.435,0.109,FINAL
2018-08-18,20.534,20.436,0.099,FINAL
2018-08-19,20.528,20.436,0.092,FINAL
2018-08-20,20.52,20.436,0.084,FINAL
2018-08-21,20.523,20.436,0.087,FINAL
2018-08-22,20.537,20.435,0.102,FINAL
2018-08-23,20.532,20.434,0.098,FINAL
2018-08-24,20.538,20.433,0.105,FINAL
2018-08-25,20.533,20.432,0.101,FINAL
2018-08-26,20.525,20.431,0.095,FINAL
2018-08-27,20.52,20.429,0.091,FINAL
2018-08-28,20.517,20.428,0.089,FINAL
2018-08-29,20.521,20.426,0.096,FINAL
2018-08-30,20.52,20.423,0.097,FINAL
2018-08-31,20.514,20.421,0.093,FINAL
2018-09-01,20.513,20.418,0.095,FINAL
2018-09-02,20.509,20.415,0.093,FINAL
2018-09-03,20.523,20.412,0.111,FINAL
2018-09-04,20.528,20.409,0.119,FINAL
2018-09-05,20.535,20.405,0.13,FINAL
2018-09-06,20.531,20.401,0.13,FINAL
2018-09-07,20.536,20.397,0.138,FINAL
2018-09-08,20.539,20.393,0.146,FINAL
2018-09-09,20.542,20.389,0.153,FINAL
2018-09-10,20.534,20.384,0.149,FINAL
2018-09-11,20.535,20.379,0.156,FINAL
2018-09-12,20.533,20.375,0.159,FINAL
2018-09-13,20.524,20.37,0.155,FINAL
2018-09-14,20.521,20.364,0.156,FINAL
2018-09-15,20.531,20.359,0.172,FINAL
2018-09-16,20.526,20.354,0.172,FINAL
2018-09-17,20.525,20.348,0.177,FINAL
2018-09-18,20.517,20.343,0.174,FINAL
2018-09-19,20.507,20.337,0.17,FINAL
2018-09-20,20.509,20.331,0.178,FINAL
2018-09-21,20.51,20.326,0.185,FINAL
2018-09-22,20.509,20.32,0.189,FINAL
2018-09-23,20.521,20.314,0.207,FINAL
2018-09-24,20.527,20.308,0.218,FINAL
2018-09-25,20.526,20.303,0.224,FINAL
2018-09-26,20.526,20.297,0.229,FINAL
2018-09-27,20.511,20.291,0.22,FINAL
2018-09-28,20.496,20.286,0.211,FINAL
2018-09-29,20.486,20.28,0.206,FINAL
2018-09-30,20.473,20.274,0.198,FINAL
2018-10-01,20.478,20.269,0.209,FINAL
2018-10-02,20.455,20.264,0.191,FINAL
2018-10-03,20.458,20.258,0.2,FINAL
2018-10-04,20.464,20.253,0.211,FINAL
2018-10-05,20.471,20.248,0.223,FINAL
2018-10-06,20.476,20.243,0.233,FINAL
2018-10-07,20.48,20.238,0.242,FINAL
2018-10-08,20.484,20.233,0.251,FINAL
2018-10-09,20.493,20.229,0.264,FINAL
2018-10-10,20.486,20.224,0.262,FINAL
2018-10-11,20.484,20.22,0.264,FINAL
2018-10-12,20.472,20.216,0.257,FINAL
2018-10-13,20.458,20.211,0.246,FINAL
2018-10-14,20.447,20.207,0.24,FINAL
2018-10-15,20.446,20.203,0.243,FINAL
2018-10-16,20.436,20.199,0.236,FINAL
2018-10-17,20.434,20.196,0.238,FINAL
2018-10-18,20.425,20.192,0.233,FINAL
2018-10-19,20.431,20.189,0.243,FINAL
2018-10-20,20.422,20.185,0.237,FINAL
2018-10-21,20.423,20.182,0.241,FINAL
2018-10-22,20.42,20.178,0.242,FINAL
2018-10-23,20.427,20.175,0.252,FINAL
2018-10-24,20.431,20.172,0.259,FINAL
2018-10-25,20.432,20.169,0.263,FINAL
2018-10-26,20.43,20.166,0.264,FINAL
2018-10-27,20.437,20.163,0.274,FINAL
2018-10-28,20.44,20.16,0.28,FINAL
2018-10-29,20.433,20.157,0.276,FINAL
2018-10-30,20.423,20.154,0.268,FINAL
2018-10-31,20.419,20.152,0.268,FINAL
2018-11-01,20.411,20.149,0.262,FINAL
2018-11-02,20.404,20.146,0.258,FINAL
2018-11-03,20.394,20.144,0.25,FINAL
2018-11-04,20.394,20.142,0.253,FINAL
2018-11-05,20.387,20.139,0.248,FINAL
2018-11-06,20.386,20.137,0.249,FINAL
2018-11-07,20.368,20.135,0.233,FINAL
2018-11-08,20.351,20.133,0.219,FINAL
2018-11-09,20.343,20.131,0.212,FINAL
2018-11-10,20.334,20.129,0.206,FINAL
2018-11-11,20.336,20.127,0.209,FINAL
2018-11-12,20.354,20.125,0.228,FINAL
2018-11-13,20.369,20.124,0.245,FINAL
2018-11-14,20.368,20.123,0.246,FINAL
2018-11-15,20.357,20.121,0.236,FINAL
2018-11-16,20.346,20.12,0.226,FINAL
2018-11-17,20.336,20.119,0.217,FINAL
2018-11-18,20.329,20.119,0.211,FINAL
2018-11-19,20.328,20.118,0.21,FINAL
2018-11-20,20.329,20.118,0.211,FINAL
2018-11-21,20.348,20.117,0.231,FINAL
2018-11-22,20.335,20.117,0.217,FINAL
2018-11-23,20.354,20.117,0.237,FINAL
2018-11-24,20.361,20.118,0.243,FINAL
2018-11-25,20.371,20.118,0.253,FINAL
2018-11-26,20.374,20.119,0.255,FINAL
2018-11-27,20.373,20.12,0.253,FINAL
2018-11-28,20.384,20.121,0.263,FINAL
2018-11-29,20.386,20.123,0.263,FINAL
2018-11-30,20.384,20.124,0.26,FINAL
2018-12-01,20.387,20.126,0.261,FINAL
2018-12-02,20.39,20.128,0.263,FINAL
2018-12-03,20.403,20.13,0.273,FINAL
2018-12-04,20.407,20.132,0.275,FINAL
2018-12-05,20.417,20.135,0.282,FINAL
2018-12-06,20.413,20.137,0.276,FINAL
2018-12-07,20.395,20.14,0.255,FINAL
2018-12-08,20.4,20.143,0.257,FINAL
2018-12-09,20.396,20.146,0.25,FINAL
2018-12-10,20.385,20.149,0.236,FINAL
2018-12-11,20.383,20.152,0.231,FINAL
2018-12-12,20.383,20.156,0.228,FINAL
2018-12-13,20.372,20.159,0.213,FINAL
2018-12-14,20.351,20.163,0.188,FINAL
2018-12-15,20.343,20.167,0.177,FINAL
2018-12-16,20.35,20.17,0.179,FINAL
2018-12-17,20.353,20.174,0.179,FINAL
2018-12-18,20.362,20.178,0.184,FINAL
2018-12-19,20.367,20.182,0.185,FINAL
2018-12-20,20.389,20.186,0.203,FINAL
2018-12-21,20.413,20.19,0.223,FINAL
2018-12-22,20.428,20.194,0.234,FINAL
2018-12-23,20.44,20.198,0.242,FINAL
2018-12-24,20.445,20.203,0.242,FINAL
2018-12-25,20.464,20.207,0.257,FINAL
2018-12-26,20.475,20.211,0.264,FINAL
2018-12-27,20.468,20.216,0.252,FINAL
2018-12-28,20.468,20.22,0.248,FINAL
2018-12-29,20.453,20.224,0.229,FINAL
2018-12-30,20.451,20.229,0.222,FINAL
2018-12-31,20.457,20.233,0.224,FINAL
2019-01-01,20.452,20.238,0.214,FINAL
2019-01-02,20.453,20.242,0.211,FINAL
2019-01-03,20.443,20.247,0.196,FINAL
2019-01-04,20.43,20.252,0.178,FINAL
2019-01-05,20.434,20.256,0.177,FINAL
2019-01-06,20.438,20.261,0.177,FINAL
2019-01-07,20.455,20.266,0.189,FINAL
2019-01-08,20.475,20.271,0.204,FINAL
2019-01-09,20.489,20.276,0.213,FINAL
2019-01-10,20.498,20.281,0.217,FINAL
2019-01-11,20.509,20.286,0.223,FINAL
2019-01-12,20.523,20.291,0.232,FINAL
2019-01-13,20.543,20.297,0.247,FINAL
2019-01-14,20.551,20.302,0.249,FINAL
2019-01-15,20.571,20.307,0.263,FINAL
2019-01-16,20.581,20.313,0.268,FINAL
2019-01-17,20.583,20.318,0.264,FINAL
2019-01-18,20.572,20.324,0.248,FINAL
2019-01-19,20.568,20.329,0.239,FINAL
2019-01-20,20.572,20.335,0.237,FINAL
2019-01-21,20.561,20.341,0.22,FINAL
2019-01-22,20.554,20.346,0.207,FINAL
2019-01-23,20.557,20.352,0.204,FINAL
2019-01-24,20.568,20.358,0.21,FINAL
2019-01-25,20.562,20.364,0.198,FINAL
2019-01-26,20.558,20.37,0.189,FINAL
2019-01-27,20.571,20.375,0.195,FINAL
2019-01-28,20.581,20.381,0.2,FINAL
2019-01-29,20.604,20.387,0.218,FINAL
2019-01-30,20.613,20.392,0.22,FINAL
2019-01-31,20.609,20.398,0.211,FINAL
2019-02-01,20.611,20.404,0.208,FINAL
2019-02-02,20.622,20.409,0.213,FINAL
2019-02-03,20.636,20.415,0.222,FINAL
2019-02-04,20.647,20.42,0.227,FINAL
2019-02-05,20.67,20.425,0.245,FINAL
2019-02-06,20.676,20.43,0.245,FINAL
2019-02-07,20.669,20.436,0.233,FINAL
2019-02-08,20.662,20.44,0.221,FINAL
2019-02-09,20.657,20.445,0.212,FINAL
2019-02-10,20.646,20.45,0.196,FINAL
2019-02-11,20.653,20.455,0.199,FINAL
2019-02-12,20.668,20.459,0.209,FINAL
2019-02-13,20.673,20.463,0.21,FINAL
2019-02-14,20.681,20.468,0.213,FINAL
2019-02-15,20.685,20.472,0.213,FINAL
2019-02-16,20.7,20.476,0.224,FINAL
2019-02-17,20.711,20.48,0.232,FINAL
2019-02-18,20.719,20.483,0.236,FINAL
2019-02-19,20.735,20.487,0.248,FINAL
2019-02-20,20.733,20.49,0.243,FINAL
2019-02-21,20.74,20.493,0.246,FINAL
2019-02-22,20.756,20.497,0.259,FINAL
2019-02-23,20.765,20.5,0.265,FINAL
2019-02-24,20.771,20.503,0.268,FINAL
2019-02-25,20.779,20.505,0.274,FINAL
2019-02-26,20.761,20.508,0.253,FINAL
2019-02-27,20.763,20.51,0.253,FINAL
2019-02-28,20.769,20.513,0.256,FINAL
2019-03-01,20.772,20.515,0.257,FINAL
2019-03-02,20.776,20.517,0.258,FINAL
2019-03-03,20.782,20.52,0.262,FINAL
2019-03-04,20.78,20.522,0.258,FINAL
2019-03-05,20.786,20.523,0.263,FINAL
2019-03-06,20.781,20.525,0.256,FINAL
2019-03-07,20.771,20.527,0.244,FINAL
2019-03-08,20.764,20.529,0.235,FINAL
2019-03-09,20.754,20.53,0.224,FINAL
2019-03-10,20.752,20.531,0.22,FINAL
2019-03-11,20.742,20.533,0.209,FINAL
2019-03-12,20.733,20.534,0.199,FINAL
2019-03-13,20.732,20.535,0.197,FINAL
2019-03-14,20.725,20.536,0.189,FINAL
2019-03-15,20.733,20.537,0.196,FINAL
2019-03-16,20.742,20.538,0.205,FINAL
2019-03-17,20.748,20.538,0.209,FINAL
2019-03-18,20.759,20.539,0.22,FINAL
2019-03-19,20.768,20.539,0.229,FINAL
2019-03-20,20.793,20.54,0.253,FINAL
2019-03-21,20.781,20.54,0.241,FINAL
2019-03-22,20.786,20.54,0.246,FINAL
2019-03-23,20.78,20.54,0.241,FINAL
2019-03-24,20.775,20.54,0.235,FINAL
2019-03-25,20.765,20.539,0.225,FINAL
2019-03-26,20.766,20.539,0.227,FINAL
2019-03-27,20.76,20.538,0.221,FINAL
2019-03-28,20.757,20.538,0.219,FINAL
2019-03-29,20.759,20.537,0.222,FINAL
2019-03-30,20.757,20.536,0.221,FINAL
2019-03-31,20.754,20.535,0.219,FINAL
2019-04-01,20.761,20.534,0.228,FINAL
2019-04-02,20.76,20.532,0.228,FINAL
2019-04-03,20.764,20.531,0.233,FINAL
2019-04-04,20.754,20.529,0.224,FINAL
2019-04-05,20.742,20.528,0.215,FINAL
2019-04-06,20.737,20.526,0.211,FINAL
2019-04-07,20.737,20.524,0.213,FINAL
2019-04-08,20.765,20.522,0.243,FINAL
2019-04-09,20.765,20.52,0.245,FINAL
2019-04-10,20.759,20.517,0.241,FINAL
2019-04-11,20.751,20.515,0.236,FINAL
2019-04-12,20.751,20.513,0.238,FINAL
2019-04-13,20.753,20.51,0.242,FINAL
2019-04-14,20.744,20.508,0.236,FINAL
2019-04-15,20.744,20.505,0.239,FINAL
2019-04-16,20.743,20.502,0.241,FINAL
2019-04-17,20.736,20.5,0.237,FINAL
2019-04-18,20.729,20.497,0.233,FINAL
2019-04-19,20.719,20.494,0.225,FINAL
2019-04-20,20.705,20.491,0.214,FINAL
2019-04-21,20.696,20.488,0.208,FINAL
2019-04-22,20.704,20.485,0.219,FINAL
2019-04-23,20.709,20.482,0.227,FINAL
2019-04-24,20.703,20.479,0.224,FINAL
2019-04-25,20.711,20.476,0.236,FINAL
2019-04-26,20.707,20.473,0.234,FINAL
2019-04-27,20.711,20.469,0.242,FINAL
2019-04-28,20.708,20.466,0.241,FINAL
2019-04-29,20.705,20.463,0.242,FINAL
2019-04-30,20.691,20.46,0.231,FINAL
2019-05-01,20.685,20.457,0.228,FINAL
2019-05-02,20.678,20.453,0.224,FINAL
2019-05-03,20.663,20.45,0.213,FINAL
2019-05-04,20.656,20.447,0.209,FINAL
2019-05-05,20.644,20.444,0.2,FINAL
2019-05-06,20.646,20.441,0.206,FINAL
2019-05-07,20.65,20.437,0.212,FINAL
2019-05-08,20.653,20.434,0.218,FINAL
2019-05-09,20.662,20.431,0.231,FINAL
2019-05-10,20.655,20.428,0.227,FINAL
2019-05-11,20.657,20.425,0.232,FINAL
2019-05-12,20.66,20.421,0.238,FINAL
2019-05-13,20.663,20.418,0.245,FINAL
2019-05-14,20.679,20.415,0.264,FINAL
2019-05-15,20.679,20.412,0.267,FINAL
2019-05-16,20.694,20.409,0.285,FINAL
2019-05-17,20.692,20.406,0.286,FINAL
2019-05-18,20.679,20.403,0.276,FINAL
2019-05-19,20.673,20.4,0.273,FINAL
2019-05-20,20.672,20.397,0.275,FINAL
2019-05-21,20.661,20.394,0.267,FINAL
2019-05-22,20.656,20.392,0.264,FINAL
2019-05-23,20.664,20.389,0.275,FINAL
2019-05-24,20.657,20.386,0.271,FINAL
2019-05-25,20.66,20.383,0.276,FINAL
2019-05-26,20.656,20.381,0.275,FINAL
2019-05-27,20.655,20.378,0.276,FINAL
2019-05-28,20.649,20.376,0.273,FINAL
2019-05-29,20.652,20.374,0.279,FINAL
2019-05-30,20.653,20.371,0.282,FINAL
2019-05-31,20.669,20.369,0.3,FINAL
2019-06-01,20.678,20.367,0.311,FINAL
2019-06-02,20.673,20.365,0.308,FINAL
2019-06-03,20.672,20.363,0.309,FINAL
2019-06-04,20.667,20.361,0.306,FINAL
2019-06-05,20.652,20.36,0.292,FINAL
2019-06-06,20.636,20.358,0.278,FINAL
2019-06-07,20.636,20.357,0.279,FINAL
2019-06-08,20.626,20.355,0.271,FINAL
2019-06-09,20.606,20.354,0.252,FINAL
2019-06-10,20.595,20.353,0.242,FINAL
2019-06-11,20.593,20.352,0.242,FINAL
2019-06-12,20.59,20.351,0.239,FINAL
2019-06-13,20.591,20.35,0.241,FINAL
2019-06-14,20.593,20.349,0.243,FINAL
2019-06-15,20.588,20.349,0.24,FINAL
2019-06-16,20.59,20.348,0.242,FINAL
2019-06-17,20.584,20.348,0.237,FINAL
2019-06-18,20.591,20.347,0.243,FINAL
2019-06-19,20.603,20.347,0.256,FINAL
2019-06-20,20.604,20.347,0.257,FINAL
2019-06-21,20.604,20.347,0.257,FINAL
2019-06-22,20.604,20.347,0.256,FINAL
2019-06-23,20.605,20.348,0.257,FINAL
2019-06-24,20.608,20.348,0.26,FINAL
2019-06-25,20.614,20.348,0.266,FINAL
2019-06-26,20.621,20.349,0.272,FINAL
2019-06-27,20.625,20.349,0.276,FINAL
2019-06-28,20.625,20.35,0.275,FINAL
2019-06-29,20.621,20.351,0.27,FINAL
2019-06-30,20.623,20.352,0.271,FINAL
2019-07-01,20.628,20.353,0.275,FINAL
2019-07-02,20.622,20.354,0.268,FINAL
2019-07-03,20.611,20.355,0.256,FINAL
2019-07-04,20.61,20.356,0.254,FINAL
2019-07-05,20.618,20.358,0.26,FINAL
2019-07-06,20.633,20.359,0.274,FINAL
2019-07-07,20.627,20.36,0.267,FINAL
2019-07-08,20.627,20.362,0.266,FINAL
2019-07-09,20.632,20.363,0.269,FINAL
2019-07-10,20.639,20.365,0.274,FINAL
2019-07-11,20.659,20.367,0.292,FINAL
2019-07-12,20.667,20.369,0.299,FINAL
2019-07-13,20.659,20.37,0.289,FINAL
2019-07-14,20.661,20.372,0.289,FINAL
2019-07-15,20.667,20.374,0.292,FINAL
2019-07-16,20.665,20.376,0.289,FINAL
2019-07-17,20.658,20.378,0.279,FINAL
2019-07-18,20.641,20.38,0.26,FINAL
2019-07-19,20.641,20.383,0.259,FINAL
2019-07-20,20.64,20.385,0.255,FINAL
2019-07-21,20.644,20.387,0.258,FINAL
2019-07-22,20.646,20.389,0.256,FINAL
2019-07-23,20.646,20.391,0.254,FINAL
2019-07-24,20.646,20.394,0.252,FINAL
2019-07-25,20.652,20.396,0.256,FINAL
2019-07-26,20.667,20.398,0.268,FINAL
2019-07-27,20.67,20.401,0.269,FINAL
2019-07-28,20.686,20.403,0.284,FINAL
2019-07-29,20.686,20.405,0.281,FINAL
2019-07-30,20.69,20.407,0.283,FINAL
2019-07-31,20.699,20.41,0.289,FINAL
2019-08-01,20.71,20.412,0.298,FINAL
2019-08-02,20.711,20.414,0.297,FINAL
2019-08-03,20.708,20.416,0.292,FINAL
2019-08-04,20.713,20.418,0.294,FINAL
2019-08-05,20.703,20.42,0.283,FINAL
2019-08-06,20.686,20.422,0.264,FINAL
2019-08-07,20.691,20.424,0.267,FINAL
2019-08-08,20.686,20.426,0.261,FINAL
2019-08-09,20.684,20.427,0.257,FINAL
2019-08-10,20.679,20.429,0.251,FINAL
2019-08-11,20.67,20.43,0.24,FINAL
2019-08-12,20.673,20.431,0.241,FINAL
2019-08-13,20.683,20.432,0.25,FINAL
2019-08-14,20.67,20.433,0.236,FINAL
2019-08-15,20.672,20.434,0.238,FINAL
2019-08-16,20.659,20.435,0.224,FINAL
2019-08-17,20.652,20.435,0.217,FINAL
2019-08-18,20.638,20.436,0.203,FINAL
2019-08-19,20.637,20.436,0.201,FINAL
2019-08-20,20.632,20.436,0.197,FINAL
2019-08-21,20.637,20.436,0.201,FINAL
2019-08-22,20.635,20.435,0.2,FINAL
2019-08-23,20.629,20.434,0.195,FINAL
2019-08-24,20.647,20.433,0.213,FINAL
2019-08-25,20.655,20.432,0.222,FINAL
2019-08-26,20.66,20.431,0.229,FINAL
2019-08-27,20.669,20.429,0.239,FINAL
2019-08-28,20.668,20.428,0.241,FINAL
2019-08-29,20.664,20.426,0.238,FINAL
2019-08-30,20.658,20.423,0.234,FINAL
2019-08-31,20.657,20.421,0.236,FINAL
2019-09-01,20.652,20.418,0.234,FINAL
2019-09-02,20.646,20.415,0.231,FINAL
2019-09-03,20.648,20.412,0.236,FINAL
2019-09-04,20.648,20.409,0.239,FINAL
2019-09-05,20.631,20.405,0.226,FINAL
2019-09-06,20.627,20.401,0.226,FINAL
2019-09-07,20.615,20.397,0.218,FINAL
2019-09-08,20.603,20.393,0.21,FINAL
2019-09-09,20.586,20.389,0.198,FINAL
2019-09-10,20.575,20.384,0.191,FINAL
2019-09-11,20.566,20.379,0.187,FINAL
2019-09-12,20.562,20.375,0.187,FINAL
2019-09-13,20.556,20.37,0.186,FINAL
2019-09-14,20.563,20.364,0.198,FINAL
2019-09-15,20.554,20.359,0.195,FINAL
2019-09-16,20.559,20.354,0.205,FINAL
2019-09-17,20.545,20.348,0.197,FINAL
2019-09-18,20.532,20.343,0.19,FINAL
2019-09-19,20.525,20.337,0.188,FINAL
2019-09-20,20.52,20.331,0.189,FINAL
2019-09-21,20.518,20.326,0.193,FINAL
2019-09-22,20.499,20.32,0.18,FINAL
2019-09-23,20.485,20.314,0.171,FINAL
2019-09-24,20.488,20.308,0.179,FINAL
2019-09-25,20.487,20.303,0.185,FINAL
2019-09-26,20.49,20.297,0.193,FINAL
2019-09-27,20.494,20.291,0.203,FINAL
2019-09-28,20.497,20.286,0.212,FINAL
2019-09-29,20.509,20.28,0.229,FINAL
2019-09-30,20.518,20.274,0.244,FINAL
2019-10-01,20.518,20.269,0.249,FINAL
2019-10-02,20.511,20.264,0.248,FINAL
2019-10-03,20.498,20.258,0.24,FINAL
2019-10-04,20.491,20.253,0.238,FINAL
2019-10-05,20.479,20.248,0.231,FINAL
2019-10-06,20.467,20.243,0.224,FINAL
2019-10-07,20.466,20.238,0.228,FINAL
2019-10-08,20.458,20.233,0.225,FINAL
2019-10-09,20.464,20.229,0.235,FINAL
2019-10-10,20.465,20.224,0.241,FINAL
2019-10-11,20.477,20.22,0.258,FINAL
2019-10-12,20.482,20.216,0.267,FINAL
2019-10-13,20.491,20.211,0.28,FINAL
2019-10-14,20.477,20.207,0.27,FINAL
2019-10-15,20.474,20.203,0.27,FINAL
2019-10-16,20.472,20.199,0.273,FINAL
2019-10-17,20.47,20.196,0.274,FINAL
2019-10-18,20.467,20.192,0.275,FINAL
2019-10-19,20.463,20.189,0.274,FINAL
2019-10-20,20.464,20.185,0.279,FINAL
2019-10-21,20.462,20.182,0.281,FINAL
2019-10-22,20.465,20.178,0.286,FINAL
2019-10-23,20.463,20.175,0.288,FINAL
2019-10-24,20.458,20.172,0.286,FINAL
2019-10-25,20.453,20.169,0.284,FINAL
2019-10-26,20.467,20.166,0.301,FINAL
2019-10-27,20.468,20.163,0.305,FINAL
2019-10-28,20.462,20.16,0.302,FINAL
2019-10-29,20.45,20.157,0.293,FINAL
2019-10-30,20.445,20.154,0.291,FINAL
2019-10-31,20.439,20.152,0.288,FINAL
2019-11-01,20.432,20.149,0.283,FINAL
2019-11-02,20.415,20.146,0.268,FINAL
2019-11-03,20.395,20.144,0.251,FINAL
2019-11-04,20.392,20.142,0.25,FINAL
2019-11-05,20.379,20.139,0.24,FINAL
2019-11-06,20.378,20.137,0.241,FINAL
2019-11-07,20.377,20.135,0.242,FINAL
2019-11-08,20.385,20.133,0.252,FINAL
2019-11-09,20.401,20.131,0.271,FINAL
2019-11-10,20.402,20.129,0.273,FINAL
2019-11-11,20.392,20.127,0.265,FINAL
2019-11-12,20.398,20.125,0.272,FINAL
2019-11-13,20.395,20.124,0.271,FINAL
2019-11-14,20.394,20.123,0.272,FINAL
2019-11-15,20.394,20.121,0.273,FINAL
2019-11-16,20.403,20.12,0.283,FINAL
2019-11-17,20.41,20.119,0.291,FINAL
2019-11-18,20.418,20.119,0.299,FINAL
2019-11-19,20.427,20.118,0.309,FINAL
2019-11-20,20.433,20.118,0.316,FINAL
2019-11-21,20.425,20.117,0.308,FINAL
2019-11-22,20.427,20.117,0.31,FINAL
2019-11-23,20.427,20.117,0.309,FINAL
2019-11-24,20.419,20.118,0.301,FINAL
2019-11-25,20.402,20.118,0.283,FINAL
2019-11-26,20.398,20.119,0.279,FINAL
2019-11-27,20.38,20.12,0.26,FINAL
2019-11-28,20.382,20.121,0.26,FINAL
2019-11-29,20.38,20.123,0.257,FINAL
2019-11-30,20.377,20.124,0.253,FINAL
2019-12-01,20.376,20.126,0.25,FINAL
2019-12-02,20.374,20.128,0.246,FINAL
2019-12-03,20.375,20.13,0.245,FINAL
2019-12-04,20.38,20.132,0.248,FINAL
2019-12-05,20.395,20.135,0.261,FINAL
2019-12-06,20.41,20.137,0.273,FINAL
2019-12-07,20.422,20.14,0.283,FINAL
2019-12-08,20.431,20.143,0.288,FINAL
2019-12-09,20.434,20.146,0.288,FINAL
2019-12-10,20.449,20.149,0.3,FINAL
2019-12-11,20.462,20.152,0.309,FINAL
2019-12-12,20.469,20.156,0.314,FINAL
2019-12-13,20.479,20.159,0.319,FINAL
2019-12-14,20.481,20.163,0.318,FINAL
2019-12-15,20.479,20.167,0.313,FINAL
2019-12-16,20.497,20.17,0.327,FINAL
2019-12-17,20.5,20.174,0.326,FINAL
2019-12-18,20.494,20.178,0.316,FINAL
2019-12-19,20.48,20.182,0.298,FINAL
2019-12-20,20.486,20.186,0.3,FINAL
2019-12-21,20.479,20.19,0.289,FINAL
2019-12-22,20.481,20.194,0.287,FINAL
2019-12-23,20.476,20.198,0.277,FINAL
2019-12-24,20.484,20.203,0.281,FINAL
2019-12-25,20.494,20.207,0.287,FINAL
2019-12-26,20.499,20.211,0.288,FINAL
2019-12-27,20.506,20.216,0.291,FINAL
2019-12-28,20.516,20.22,0.296,FINAL
2019-12-29,20.518,20.224,0.294,FINAL
2019-12-30,20.536,20.229,0.307,FINAL
2019-12-31,20.55,20.233,0.316,FINAL
2020-01-01,20.558,20.238,0.32,FINAL
2020-01-02,20.563,20.242,0.321,FINAL
2020-01-03,20.556,20.247,0.309,FINAL
2020-01-04,20.559,20.252,0.308,FINAL
2020-01-05,20.563,20.256,0.306,FINAL
2020-01-06,20.562,20.261,0.301,FINAL
2020-01-07,20.558,20.266,0.292,FINAL
2020-01-08,20.573,20.271,0.302,FINAL
2020-01-09,20.572,20.276,0.296,FINAL
2020-01-10,20.583,20.281,0.302,FINAL
2020-01-11,20.582,20.286,0.296,FINAL
2020-01-12,20.585,20.291,0.293,FINAL
2020-01-13,20.581,20.297,0.285,FINAL
2020-01-14,20.583,20.302,0.281,FINAL
2020-01-15,20.589,20.307,0.282,FINAL
2020-01-16,20.593,20.313,0.28,FINAL
2020-01-17,20.582,20.318,0.264,FINAL
2020-01-18,20.579,20.324,0.255,FINAL
2020-01-19,20.594,20.329,0.265,FINAL
2020-01-20,20.606,20.335,0.271,FINAL
2020-01-21,20.622,20.341,0.281,FINAL
2020-01-22,20.63,20.346,0.283,FINAL
2020-01-23,20.634,20.352,0.282,FINAL
2020-01-24,20.656,20.358,0.298,FINAL
2020-01-25,20.678,20.364,0.314,FINAL
2020-01-26,20.695,20.37,0.326,FINAL
2020-01-27,20.705,20.375,0.329,FINAL
2020-01-28,20.702,20.381,0.321,FINAL
2020-01-29,20.713,20.387,0.326,FINAL
2020-01-30,20.72,20.392,0.327,FINAL
2020-01-31,20.72,20.398,0.322,FINAL
2020-02-01,20.712,20.404,0.308,FINAL
2020-02-02,20.713,20.409,0.304,FINAL
2020-02-03,20.719,20.415,0.305,FINAL
2020-02-04,20.716,20.42,0.296,FINAL
2020-02-05,20.717,20.425,0.291,FINAL
2020-02-06,20.71,20.43,0.28,FINAL
2020-02-07,20.709,20.436,0.274,FINAL
2020-02-08,20.706,20.44,0.265,FINAL
2020-02-09,20.706,20.445,0.26,FINAL
2020-02-10,20.716,20.45,0.266,FINAL
2020-02-11,20.722,20.455,0.267,FINAL
2020-02-12,20.729,20.459,0.27,FINAL
2020-02-13,20.727,20.463,0.263,FINAL
2020-02-14,20.736,20.468,0.269,FINAL
2020-02-15,20.742,20.472,0.27,FINAL
2020-02-16,20.744,20.476,0.268,FINAL
2020-02-17,20.744,20.48,0.264,FINAL
2020-02-18,20.735,20.483,0.252,FINAL
2020-02-19,20.736,20.487,0.25,FINAL
2020-02-20,20.741,20.49,0.25,FINAL
2020-02-21,20.759,20.493,0.265,FINAL
2020-02-22,20.747,20.497,0.25,FINAL
2020-02-23,20.74,20.5,0.241,FINAL
2020-02-24,20.742,20.503,0.24,FINAL
2020-02-25,20.746,20.505,0.241,FINAL
2020-02-26,20.762,20.508,0.254,FINAL
2020-02-27,20.773,20.51,0.262,FINAL
2020-02-28,20.78,20.513,0.267,FINAL
2020-02-29,20.791,20.514,0.277,FINAL
2020-03-01,20.788,20.515,0.273,FINAL
2020-03-02,20.801,20.517,0.284,FINAL
2020-03-03,20.818,20.52,0.298,FINAL
2020-03-04,20.825,20.522,0.303,FINAL
2020-03-05,20.817,20.523,0.294,FINAL
2020-03-06,20.822,20.525,0.297,FINAL
2020-03-07,20.822,20.527,0.295,FINAL
2020-03-08,20.821,20.529,0.292,FINAL
2020-03-09,20.812,20.53,0.282,FINAL
2020-03-10,20.829,20.531,0.298,FINAL
2020-03-11,20.835,20.533,0.302,FINAL
2020-03-12,20.843,20.534,0.309,FINAL
2020-03-13,20.842,20.535,0.306,FINAL
2020-03-14,20.839,20.536,0.303,FINAL
2020-03-15,20.845,20.537,0.308,FINAL
2020-03-16,20.838,20.538,0.3,FINAL
2020-03-17,20.819,20.538,0.281,FINAL
2020-03-18,20.817,20.539,0.278,FINAL
2020-03-19,20.837,20.539,0.298,FINAL
2020-03-20,20.849,20.54,0.309,FINAL
2020-03-21,20.854,20.54,0.314,FINAL
2020-03-22,20.86,20.54,0.32,FINAL
2020-03-23,20.86,20.54,0.32,FINAL
2020-03-24,20.862,20.54,0.322,FINAL
2020-03-25,20.867,20.539,0.328,FINAL
2020-03-26,20.876,20.539,0.337,FINAL
2020-03-27,20.855,20.538,0.317,FINAL
2020-03-28,20.834,20.538,0.297,FINAL
2020-03-29,20.824,20.537,0.287,FINAL
2020-03-30,20.834,20.536,0.298,FINAL
2020-03-31,20.836,20.535,0.301,FINAL
2020-04-01,20.839,20.534,0.305,FINAL
2020-04-02,20.846,20.532,0.314,FINAL
2020-04-03,20.833,20.531,0.302,FINAL
2020-04-04,20.83,20.529,0.301,FINAL
2020-04-05,20.828,20.528,0.301,FINAL
2020-04-06,20.82,20.526,0.295,FINAL
2020-04-07,20.812,20.524,0.288,FINAL
2020-04-08,20.82,20.522,0.298,FINAL
2020-04-09,20.829,20.52,0.309,FINAL
2020-04-10,20.831,20.517,0.314,FINAL
2020-04-11,20.824,20.515,0.309,FINAL
2020-04-12,20.827,20.513,0.315,FINAL
2020-04-13,20.827,20.51,0.317,FINAL
2020-04-14,20.813,20.508,0.305,FINAL
2020-04-15,20.809,20.505,0.304,FINAL
2020-04-16,20.804,20.502,0.302,FINAL
2020-04-17,20.818,20.5,0.318,FINAL
2020-04-18,20.823,20.497,0.326,FINAL
2020-04-19,20.82,20.494,0.326,FINAL
2020-04-20,20.811,20.491,0.32,FINAL
2020-04-21,20.814,20.488,0.326,FINAL
2020-04-22,20.812,20.485,0.327,FINAL
2020-04-23,20.809,20.482,0.327,FINAL
2020-04-24,20.809,20.479,0.33,FINAL
2020-04-25,20.806,20.476,0.33,FINAL
2020-04-26,20.808,20.473,0.335,FINAL
2020-04-27,20.801,20.469,0.331,FINAL
2020-04-28,20.781,20.466,0.315,FINAL
2020-04-29,20.769,20.463,0.306,FINAL
2020-04-30,20.757,20.46,0.297,FINAL
2020-05-01,20.748,20.457,0.292,FINAL
2020-05-02,20.743,20.453,0.289,FINAL
2020-05-03,20.73,20.45,0.28,FINAL
2020-05-04,20.721,20.447,0.274,FINAL
2020-05-05,20.728,20.444,0.285,FINAL
2020-05-06,20.734,20.441,0.293,FINAL
2020-05-07,20.735,20.437,0.298,FINAL
2020-05-08,20.736,20.434,0.302,FINAL
2020-05-09,20.731,20.431,0.3,FINAL
2020-05-10,20.724,20.428,0.296,FINAL
2020-05-11,20.728,20.425,0.303,FINAL
2020-05-12,20.713,20.421,0.292,FINAL
2020-05-13,20.715,20.418,0.296,FINAL
2020-05-14,20.708,20.415,0.293,FINAL
2020-05-15,20.697,20.412,0.285,FINAL
2020-05-16,20.687,20.409,0.278,FINAL
2020-05-17,20.684,20.406,0.278,FINAL
2020-05-18,20.674,20.403,0.271,FINAL
2020-05-19,20.673,20.4,0.273,FINAL
2020-05-20,20.656,20.397,0.259,FINAL
2020-05-21,20.649,20.394,0.254,FINAL
2020-05-22,20.629,20.392,0.237,FINAL
2020-05-23,20.615,20.389,0.226,FINAL
2020-05-24,20.609,20.386,0.223,FINAL
2020-05-25,20.604,20.383,0.22,FINAL
2020-05-26,20.607,20.381,0.226,FINAL
2020-05-27,20.615,20.378,0.237,FINAL
2020-05-28,20.615,20.376,0.239,FINAL
2020-05-29,20.615,20.374,0.241,FINAL
2020-05-30,20.611,20.371,0.239,FINAL
2020-05-31,20.628,20.369,0.259,FINAL
2020-06-01,20.629,20.367,0.262,FINAL
2020-06-02,20.627,20.365,0.262,FINAL
2020-06-03,20.638,20.363,0.275,FINAL
2020-06-04,20.632,20.361,0.271,FINAL
2020-06-05,20.625,20.36,0.266,FINAL
2020-06-06,20.619,20.358,0.261,FINAL
2020-06-07,20.614,20.357,0.257,FINAL
2020-06-08,20.617,20.355,0.262,FINAL
2020-06-09,20.624,20.354,0.27,FINAL
2020-06-10,20.617,20.353,0.265,FINAL
2020-06-11,20.608,20.352,0.257,FINAL
2020-06-12,20.594,20.351,0.244,FINAL
2020-06-13,20.578,20.35,0.228,FINAL
2020-06-14,20.568,20.349,0.218,FINAL
2020-06-15,20.57,20.349,0.221,FINAL
2020-06-16,20.571,20.348,0.223,FINAL
2020-06-17,20.578,20.348,0.23,FINAL
2020-06-18,20.577,20.347,0.229,FINAL
2020-06-19,20.573,20.347,0.226,FINAL
2020-06-20,20.573,20.347,0.226,FINAL
2020-06-21,20.572,20.347,0.225,FINAL
2020-06-22,20.582,20.347,0.235,FINAL
2020-06-23,20.596,20.348,0.249,FINAL
2020-06-24,20.597,20.348,0.249,FINAL
2020-06-25,20.604,20.348,0.256,FINAL
2020-06-26,20.608,20.349,0.259,FINAL
2020-06-27,20.603,20.349,0.253,FINAL
2020-06-28,20.601,20.35,0.251,FINAL
2020-06-29,20.599,20.351,0.248,FINAL
2020-06-30,20.591,20.352,0.239,FINAL
2020-07-01,20.589,20.353,0.236,FINAL
2020-07-02,20.587,20.354,0.233,FINAL
2020-07-03,20.589,20.355,0.234,FINAL
2020-07-04,20.591,20.356,0.234,FINAL
2020-07-05,20.601,20.358,0.243,FINAL
2020-07-06,20.61,20.359,0.251,FINAL
2020-07-07,20.606,20.36,0.246,FINAL
2020-07-08,20.591,20.362,0.229,FINAL
2020-07-09,20.581,20.363,0.218,FINAL
2020-07-10,20.581,20.365,0.216,FINAL
2020-07-11,20.577,20.367,0.21,FINAL
2020-07-12,20.572,20.369,0.203,FINAL
2020-07-13,20.581,20.37,0.211,FINAL
2020-07-14,20.58,20.372,0.207,FINAL
2020-07-15,20.585,20.374,0.211,FINAL
2020-07-16,20.585,20.376,0.209,FINAL
2020-07-17,20.593,20.378,0.214,FINAL
2020-07-18,20.608,20.38,0.227,FINAL
2020-07-19,20.624,20.383,0.241,FINAL
2020-07-20,20.642,20.385,0.257,FINAL
2020-07-21,20.651,20.387,0.264,FINAL
2020-07-22,20.657,20.389,0.268,FINAL
2020-07-23,20.663,20.391,0.272,FINAL
2020-07-24,20.657,20.394,0.264,FINAL
2020-07-25,20.662,20.396,0.266,FINAL
2020-07-26,20.659,20.398,0.26,FINAL
2020-07-27,20.651,20.401,0.251,FINAL
2020-07-28,20.645,20.403,0.242,FINAL
2020-07-29,20.645,20.405,0.24,FINAL
2020-07-30,20.654,20.407,0.246,FINAL
2020-07-31,20.658,20.41,0.248,FINAL
2020-08-01,20.662,20.412,0.25,FINAL
2020-08-02,20.661,20.414,0.247,FINAL
2020-08-03,20.655,20.416,0.239,FINAL
2020-08-04,20.656,20.418,0.238,FINAL
2020-08-05,20.645,20.42,0.225,FINAL
2020-08-06,20.656,20.422,0.234,FINAL
2020-08-07,20.65,20.424,0.226,FINAL
2020-08-08,20.65,20.426,0.224,FINAL
2020-08-09,20.642,20.427,0.215,FINAL
2020-08-10,20.638,20.429,0.209,FINAL
2020-08-11,20.643,20.43,0.213,FINAL
2020-08-12,20.647,20.431,0.216,FINAL
2020-08-13,20.656,20.432,0.224,FINAL
2020-08-14,20.663,20.433,0.229,FINAL
2020-08-15,20.669,20.434,0.234,FINAL
2020-08-16,20.67,20.435,0.235,FINAL
2020-08-17,20.672,20.435,0.237,FINAL
2020-08-18,20.674,20.436,0.238,FINAL
2020-08-19,20.669,20.436,0.233,FINAL
2020-08-20,20.67,20.436,0.234,FINAL
2020-08-21,20.675,20.436,0.239,FINAL
2020-08-22,20.681,20.435,0.246,FINAL
2020-08-23,20.688,20.434,0.253,FINAL
2020-08-24,20.694,20.433,0.261,FINAL
2020-08-25,20.699,20.432,0.266,FINAL
2020-08-26,20.698,20.431,0.267,FINAL
2020-08-27,20.703,20.429,0.274,FINAL
2020-08-28,20.694,20.428,0.267,FINAL
2020-08-29,20.688,20.426,0.262,FINAL
2020-08-30,20.67,20.423,0.246,FINAL
2020-08-31,20.65,20.421,0.229,FINAL
2020-09-01,20.626,20.418,0.207,FINAL
2020-09-02,20.617,20.415,0.202,FINAL
2020-09-03,20.623,20.412,0.211,FINAL
2020-09-04,20.622,20.409,0.213,FINAL
2020-09-05,20.619,20.405,0.214,FINAL
2020-09-06,20.613,20.401,0.211,FINAL
2020-09-07,20.604,20.397,0.207,FINAL
2020-09-08,20.603,20.393,0.21,FINAL
2020-09-09,20.602,20.389,0.214,FINAL
2020-09-10,20.604,20.384,0.219,FINAL
2020-09-11,20.598,20.379,0.219,FINAL
2020-09-12,20.591,20.375,0.216,FINAL
2020-09-13,20.591,20.37,0.221,FINAL
2020-09-14,20.591,20.364,0.227,FINAL
2020-09-15,20.586,20.359,0.227,FINAL
2020-09-16,20.57,20.354,0.216,FINAL
2020-09-17,20.556,20.348,0.208,FINAL
2020-09-18,20.541,20.343,0.199,FINAL
2020-09-19,20.536,20.337,0.199,FINAL
2020-09-20,20.537,20.331,0.206,FINAL
2020-09-21,20.546,20.326,0.221,FINAL
2020-09-22,20.546,20.32,0.226,FINAL
2020-09-23,20.534,20.314,0.22,FINAL
2020-09-24,20.53,20.308,0.221,FINAL
2020-09-25,20.534,20.303,0.232,FINAL
2020-09-26,20.524,20.297,0.227,FINAL
2020-09-27,20.521,20.291,0.229,FINAL
2020-09-28,20.515,20.286,0.229,FINAL
2020-09-29,20.509,20.28,0.229,FINAL
2020-09-30,20.494,20.274,0.22,FINAL
2020-10-01,20.483,20.269,0.214,FINAL
2020-10-02,20.471,20.264,0.208,FINAL
2020-10-03,20.468,20.258,0.209,FINAL
2020-10-04,20.466,20.253,0.213,FINAL
2020-10-05,20.45,20.248,0.202,FINAL
2020-10-06,20.434,20.243,0.191,FINAL
2020-10-07,20.425,20.238,0.187,FINAL
2020-10-08,20.426,20.233,0.192,FINAL
2020-10-09,20.422,20.229,0.193,FINAL
2020-10-10,20.423,20.224,0.198,FINAL
2020-10-11,20.425,20.22,0.205,FINAL
2020-10-12,20.424,20.216,0.209,FINAL
2020-10-13,20.424,20.211,0.212,FINAL
2020-10-14,20.415,20.207,0.208,FINAL
2020-10-15,20.411,20.203,0.208,FINAL
2020-10-16,20.407,20.199,0.208,FINAL
2020-10-17,20.393,20.196,0.198,FINAL
2020-10-18,20.402,20.192,0.21,FINAL
2020-10-19,20.395,20.189,0.207,FINAL
2020-10-20,20.423,20.185,0.238,FINAL
2020-10-21,20.427,20.182,0.245,FINAL
2020-10-22,20.426,20.178,0.248,FINAL
2020-10-23,20.412,20.175,0.237,FINAL
2020-10-24,20.412,20.172,0.24,FINAL
2020-10-25,20.395,20.169,0.226,FINAL
2020-10-26,20.382,20.166,0.216,FINAL
2020-10-27,20.375,20.163,0.212,FINAL
2020-10-28,20.365,20.16,0.205,FINAL
2020-10-29,20.353,20.157,0.196,FINAL
2020-10-30,20.344,20.154,0.19,FINAL
2020-10-31,20.326,20.152,0.174,FINAL
2020-11-01,20.324,20.149,0.175,FINAL
2020-11-02,20.328,20.146,0.182,FINAL
2020-11-03,20.317,20.144,0.173,FINAL
2020-11-04,20.314,20.142,0.172,FINAL
2020-11-05,20.306,20.139,0.167,FINAL
2020-11-06,20.297,20.137,0.16,FINAL
2020-11-07,20.299,20.135,0.164,FINAL
2020-11-08,20.308,20.133,0.175,FINAL
2020-11-09,20.301,20.131,0.17,FINAL
2020-11-10,20.292,20.129,0.163,FINAL
2020-11-11,20.292,20.127,0.165,FINAL
2020-11-12,20.293,20.125,0.167,FINAL
2020-11-13,20.303,20.124,0.179,FINAL
2020-11-14,20.297,20.123,0.175,FINAL
2020-11-15,20.302,20.121,0.181,FINAL
2020-11-16,20.307,20.12,0.186,FINAL
2020-11-17,20.303,20.119,0.184,FINAL
2020-11-18,20.293,20.119,0.174,FINAL
2020-11-19,20.29,20.118,0.172,FINAL
2020-11-20,20.29,20.118,0.173,FINAL
2020-11-21,20.292,20.117,0.174,FINAL
2020-11-22,20.295,20.117,0.178,FINAL
2020-11-23,20.299,20.117,0.182,FINAL
2020-11-24,20.302,20.118,0.184,FINAL
2020-11-25,20.295,20.118,0.177,FINAL
2020-11-26,20.284,20.119,0.165,FINAL
2020-11-27,20.276,20.12,0.156,FINAL
2020-11-28,20.262,20.121,0.141,FINAL
2020-11-29,20.259,20.123,0.136,FINAL
2020-11-30,20.262,20.124,0.138,FINAL
2020-12-01,20.262,20.126,0.136,FINAL
2020-12-02,20.265,20.128,0.137,FINAL
2020-12-03,20.273,20.13,0.143,FINAL
2020-12-04,20.263,20.132,0.131,FINAL
2020-12-05,20.26,20.135,0.125,FINAL
2020-12-06,20.267,20.137,0.13,FINAL
2020-12-07,20.278,20.14,0.138,FINAL
2020-12-08,20.298,20.143,0.155,FINAL
2020-12-09,20.303,20.146,0.157,FINAL
2020-12-10,20.308,20.149,0.159,FINAL
2020-12-11,20.298,20.152,0.145,FINAL
2020-12-12,20.29,20.156,0.134,FINAL
2020-12-13,20.287,20.159,0.127,FINAL
2020-12-14,20.283,20.163,0.12,FINAL
2020-12-15,20.29,20.167,0.123,FINAL
2020-12-16,20.29,20.17,0.12,FINAL
2020-12-17,20.294,20.174,0.12,FINAL
2020-12-18,20.295,20.178,0.117,FINAL
2020-12-19,20.298,20.182,0.116,FINAL
2020-12-20,20.305,20.186,0.119,FINAL
2020-12-21,20.315,20.19,0.125,FINAL
2020-12-22,20.326,20.194,0.132,FINAL
2020-12-23,20.333,20.198,0.134,FINAL
2020-12-24,20.348,20.203,0.145,FINAL
2020-12-25,20.361,20.207,0.154,FINAL
2020-12-26,20.367,20.211,0.156,FINAL
2020-12-27,20.369,20.216,0.154,FINAL
2020-12-28,20.378,20.22,0.158,FINAL
2020-12-29,20.393,20.224,0.168,FINAL
2020-12-30,20.4,20.229,0.171,FINAL
2020-12-31,20.399,20.233,0.166,FINAL
2021-01-01,20.395,20.238,0.157,FINAL
2021-01-02,20.39,20.242,0.147,FINAL
2021-01-03,20.387,20.247,0.14,FINAL
2021-01-04,20.389,20.252,0.138,FINAL
2021-01-05,20.396,20.256,0.14,FINAL
2021-01-06,20.41,20.261,0.149,FINAL
2021-01-07,20.443,20.266,0.177,FINAL
2021-01-08,20.452,20.271,0.181,FINAL
2021-01-09,20.461,20.276,0.185,FINAL
2021-01-10,20.466,20.281,0.185,FINAL
2021-01-11,20.469,20.286,0.183,FINAL
2021-01-12,20.475,20.291,0.184,FINAL
2021-01-13,20.477,20.297,0.181,FINAL
2021-01-14,20.487,20.302,0.185,FINAL
2021-01-15,20.495,20.307,0.188,FINAL
2021-01-16,20.484,20.313,0.171,FINAL
2021-01-17,20.481,20.318,0.163,FINAL
2021-01-18,20.486,20.324,0.162,FINAL
2021-01-19,20.49,20.329,0.16,FINAL
2021-01-20,20.497,20.335,0.162,FINAL
2021-01-21,20.507,20.341,0.166,FINAL
2021-01-22,20.511,20.346,0.165,FINAL
2021-01-23,20.516,20.352,0.163,FINAL
2021-01-24,20.53,20.358,0.172,FINAL
2021-01-25,20.53,20.364,0.167,FINAL
2021-01-26,20.535,20.37,0.166,FINAL
2021-01-27,20.538,20.375,0.162,FINAL
2021-01-28,20.536,20.381,0.155,FINAL
2021-01-29,20.539,20.387,0.152,FINAL
2021-01-30,20.532,20.392,0.14,FINAL
2021-01-31,20.542,20.398,0.144,FINAL
2021-02-01,20.541,20.404,0.137,FINAL
2021-02-02,20.532,20.409,0.123,FINAL
2021-02-03,20.528,20.415,0.113,FINAL
2021-02-04,20.527,20.42,0.107,FINAL
2021-02-05,20.535,20.425,0.109,FINAL
2021-02-06,20.54,20.43,0.11,FINAL
2021-02-07,20.55,20.436,0.114,FINAL
2021-02-08,20.552,20.44,0.111,FINAL
2021-02-09,20.56,20.445,0.115,FINAL
2021-02-10,20.568,20.45,0.117,FINAL
2021-02-11,20.575,20.455,0.121,FINAL
2021-02-12,20.607,20.459,0.148,FINAL
2021-02-13,20.621,20.463,0.158,FINAL
2021-02-14,20.64,20.468,0.173,FINAL
2021-02-15,20.639,20.472,0.167,FINAL
2021-02-16,20.646,20.476,0.171,FINAL
2021-02-17,20.649,20.48,0.17,FINAL
2021-02-18,20.657,20.483,0.173,FINAL
2021-02-19,20.661,20.487,0.174,FINAL
2021-02-20,20.654,20.49,0.164,FINAL
2021-02-21,20.652,20.493,0.158,FINAL
2021-02-22,20.631,20.497,0.134,FINAL
2021-02-23,20.627,20.5,0.127,FINAL
2021-02-24,20.618,20.503,0.116,FINAL
2021-02-25,20.626,20.505,0.12,FINAL
2021-02-26,20.629,20.508,0.121,FINAL
2021-02-27,20.634,20.51,0.124,FINAL
2021-02-28,20.638,20.513,0.125,FINAL
2021-03-01,20.639,20.515,0.124,FINAL
2021-03-02,20.646,20.517,0.128,FINAL
2021-03-03,20.656,20.52,0.137,FINAL
2021-03-04,20.668,20.522,0.146,FINAL
2021-03-05,20.676,20.523,0.153,FINAL
2021-03-06,20.674,20.525,0.149,FINAL
2021-03-07,20.674,20.527,0.147,FINAL
2021-03-08,20.677,20.529,0.149,FINAL
2021-03-09,20.684,20.53,0.154,FINAL
2021-03-10,20.693,20.531,0.161,FINAL
2021-03-11,20.699,20.533,0.167,FINAL
2021-03-12,20.702,20.534,0.168,FINAL
2021-03-13,20.711,20.535,0.176,FINAL
2021-03-14,20.705,20.536,0.169,FINAL
2021-03-15,20.709,20.537,0.172,FINAL
2021-03-16,20.711,20.538,0.173,FINAL
2021-03-17,20.706,20.538,0.167,FINAL
2021-03-18,20.707,20.539,0.169,FINAL
2021-03-19,20.71,20.539,0.171,FINAL
2021-03-20,20.709,20.54,0.169,FINAL
2021-03-21,20.697,20.54,0.157,FINAL
2021-03-22,20.693,20.54,0.153,FINAL
2021-03-23,20.685,20.54,0.145,FINAL
2021-03-24,20.693,20.54,0.153,FINAL
2021-03-25,20.69,20.539,0.151,FINAL
2021-03-26,20.69,20.539,0.151,FINAL
2021-03-27,20.682,20.538,0.144,FINAL
2021-03-28,20.676,20.538,0.138,FINAL
2021-03-29,20.686,20.537,0.149,FINAL
2021-03-30,20.68,20.536,0.144,FINAL
2021-03-31,20.681,20.535,0.146,FINAL
2021-04-01,20.686,20.534,0.153,FINAL
2021-04-02,20.669,20.532,0.136,FINAL
2021-04-03,20.656,20.531,0.125,FINAL
2021-04-04,20.65,20.529,0.121,FINAL
2021-04-05,20.639,20.528,0.112,FINAL
2021-04-06,20.632,20.526,0.106,FINAL
2021-04-07,20.647,20.524,0.123,FINAL
2021-04-08,20.654,20.522,0.132,FINAL
2021-04-09,20.648,20.52,0.128,FINAL
2021-04-10,20.648,20.517,0.13,FINAL
2021-04-11,20.659,20.515,0.143,FINAL
2021-04-12,20.663,20.513,0.15,FINAL
2021-04-13,20.668,20.51,0.158,FINAL
2021-04-14,20.677,20.508,0.169,FINAL
2021-04-15,20.677,20.505,0.172,FINAL
2021-04-16,20.679,20.502,0.177,FINAL
2021-04-17,20.697,20.5,0.197,FINAL
2021-04-18,20.689,20.497,0.192,FINAL
2021-04-19,20.668,20.494,0.174,FINAL
2021-04-20,20.655,20.491,0.164,FINAL
2021-04-21,20.652,20.488,0.164,FINAL
2021-04-22,20.656,20.485,0.171,FINAL
2021-04-23,20.657,20.482,0.175,FINAL
2021-04-24,20.643,20.479,0.164,FINAL
2021-04-25,20.646,20.476,0.17,FINAL
2021-04-26,20.652,20.473,0.18,FINAL
2021-04-27,20.65,20.469,0.181,FINAL
2021-04-28,20.653,20.466,0.187,FINAL
2021-04-29,20.652,20.463,0.189,FINAL
2021-04-30,20.661,20.46,0.201,FINAL
2021-05-01,20.655,20.457,0.198,FINAL
2021-05-02,20.657,20.453,0.204,FINAL
2021-05-03,20.657,20.45,0.206,FINAL
2021-05-04,20.641,20.447,0.194,FINAL
2021-05-05,20.627,20.444,0.183,FINAL
2021-05-06,20.617,20.441,0.176,FINAL
2021-05-07,20.615,20.437,0.178,FINAL
2021-05-08,20.614,20.434,0.18,FINAL
2021-05-09,20.613,20.431,0.182,FINAL
2021-05-10,20.593,20.428,0.165,FINAL
2021-05-11,20.594,20.425,0.169,FINAL
2021-05-12,20.602,20.421,0.18,FINAL
2021-05-13,20.609,20.418,0.191,FINAL
2021-05-14,20.614,20.415,0.199,FINAL
2021-05-15,20.616,20.412,0.204,FINAL
2021-05-16,20.617,20.409,0.208,FINAL
2021-05-17,20.62,20.406,0.214,FINAL
2021-05-18,20.641,20.403,0.238,FINAL
2021-05-19,20.595,20.4,0.195,FINAL
2021-05-20,20.577,20.397,0.18,FINAL
2021-05-21,20.56,20.394,0.166,FINAL
2021-05-22,20.549,20.392,0.158,FINAL
2021-05-23,20.54,20.389,0.151,FINAL
2021-05-24,20.527,20.386,0.141,FINAL
2021-05-25,20.519,20.383,0.136,FINAL
2021-05-26,20.523,20.381,0.142,FINAL
2021-05-27,20.527,20.378,0.148,FINAL
2021-05-28,20.514,20.376,0.139,FINAL
2021-05-29,20.507,20.374,0.133,FINAL
2021-05-30,20.512,20.371,0.141,FINAL
2021-05-31,20.498,20.369,0.129,FINAL
2021-06-01,20.497,20.367,0.13,FINAL
2021-06-02,20.501,20.365,0.136,FINAL
2021-06-03,20.51,20.363,0.146,FINAL
2021-06-04,20.517,20.361,0.155,FINAL
2021-06-05,20.514,20.36,0.154,FINAL
2021-06-06,20.522,20.358,0.164,FINAL
2021-06-07,20.528,20.357,0.172,FINAL
2021-06-08,20.54,20.355,0.185,FINAL
2021-06-09,20.544,20.354,0.19,FINAL
2021-06-10,20.541,20.353,0.189,FINAL
2021-06-11,20.538,20.352,0.187,FINAL
2021-06-12,20.542,20.351,0.191,FINAL
2021-06-13,20.538,20.35,0.188,FINAL
2021-06-14,20.54,20.349,0.19,FINAL
2021-06-15,20.535,20.349,0.187,FINAL
2021-06-16,20.537,20.348,0.189,FINAL
2021-06-17,20.539,20.348,0.191,FINAL
2021-06-18,20.532,20.347,0.184,FINAL
2021-06-19,20.536,20.347,0.189,FINAL
2021-06-20,20.533,20.347,0.186,FINAL
2021-06-21,20.526,20.347,0.179,FINAL
2021-06-22,20.534,20.347,0.186,FINAL
2021-06-23,20.538,20.348,0.19,FINAL
2021-06-24,20.544,20.348,0.196,FINAL
2021-06-25,20.558,20.348,0.209,FINAL
2021-06-26,20.563,20.349,0.214,FINAL
2021-06-27,20.571,20.349,0.222,FINAL
2021-06-28,20.573,20.35,0.223,FINAL
2021-06-29,20.569,20.351,0.218,FINAL
2021-06-30,20.567,20.352,0.215,FINAL
2021-07-01,20.564,20.353,0.211,FINAL
2021-07-02,20.57,20.354,0.216,FINAL
2021-07-03,20.561,20.355,0.206,FINAL
2021-07-04,20.552,20.356,0.196,FINAL
2021-07-05,20.549,20.358,0.191,FINAL
2021-07-06,20.55,20.359,0.191,FINAL
2021-07-07,20.549,20.36,0.189,FINAL
2021-07-08,20.542,20.362,0.18,FINAL
2021-07-09,20.547,20.363,0.183,FINAL
2021-07-10,20.553,20.365,0.187,FINAL
2021-07-11,20.558,20.367,0.191,FINAL
2021-07-12,20.574,20.369,0.206,FINAL
2021-07-13,20.58,20.37,0.21,FINAL
2021-07-14,20.581,20.372,0.208,FINAL
2021-07-15,20.577,20.374,0.203,FINAL
2021-07-16,20.597,20.376,0.221,FINAL
2021-07-17,20.604,20.378,0.225,FINAL
2021-07-18,20.61,20.38,0.23,FINAL
2021-07-19,20.622,20.383,0.239,FINAL
2021-07-20,20.641,20.385,0.257,FINAL
2021-07-21,20.632,20.387,0.245,FINAL
2021-07-22,20.635,20.389,0.245,FINAL
2021-07-23,20.636,20.391,0.244,FINAL
2021-07-24,20.639,20.394,0.246,FINAL
2021-07-25,20.642,20.396,0.246,FINAL
2021-07-26,20.642,20.398,0.244,FINAL
2021-07-27,20.639,20.401,0.239,FINAL
2021-07-28,20.651,20.403,0.248,FINAL
2021-07-29,20.655,20.405,0.25,FINAL
2021-07-30,20.661,20.407,0.253,FINAL
2021-07-31,20.658,20.41,0.248,FINAL
2021-08-01,20.656,20.412,0.244,FINAL
2021-08-02,20.648,20.414,0.234,FINAL
2021-08-03,20.654,20.416,0.238,FINAL
2021-08-04,20.659,20.418,0.24,FINAL
2021-08-05,20.668,20.42,0.248,FINAL
2021-08-06,20.669,20.422,0.247,FINAL
2021-08-07,20.672,20.424,0.249,FINAL
2021-08-08,20.653,20.426,0.227,FINAL
2021-08-09,20.646,20.427,0.218,FINAL
2021-08-10,20.639,20.429,0.21,FINAL
2021-08-11,20.631,20.43,0.201,FINAL
2021-08-12,20.631,20.431,0.2,FINAL
2021-08-13,20.632,20.432,0.2,FINAL
2021-08-14,20.635,20.433,0.201,FINAL
2021-08-15,20.639,20.434,0.205,FINAL
2021-08-16,20.651,20.435,0.216,FINAL
2021-08-17,20.649,20.435,0.213,FINAL
2021-08-18,20.655,20.436,0.219,FINAL
2021-08-19,20.66,20.436,0.224,FINAL
2021-08-20,20.665,20.436,0.229,FINAL
2021-08-21,20.662,20.436,0.226,FINAL
2021-08-22,20.661,20.435,0.226,FINAL
2021-08-23,20.652,20.434,0.218,FINAL
2021-08-24,20.642,20.433,0.209,FINAL
2021-08-25,20.635,20.432,0.203,FINAL
2021-08-26,20.625,20.431,0.194,FINAL
2021-08-27,20.627,20.429,0.198,FINAL
2021-08-28,20.635,20.428,0.208,FINAL
2021-08-29,20.633,20.426,0.207,FINAL
2021-08-30,20.636,20.423,0.212,FINAL
2021-08-31,20.65,20.421,0.229,FINAL
2021-09-01,20.651,20.418,0.233,FINAL
2021-09-02,20.66,20.415,0.245,FINAL
2021-09-03,20.66,20.412,0.248,FINAL
2021-09-04,20.657,20.409,0.248,FINAL
2021-09-05,20.65,20.405,0.245,FINAL
2021-09-06,20.645,20.401,0.244,FINAL
2021-09-07,20.641,20.397,0.244,FINAL
2021-09-08,20.635,20.393,0.242,FINAL
2021-09-09,20.627,20.389,0.239,FINAL
2021-09-10,20.614,20.384,0.23,FINAL
2021-09-11,20.6,20.379,0.221,FINAL
2021-09-12,20.586,20.375,0.211,FINAL
2021-09-13,20.58,20.37,0.211,FINAL
2021-09-14,20.581,20.364,0.217,FINAL
2021-09-15,20.578,20.359,0.219,FINAL
2021-09-16,20.579,20.354,0.225,FINAL
2021-09-17,20.574,20.348,0.226,FINAL
2021-09-18,20.566,20.343,0.223,FINAL
2021-09-19,20.562,20.337,0.225,FINAL
2021-09-20,20.565,20.331,0.233,FINAL
2021-09-21,20.563,20.326,0.238,FINAL
2021-09-22,20.556,20.32,0.236,FINAL
2021-09-23,20.548,20.314,0.234,FINAL
2021-09-24,20.529,20.308,0.221,FINAL
2021-09-25,20.52,20.303,0.218,FINAL
2021-09-26,20.515,20.297,0.218,FINAL
2021-09-27,20.496,20.291,0.205,FINAL
2021-09-28,20.491,20.286,0.205,FINAL
2021-09-29,20.502,20.28,0.222,FINAL
2021-09-30,20.489,20.274,0.215,FINAL
2021-10-01,20.487,20.269,0.218,FINAL
2021-10-02,20.48,20.264,0.216,FINAL
2021-10-03,20.476,20.258,0.218,FINAL
2021-10-04,20.474,20.253,0.221,FINAL
2021-10-05,20.473,20.248,0.225,FINAL
2021-10-06,20.47,20.243,0.227,FINAL
2021-10-07,20.471,20.238,0.232,FINAL
2021-10-08,20.468,20.233,0.235,FINAL
2021-10-09,20.453,20.229,0.224,FINAL
2021-10-10,20.446,20.224,0.222,FINAL
2021-10-11,20.434,20.22,0.214,FINAL
2021-10-12,20.418,20.216,0.203,FINAL
2021-10-13,20.404,20.211,0.193,FINAL
2021-10-14,20.404,20.207,0.197,FINAL
2021-10-15,20.411,20.203,0.208,FINAL
2021-10-16,20.407,20.199,0.207,FINAL
2021-10-17,20.395,20.196,0.199,FINAL
2021-10-18,20.39,20.192,0.198,FINAL
2021-10-19,20.378,20.189,0.19,FINAL
2021-10-20,20.387,20.185,0.202,FINAL
2021-10-21,20.385,20.182,0.203,FINAL
2021-10-22,20.382,20.178,0.204,FINAL
2021-10-23,20.365,20.175,0.19,FINAL
2021-10-24,20.344,20.172,0.173,FINAL
2021-10-25,20.332,20.169,0.164,FINAL
2021-10-26,20.321,20.166,0.155,FINAL
2021-10-27,20.327,20.163,0.164,FINAL
2021-10-28,20.335,20.16,0.175,FINAL
2021-10-29,20.336,20.157,0.179,FINAL
2021-10-30,20.344,20.154,0.19,FINAL
2021-10-31,20.343,20.152,0.191,FINAL
2021-11-01,20.342,20.149,0.193,FINAL
2021-11-02,20.342,20.146,0.195,FINAL
2021-11-03,20.354,20.144,0.21,FINAL
2021-11-04,20.355,20.142,0.214,FINAL
2021-11-05,20.357,20.139,0.218,FINAL
2021-11-06,20.357,20.137,0.22,FINAL
2021-11-07,20.362,20.135,0.228,FINAL
2021-11-08,20.356,20.133,0.223,FINAL
2021-11-09,20.359,20.131,0.229,FINAL
2021-11-10,20.35,20.129,0.222,FINAL
2021-11-11,20.349,20.127,0.222,FINAL
2021-11-12,20.361,20.125,0.236,FINAL
2021-11-13,20.371,20.124,0.247,FINAL
2021-11-14,20.37,20.123,0.248,FINAL
2021-11-15,20.365,20.121,0.243,FINAL
2021-11-16,20.359,20.12,0.239,FINAL
2021-11-17,20.348,20.119,0.229,FINAL
2021-11-18,20.351,20.119,0.232,FINAL
2021-11-19,20.351,20.118,0.233,FINAL
2021-11-20,20.351,20.118,0.234,FINAL
2021-11-21,20.357,20.117,0.24,FINAL
2021-11-22,20.376,20.117,0.258,FINAL
2021-11-23,20.379,20.117,0.262,FINAL
2021-11-24,20.378,20.118,0.261,FINAL
2021-11-25,20.372,20.118,0.254,FINAL
2021-11-26,20.373,20.119,0.254,FINAL
2021-11-27,20.376,20.12,0.256,FINAL
2021-11-28,20.371,20.121,0.25,FINAL
2021-11-29,20.369,20.123,0.247,FINAL
2021-11-30,20.372,20.124,0.248,FINAL
2021-12-01,20.363,20.126,0.237,FINAL
2021-12-02,20.346,20.128,0.218,FINAL
2021-12-03,20.342,20.13,0.212,FINAL
2021-12-04,20.338,20.132,0.206,FINAL
2021-12-05,20.333,20.135,0.199,FINAL
2021-12-06,20.325,20.137,0.188,FINAL
2021-12-07,20.317,20.14,0.177,FINAL
2021-12-08,20.316,20.143,0.173,FINAL
2021-12-09,20.312,20.146,0.166,FINAL
2021-12-10,20.333,20.149,0.184,FINAL
2021-12-11,20.335,20.152,0.183,FINAL
2021-12-12,20.334,20.156,0.179,FINAL
2021-12-13,20.336,20.159,0.177,FINAL
2021-12-14,20.328,20.163,0.165,FINAL
2021-12-15,20.331,20.167,0.165,FINAL
2021-12-16,20.345,20.17,0.175,FINAL
2021-12-17,20.352,20.174,0.178,FINAL
2021-12-18,20.351,20.178,0.172,FINAL
2021-12-19,20.355,20.182,0.173,FINAL
2021-12-20,20.36,20.186,0.174,FINAL
2021-12-21,20.386,20.19,0.196,FINAL
2021-12-22,20.4,20.194,0.206,FINAL
2021-12-23,20.413,20.198,0.215,FINAL
2021-12-24,20.429,20.203,0.226,FINAL
2021-12-25,20.425,20.207,0.218,FINAL
2021-12-26,20.443,20.211,0.232,FINAL
2021-12-27,20.454,20.216,0.239,FINAL
2021-12-28,20.466,20.22,0.246,FINAL
2021-12-29,20.47,20.224,0.246,FINAL
2021-12-30,20.467,20.229,0.238,FINAL
2021-12-31,20.471,20.233,0.238,FINAL
2022-01-01,20.473,20.238,0.236,FINAL
2022-01-02,20.476,20.242,0.234,FINAL
2022-01-03,20.499,20.247,0.252,FINAL
2022-01-04,20.505,20.252,0.253,FINAL
2022-01-05,20.511,20.256,0.255,FINAL
2022-01-06,20.513,20.261,0.251,FINAL
2022-01-07,20.529,20.266,0.263,FINAL
2022-01-08,20.543,20.271,0.272,FINAL
2022-01-09,20.558,20.276,0.282,FINAL
2022-01-10,20.557,20.281,0.276,FINAL
2022-01-11,20.553,20.286,0.267,FINAL
2022-01-12,20.557,20.291,0.266,FINAL
2022-01-13,20.576,20.297,0.28,FINAL
2022-01-14,20.588,20.302,0.286,FINAL
2022-01-15,20.59,20.307,0.283,FINAL
2022-01-16,20.59,20.313,0.277,FINAL
2022-01-17,20.585,20.318,0.267,FINAL
2022-01-18,20.577,20.324,0.254,FINAL
2022-01-19,20.564,20.329,0.235,FINAL
2022-01-20,20.563,20.335,0.228,FINAL
2022-01-21,20.567,20.341,0.226,FINAL
2022-01-22,20.57,20.346,0.223,FINAL
2022-01-23,20.576,20.352,0.224,FINAL
2022-01-24,20.584,20.358,0.226,FINAL
2022-01-25,20.592,20.364,0.228,FINAL
2022-01-26,20.598,20.37,0.228,FINAL
2022-01-27,20.598,20.375,0.222,FINAL
2022-01-28,20.608,20.381,0.227,FINAL
2022-01-29,20.608,20.387,0.221,FINAL
2022-01-30,20.618,20.392,0.225,FINAL
2022-01-31,20.604,20.398,0.206,FINAL
2022-02-01,20.616,20.404,0.212,FINAL
2022-02-02,20.625,20.409,0.216,FINAL
2022-02-03,20.624,20.415,0.21,FINAL
2022-02-04,20.62,20.42,0.2,FINAL
2022-02-05,20.61,20.425,0.185,FINAL
2022-02-06,20.606,20.43,0.175,FINAL
2022-02-07,20.614,20.436,0.178,FINAL
2022-02-08,20.616,20.44,0.175,FINAL
2022-02-09,20.631,20.445,0.186,FINAL
2022-02-10,20.64,20.45,0.189,FINAL
2022-02-11,20.653,20.455,0.198,FINAL
2022-02-12,20.658,20.459,0.199,FINAL
2022-02-13,20.655,20.463,0.192,FINAL
2022-02-14,20.652,20.468,0.184,FINAL
2022-02-15,20.658,20.472,0.186,FINAL
2022-02-16,20.658,20.476,0.183,FINAL
2022-02-17,20.661,20.48,0.182,FINAL
2022-02-18,20.672,20.483,0.189,FINAL
2022-02-19,20.671,20.487,0.185,FINAL
2022-02-20,20.679,20.49,0.189,FINAL
2022-02-21,20.689,20.493,0.196,FINAL
2022-02-22,20.696,20.497,0.2,FINAL
2022-02-23,20.701,20.5,0.201,FINAL
2022-02-24,20.706,20.503,0.203,FINAL
2022-02-25,20.707,20.505,0.201,FINAL
2022-02-26,20.702,20.508,0.194,FINAL
2022-02-27,20.692,20.51,0.181,FINAL
2022-02-28,20.688,20.513,0.175,FINAL
2022-03-01,20.681,20.515,0.166,FINAL
2022-03-02,20.683,20.517,0.166,FINAL
2022-03-03,20.689,20.52,0.169,FINAL
2022-03-04,20.696,20.522,0.174,FINAL
2022-03-05,20.694,20.523,0.171,FINAL
2022-03-06,20.701,20.525,0.175,FINAL
2022-03-07,20.71,20.527,0.183,FINAL
2022-03-08,20.722,20.529,0.193,FINAL
2022-03-09,20.732,20.53,0.202,FINAL
2022-03-10,20.739,20.531,0.208,FINAL
2022-03-11,20.75,20.533,0.217,FINAL
2022-03-12,20.75,20.534,0.216,FINAL
2022-03-13,20.746,20.535,0.211,FINAL
2022-03-14,20.751,20.536,0.215,FINAL
2022-03-15,20.744,20.537,0.207,FINAL
2022-03-16,20.75,20.538,0.212,FINAL
2022-03-17,20.76,20.538,0.222,FINAL
2022-03-18,20.743,20.539,0.204,FINAL
2022-03-19,20.728,20.539,0.189,FINAL
2022-03-20,20.724,20.54,0.184,FINAL
2022-03-21,20.715,20.54,0.175,FINAL
2022-03-22,20.717,20.54,0.177,FINAL
2022-03-23,20.706,20.54,0.166,FINAL
2022-03-24,20.707,20.54,0.167,FINAL
2022-03-25,20.709,20.539,0.169,FINAL
2022-03-26,20.703,20.539,0.164,FINAL
2022-03-27,20.7,20.538,0.161,FINAL
2022-03-28,20.704,20.538,0.167,FINAL
2022-03-29,20.695,20.537,0.158,FINAL
2022-03-30,20.69,20.536,0.154,FINAL
2022-03-31,20.679,20.535,0.144,FINAL
2022-04-01,20.678,20.534,0.144,FINAL
2022-04-02,20.672,20.532,0.14,FINAL
2022-04-03,20.679,20.531,0.148,FINAL
2022-04-04,20.683,20.529,0.154,FINAL
2022-04-05,20.683,20.528,0.156,FINAL
2022-04-06,20.681,20.526,0.155,FINAL
2022-04-07,20.682,20.524,0.158,FINAL
2022-04-08,20.671,20.522,0.149,FINAL
2022-04-09,20.665,20.52,0.145,FINAL
2022-04-10,20.651,20.517,0.134,FINAL
2022-04-11,20.648,20.515,0.132,FINAL
2022-04-12,20.648,20.513,0.135,FINAL
2022-04-13,20.646,20.51,0.136,FINAL
2022-04-14,20.649,20.508,0.141,FINAL
2022-04-15,20.652,20.505,0.146,FINAL
2022-04-16,20.644,20.502,0.142,FINAL
2022-04-17,20.632,20.5,0.132,FINAL
2022-04-18,20.635,20.497,0.138,FINAL
2022-04-19,20.632,20.494,0.138,FINAL
2022-04-20,20.634,20.491,0.143,FINAL
2022-04-21,20.636,20.488,0.148,FINAL
2022-04-22,20.626,20.485,0.141,FINAL
2022-04-23,20.61,20.482,0.128,FINAL
2022-04-24,20.623,20.479,0.145,FINAL
2022-04-25,20.632,20.476,0.156,FINAL
2022-04-26,20.626,20.473,0.153,FINAL
2022-04-27,20.612,20.469,0.142,FINAL
2022-04-28,20.615,20.466,0.148,FINAL
2022-04-29,20.6,20.463,0.137,FINAL
2022-04-30,20.596,20.46,0.136,FINAL
2022-05-01,20.589,20.457,0.132,FINAL
2022-05-02,20.582,20.453,0.129,FINAL
2022-05-03,20.585,20.45,0.135,FINAL
2022-05-04,20.587,20.447,0.14,FINAL
2022-05-05,20.585,20.444,0.141,FINAL
2022-05-06,20.582,20.441,0.141,FINAL
2022-05-07,20.578,20.437,0.141,FINAL
2022-05-08,20.568,20.434,0.134,FINAL
2022-05-09,20.56,20.431,0.129,FINAL
2022-05-10,20.551,20.428,0.123,FINAL
2022-05-11,20.541,20.425,0.117,FINAL
2022-05-12,20.533,20.421,0.111,FINAL
2022-05-13,20.537,20.418,0.119,FINAL
2022-05-14,20.537,20.415,0.122,FINAL
2022-05-15,20.535,20.412,0.122,FINAL
2022-05-16,20.537,20.409,0.128,FINAL
2022-05-17,20.54,20.406,0.134,FINAL
2022-05-18,20.536,20.403,0.133,FINAL
2022-05-19,20.537,20.4,0.137,FINAL
2022-05-20,20.53,20.397,0.133,FINAL
2022-05-21,20.536,20.394,0.142,FINAL
2022-05-22,20.547,20.392,0.156,FINAL
2022-05-23,20.551,20.389,0.162,FINAL
2022-05-24,20.537,20.386,0.151,FINAL
2022-05-25,20.525,20.383,0.142,FINAL
2022-05-26,20.533,20.381,0.152,FINAL
2022-05-27,20.533,20.378,0.155,FINAL
2022-05-28,20.53,20.376,0.154,FINAL
2022-05-29,20.521,20.374,0.148,FINAL
2022-05-30,20.506,20.371,0.135,FINAL
2022-05-31,20.503,20.369,0.133,FINAL
2022-06-01,20.505,20.367,0.138,FINAL
2022-06-02,20.509,20.365,0.144,FINAL
2022-06-03,20.505,20.363,0.142,FINAL
2022-06-04,20.515,20.361,0.154,FINAL
2022-06-05,20.517,20.36,0.158,FINAL
2022-06-06,20.525,20.358,0.167,FINAL
2022-06-07,20.521,20.357,0.164,FINAL
2022-06-08,20.534,20.355,0.179,FINAL
2022-06-09,20.512,20.354,0.158,FINAL
2022-06-10,20.505,20.353,0.152,FINAL
2022-06-11,20.504,20.352,0.153,FINAL
2022-06-12,20.502,20.351,0.152,FINAL
2022-06-13,20.504,20.35,0.154,FINAL
2022-06-14,20.503,20.349,0.154,FINAL
2022-06-15,20.503,20.349,0.155,FINAL
2022-06-16,20.501,20.348,0.152,FINAL
2022-06-17,20.504,20.348,0.156,FINAL
2022-06-18,20.488,20.347,0.141,FINAL
2022-06-19,20.482,20.347,0.135,FINAL
2022-06-20,20.468,20.347,0.121,FINAL
2022-06-21,20.454,20.347,0.107,FINAL
2022-06-22,20.453,20.347,0.106,FINAL
2022-06-23,20.472,20.348,0.124,FINAL
2022-06-24,20.477,20.348,0.129,FINAL
2022-06-25,20.483,20.348,0.134,FINAL
2022-06-26,20.497,20.349,0.148,FINAL
2022-06-27,20.491,20.349,0.141,FINAL
2022-06-28,20.499,20.35,0.149,FINAL
2022-06-29,20.509,20.351,0.158,FINAL
2022-06-30,20.499,20.352,0.147,FINAL
2022-07-01,20.51,20.353,0.157,FINAL
2022-07-02,20.51,20.354,0.156,FINAL
2022-07-03,20.512,20.355,0.157,FINAL
2022-07-04,20.509,20.356,0.153,FINAL
2022-07-05,20.508,20.358,0.15,FINAL
2022-07-06,20.502,20.359,0.143,FINAL
2022-07-07,20.505,20.36,0.145,FINAL
2022-07-08,20.503,20.362,0.141,FINAL
2022-07-09,20.505,20.363,0.142,FINAL
2022-07-10,20.518,20.365,0.152,FINAL
2022-07-11,20.512,20.367,0.145,FINAL
2022-07-12,20.526,20.369,0.158,FINAL
2022-07-13,20.517,20.37,0.146,FINAL
2022-07-14,20.511,20.372,0.138,FINAL
2022-07-15,20.507,20.374,0.132,FINAL
2022-07-16,20.516,20.376,0.139,FINAL
2022-07-17,20.505,20.378,0.127,FINAL
2022-07-18,20.512,20.38,0.132,FINAL
2022-07-19,20.507,20.383,0.125,FINAL
2022-07-20,20.513,20.385,0.128,FINAL
2022-07-21,20.518,20.387,0.131,FINAL
2022-07-22,20.535,20.389,0.146,FINAL
2022-07-23,20.549,20.391,0.158,FINAL
2022-07-24,20.567,20.394,0.174,FINAL
2022-07-25,20.585,20.396,0.189,FINAL
2022-07-26,20.588,20.398,0.19,FINAL
2022-07-27,20.599,20.401,0.198,FINAL
2022-07-28,20.607,20.403,0.204,FINAL
2022-07-29,20.604,20.405,0.199,FINAL
2022-07-30,20.606,20.407,0.199,FINAL
2022-07-31,20.609,20.41,0.2,FINAL
2022-08-01,20.586,20.412,0.174,FINAL
2022-08-02,20.596,20.414,0.182,FINAL
2022-08-03,20.598,20.416,0.182,FINAL
2022-08-04,20.619,20.418,0.201,FINAL
2022-08-05,20.631,20.42,0.211,FINAL
2022-08-06,20.635,20.422,0.213,FINAL
2022-08-07,20.633,20.424,0.209,FINAL
2022-08-08,20.643,20.426,0.217,FINAL
2022-08-09,20.636,20.427,0.209,FINAL
2022-08-10,20.633,20.429,0.204,FINAL
2022-08-11,20.653,20.43,0.223,FINAL
2022-08-12,20.657,20.431,0.226,FINAL
2022-08-13,20.655,20.432,0.222,FINAL
2022-08-14,20.666,20.433,0.233,FINAL
2022-08-15,20.657,20.434,0.223,FINAL
2022-08-16,20.648,20.435,0.213,FINAL
2022-08-17,20.635,20.435,0.2,FINAL
2022-08-18,20.637,20.436,0.201,FINAL
2022-08-19,20.622,20.436,0.187,FINAL
2022-08-20,20.625,20.436,0.189,FINAL
2022-08-21,20.624,20.436,0.188,FINAL
2022-08-22,20.635,20.435,0.2,FINAL
2022-08-23,20.636,20.434,0.201,FINAL
2022-08-24,20.64,20.433,0.206,FINAL
2022-08-25,20.646,20.432,0.213,FINAL
2022-08-26,20.655,20.431,0.224,FINAL
2022-08-27,20.655,20.429,0.226,FINAL
2022-08-28,20.658,20.428,0.231,FINAL
2022-08-29,20.648,20.426,0.223,FINAL
2022-08-30,20.659,20.423,0.236,FINAL
2022-08-31,20.666,20.421,0.245,FINAL
2022-09-01,20.664,20.418,0.245,FINAL
2022-09-02,20.655,20.415,0.24,FINAL
2022-09-03,20.645,20.412,0.233,FINAL
2022-09-04,20.636,20.409,0.227,FINAL
2022-09-05,20.62,20.405,0.215,FINAL
2022-09-06,20.61,20.401,0.209,FINAL
2022-09-07,20.599,20.397,0.202,FINAL
2022-09-08,20.597,20.393,0.204,FINAL
2022-09-09,20.594,20.389,0.205,FINAL
2022-09-10,20.596,20.384,0.212,FINAL
2022-09-11,20.597,20.379,0.217,FINAL
2022-09-12,20.591,20.375,0.217,FINAL
2022-09-13,20.573,20.37,0.204,FINAL
2022-09-14,20.575,20.364,0.211,FINAL
2022-09-15,20.558,20.359,0.199,FINAL
2022-09-16,20.55,20.354,0.196,FINAL
2022-09-17,20.548,20.348,0.2,FINAL
2022-09-18,20.542,20.343,0.2,FINAL
2022-09-19,20.529,20.337,0.192,FINAL
2022-09-20,20.524,20.331,0.192,FINAL
2022-09-21,20.526,20.326,0.2,FINAL
2022-09-22,20.527,20.32,0.207,FINAL
2022-09-23,20.524,20.314,0.21,FINAL
2022-09-24,20.516,20.308,0.208,FINAL
2022-09-25,20.512,20.303,0.209,FINAL
2022-09-26,20.492,20.297,0.195,FINAL
2022-09-27,20.485,20.291,0.194,FINAL
2022-09-28,20.493,20.286,0.208,FINAL
2022-09-29,20.488,20.28,0.209,FINAL
2022-09-30,20.48,20.274,0.206,FINAL
2022-10-01,20.47,20.269,0.201,FINAL
2022-10-02,20.463,20.264,0.199,FINAL
2022-10-03,20.461,20.258,0.202,FINAL
2022-10-04,20.454,20.253,0.2,FINAL
2022-10-05,20.439,20.248,0.191,FINAL
2022-10-06,20.431,20.243,0.188,FINAL
2022-10-07,20.436,20.238,0.198,FINAL
2022-10-08,20.424,20.233,0.191,FINAL
2022-10-09,20.431,20.229,0.202,FINAL
2022-10-10,20.425,20.224,0.201,FINAL
2022-10-11,20.418,20.22,0.198,FINAL
2022-10-12,20.405,20.216,0.189,FINAL
2022-10-13,20.38,20.211,0.169,FINAL
2022-10-14,20.39,20.207,0.183,FINAL
2022-10-15,20.392,20.203,0.189,FINAL
2022-10-16,20.399,20.199,0.2,FINAL
2022-10-17,20.398,20.196,0.202,FINAL
2022-10-18,20.395,20.192,0.203,FINAL
2022-10-19,20.383,20.189,0.194,FINAL
2022-10-20,20.378,20.185,0.193,FINAL
2022-10-21,20.374,20.182,0.192,FINAL
2022-10-22,20.368,20.178,0.19,FINAL
2022-10-23,20.376,20.175,0.2,FINAL
2022-10-24,20.371,20.172,0.199,FINAL
2022-10-25,20.37,20.169,0.201,FINAL
2022-10-26,20.357,20.166,0.191,FINAL
2022-10-27,20.375,20.163,0.212,FINAL
2022-10-28,20.365,20.16,0.205,FINAL
2022-10-29,20.36,20.157,0.203,FINAL
2022-10-30,20.355,20.154,0.2,FINAL
2022-10-31,20.342,20.152,0.19,FINAL
2022-11-01,20.33,20.149,0.181,FINAL
2022-11-02,20.341,20.146,0.195,FINAL
2022-11-03,20.346,20.144,0.202,FINAL
2022-11-04,20.354,20.142,0.212,FINAL
2022-11-05,20.358,20.139,0.219,FINAL
2022-11-06,20.359,20.137,0.222,FINAL
2022-11-07,20.369,20.135,0.235,FINAL
2022-11-08,20.376,20.133,0.243,FINAL
2022-11-09,20.37,20.131,0.239,FINAL
2022-11-10,20.352,20.129,0.223,FINAL
2022-11-11,20.358,20.127,0.23,FINAL
2022-11-12,20.355,20.125,0.229,FINAL
2022-11-13,20.343,20.124,0.219,FINAL
2022-11-14,20.341,20.123,0.219,FINAL
2022-11-15,20.332,20.121,0.211,FINAL
2022-11-16,20.327,20.12,0.206,FINAL
2022-11-17,20.332,20.119,0.212,FINAL
2022-11-18,20.331,20.119,0.212,FINAL
2022-11-19,20.324,20.118,0.206,FINAL
2022-11-20,20.321,20.118,0.203,FINAL
2022-11-21,20.324,20.117,0.206,FINAL
2022-11-22,20.32,20.117,0.203,FINAL
2022-11-23,20.32,20.117,0.202,FINAL
2022-11-24,20.32,20.118,0.203,FINAL
2022-11-25,20.326,20.118,0.207,FINAL
2022-11-26,20.336,20.119,0.217,FINAL
2022-11-27,20.346,20.12,0.226,FINAL
2022-11-28,20.37,20.121,0.248,FINAL
2022-11-29,20.377,20.123,0.254,FINAL
2022-11-30,20.386,20.124,0.262,FINAL
2022-12-01,20.387,20.126,0.261,FINAL
2022-12-02,20.369,20.128,0.242,FINAL
2022-12-03,20.372,20.13,0.242,FINAL
2022-12-04,20.372,20.132,0.24,FINAL
2022-12-05,20.375,20.135,0.24,FINAL
2022-12-06,20.378,20.137,0.241,FINAL
2022-12-07,20.388,20.14,0.248,FINAL
2022-12-08,20.391,20.143,0.248,FINAL
2022-12-09,20.392,20.146,0.246,FINAL
2022-12-10,20.406,20.149,0.257,FINAL
2022-12-11,20.411,20.152,0.259,FINAL
2022-12-12,20.402,20.156,0.247,FINAL
2022-12-13,20.392,20.159,0.232,FINAL
2022-12-14,20.39,20.163,0.228,FINAL
2022-12-15,20.396,20.167,0.23,FINAL
2022-12-16,20.4,20.17,0.229,FINAL
2022-12-17,20.407,20.174,0.233,FINAL
2022-12-18,20.415,20.178,0.237,FINAL
2022-12-19,20.414,20.182,0.232,FINAL
2022-12-20,20.422,20.186,0.236,FINAL
2022-12-21,20.437,20.19,0.247,FINAL
2022-12-22,20.434,20.194,0.239,FINAL
2022-12-23,20.439,20.198,0.24,FINAL
2022-12-24,20.436,20.203,0.234,FINAL
2022-12-25,20.441,20.207,0.234,FINAL
2022-12-26,20.438,20.211,0.227,FINAL
2022-12-27,20.425,20.216,0.209,FINAL
2022-12-28,20.416,20.22,0.196,FINAL
2022-12-29,20.408,20.224,0.184,FINAL
2022-12-30,20.409,20.229,0.18,FINAL
2022-12-31,20.417,20.233,0.184,FINAL
2023-01-01,20.428,20.238,0.19,FINAL
2023-01-02,20.431,20.242,0.188,FINAL
2023-01-03,20.431,20.247,0.184,FINAL
2023-01-04,20.422,20.252,0.17,FINAL
2023-01-05,20.412,20.256,0.156,FINAL
2023-01-06,20.409,20.261,0.147,FINAL
2023-01-07,20.412,20.266,0.146,FINAL
2023-01-08,20.433,20.271,0.162,FINAL
2023-01-09,20.458,20.276,0.182,FINAL
2023-01-10,20.482,20.281,0.201,FINAL
2023-01-11,20.498,20.286,0.212,FINAL
2023-01-12,20.519,20.291,0.227,FINAL
2023-01-13,20.523,20.297,0.227,FINAL
2023-01-14,20.529,20.302,0.227,FINAL
2023-01-15,20.527,20.307,0.22,FINAL
2023-01-16,20.54,20.313,0.227,FINAL
2023-01-17,20.557,20.318,0.239,FINAL
2023-01-18,20.567,20.324,0.243,FINAL
2023-01-19,20.573,20.329,0.244,FINAL
2023-01-20,20.582,20.335,0.247,FINAL
2023-01-21,20.584,20.341,0.243,FINAL
2023-01-22,20.593,20.346,0.246,FINAL
2023-01-23,20.599,20.352,0.246,FINAL
2023-01-24,20.598,20.358,0.24,FINAL
2023-01-25,20.597,20.364,0.233,FINAL
2023-01-26,20.59,20.37,0.221,FINAL
2023-01-27,20.599,20.375,0.223,FINAL
2023-01-28,20.609,20.381,0.228,FINAL
2023-01-29,20.616,20.387,0.23,FINAL
2023-01-30,20.626,20.392,0.234,FINAL
2023-01-31,20.622,20.398,0.224,FINAL
2023-02-01,20.626,20.404,0.223,FINAL
2023-02-02,20.631,20.409,0.222,FINAL
2023-02-03,20.642,20.415,0.227,FINAL
2023-02-04,20.645,20.42,0.225,FINAL
2023-02-05,20.654,20.425,0.229,FINAL
2023-02-06,20.659,20.43,0.228,FINAL
2023-02-07,20.668,20.436,0.233,FINAL
2023-02-08,20.669,20.44,0.229,FINAL
2023-02-09,20.674,20.445,0.229,FINAL
2023-02-10,20.669,20.45,0.219,FINAL
2023-02-11,20.667,20.455,0.212,FINAL
2023-02-12,20.676,20.459,0.216,FINAL
2023-02-13,20.676,20.463,0.212,FINAL
2023-02-14,20.672,20.468,0.204,FINAL
2023-02-15,20.673,20.472,0.202,FINAL
2023-02-16,20.678,20.476,0.202,FINAL
2023-02-17,20.681,20.48,0.202,FINAL
2023-02-18,20.686,20.483,0.203,FINAL
2023-02-19,20.697,20.487,0.21,FINAL
2023-02-20,20.708,20.49,0.218,FINAL
2023-02-21,20.715,20.493,0.222,FINAL
2023-02-22,20.717,20.497,0.22,FINAL
2023-02-23,20.719,20.5,0.219,FINAL
2023-02-24,20.726,20.503,0.223,FINAL
2023-02-25,20.717,20.505,0.212,FINAL
2023-02-26,20.719,20.508,0.211,FINAL
2023-02-27,20.734,20.51,0.223,FINAL
2023-02-28,20.741,20.513,0.228,FINAL
2023-03-01,20.746,20.515,0.23,FINAL
2023-03-02,20.753,20.517,0.236,FINAL
2023-03-03,20.753,20.52,0.234,FINAL
2023-03-04,20.763,20.522,0.241,FINAL
2023-03-05,20.762,20.523,0.238,FINAL
2023-03-06,20.767,20.525,0.242,FINAL
2023-03-07,20.765,20.527,0.238,FINAL
2023-03-08,20.773,20.529,0.245,FINAL
2023-03-09,20.784,20.53,0.254,FINAL
2023-03-10,20.799,20.531,0.268,FINAL
2023-03-11,20.822,20.533,0.289,FINAL
2023-03-12,20.838,20.534,0.304,FINAL
2023-03-13,20.846,20.535,0.311,FINAL
2023-03-14,20.859,20.536,0.323,FINAL
2023-03-15,20.875,20.537,0.338,FINAL
2023-03-16,20.877,20.538,0.34,FINAL
2023-03-17,20.883,20.538,0.345,FINAL
2023-03-18,20.89,20.539,0.351,FINAL
2023-03-19,20.887,20.539,0.347,FINAL
2023-03-20,20.882,20.54,0.342,FINAL
2023-03-21,20.87,20.54,0.33,FINAL
2023-03-22,20.865,20.54,0.325,FINAL
2023-03-23,20.87,20.54,0.33,FINAL
2023-03-24,20.872,20.54,0.332,FINAL
2023-03-25,20.87,20.539,0.331,FINAL
2023-03-26,20.866,20.539,0.327,FINAL
2023-03-27,20.87,20.538,0.332,FINAL
2023-03-28,20.87,20.538,0.332,FINAL
2023-03-29,20.873,20.537,0.336,FINAL
2023-03-30,20.881,20.536,0.345,FINAL
2023-03-31,20.885,20.535,0.351,FINAL
2023-04-01,20.89,20.534,0.356,FINAL
2023-04-02,20.898,20.532,0.366,FINAL
2023-04-03,20.899,20.531,0.368,FINAL
2023-04-04,20.887,20.529,0.358,FINAL
2023-04-05,20.883,20.528,0.356,FINAL
2023-04-06,20.878,20.526,0.352,FINAL
2023-04-07,20.882,20.524,0.358,FINAL
2023-04-08,20.878,20.522,0.356,FINAL
2023-04-09,20.871,20.52,0.352,FINAL
2023-04-10,20.867,20.517,0.349,FINAL
2023-04-11,20.87,20.515,0.355,FINAL
2023-04-12,20.861,20.513,0.349,FINAL
2023-04-13,20.861,20.51,0.351,FINAL
2023-04-14,20.85,20.508,0.342,FINAL
2023-04-15,20.85,20.505,0.345,FINAL
2023-04-16,20.851,20.502,0.349,FINAL
2023-04-17,20.856,20.5,0.357,FINAL
2023-04-18,20.852,20.497,0.355,FINAL
2023-04-19,20.848,20.494,0.354,FINAL
2023-04-20,20.842,20.491,0.351,FINAL
2023-04-21,20.849,20.488,0.361,FINAL
2023-04-22,20.851,20.485,0.366,FINAL
2023-04-23,20.859,20.482,0.377,FINAL
2023-04-24,20.849,20.479,0.37,FINAL
2023-04-25,20.849,20.476,0.373,FINAL
2023-04-26,20.845,20.473,0.372,FINAL
2023-04-27,20.846,20.469,0.377,FINAL
2023-04-28,20.863,20.466,0.397,FINAL
2023-04-29,20.838,20.463,0.375,FINAL
2023-04-30,20.811,20.46,0.351,FINAL
2023-05-01,20.79,20.457,0.334,FINAL
2023-05-02,20.78,20.453,0.327,FINAL
2023-05-03,20.764,20.45,0.314,FINAL
2023-05-04,20.783,20.447,0.336,FINAL
2023-05-05,20.795,20.444,0.351,FINAL
2023-05-06,20.794,20.441,0.353,FINAL
2023-05-07,20.795,20.437,0.358,FINAL
2023-05-08,20.79,20.434,0.356,FINAL
2023-05-09,20.794,20.431,0.363,FINAL
2023-05-10,20.785,20.428,0.357,FINAL
2023-05-11,20.783,20.425,0.359,FINAL
2023-05-12,20.777,20.421,0.355,FINAL
2023-05-13,20.773,20.418,0.355,FINAL
2023-05-14,20.771,20.415,0.356,FINAL
2023-05-15,20.77,20.412,0.358,FINAL
2023-05-16,20.77,20.409,0.361,FINAL
2023-05-17,20.762,20.406,0.356,FINAL
2023-05-18,20.758,20.403,0.355,FINAL
2023-05-19,20.758,20.4,0.357,FINAL
2023-05-20,20.759,20.397,0.362,FINAL
2023-05-21,20.767,20.394,0.373,FINAL
2023-05-22,20.766,20.392,0.374,FINAL
2023-05-23,20.771,20.389,0.382,FINAL
2023-05-24,20.762,20.386,0.376,FINAL
2023-05-25,20.77,20.383,0.387,FINAL
2023-05-26,20.76,20.381,0.379,FINAL
2023-05-27,20.755,20.378,0.376,FINAL
2023-05-28,20.754,20.376,0.378,FINAL
2023-05-29,20.754,20.374,0.38,FINAL
2023-05-30,20.764,20.371,0.393,FINAL
2023-05-31,20.768,20.369,0.399,FINAL
2023-06-01,20.766,20.367,0.399,FINAL
2023-06-02,20.765,20.365,0.4,FINAL
2023-06-03,20.774,20.363,0.411,FINAL
2023-06-04,20.777,20.361,0.416,FINAL
2023-06-05,20.783,20.36,0.423,FINAL
2023-06-06,20.791,20.358,0.433,FINAL
2023-06-07,20.796,20.357,0.439,FINAL
2023-06-08,20.804,20.355,0.448,FINAL
2023-06-09,20.812,20.354,0.459,FINAL
2023-06-10,20.82,20.353,0.468,FINAL
2023-06-11,20.812,20.352,0.46,FINAL
2023-06-12,20.813,20.351,0.462,FINAL
2023-06-13,20.812,20.35,0.462,FINAL
2023-06-14,20.809,20.349,0.46,FINAL
2023-06-15,20.816,20.349,0.468,FINAL
2023-06-16,20.817,20.348,0.469,FINAL
2023-06-17,20.813,20.348,0.465,FINAL
2023-06-18,20.813,20.347,0.465,FINAL
2023-06-19,20.821,20.347,0.474,FINAL
2023-06-20,20.828,20.347,0.481,FINAL
2023-06-21,20.832,20.347,0.485,FINAL
2023-06-22,20.841,20.347,0.494,FINAL
2023-06-23,20.841,20.348,0.493,FINAL
2023-06-24,20.839,20.348,0.491,FINAL
2023-06-25,20.832,20.348,0.483,FINAL
2023-06-26,20.835,20.349,0.486,FINAL
2023-06-27,20.829,20.349,0.479,FINAL
2023-06-28,20.83,20.35,0.48,FINAL
2023-06-29,20.826,20.351,0.475,FINAL
2023-06-30,20.825,20.352,0.473,FINAL
2023-07-01,20.83,20.353,0.477,FINAL
2023-07-02,20.84,20.354,0.486,FINAL
2023-07-03,20.849,20.355,0.494,FINAL
2023-07-04,20.843,20.356,0.487,FINAL
2023-07-05,20.835,20.358,0.478,FINAL
2023-07-06,20.833,20.359,0.474,FINAL
2023-07-07,20.827,20.36,0.466,FINAL
2023-07-08,20.83,20.362,0.469,FINAL
2023-07-09,20.839,20.363,0.476,FINAL
2023-07-10,20.851,20.365,0.486,FINAL
2023-07-11,20.851,20.367,0.485,FINAL
2023-07-12,20.855,20.369,0.487,FINAL
2023-07-13,20.875,20.37,0.504,FINAL
2023-07-14,20.886,20.372,0.513,FINAL
2023-07-15,20.888,20.374,0.514,FINAL
2023-07-16,20.901,20.376,0.525,FINAL
2023-07-17,20.911,20.378,0.532,FINAL
2023-07-18,20.916,20.38,0.536,FINAL
2023-07-19,20.938,20.383,0.556,FINAL
2023-07-20,20.934,20.385,0.55,FINAL
2023-07-21,20.932,20.387,0.545,FINAL
2023-07-22,20.925,20.389,0.536,FINAL
2023-07-23,20.925,20.391,0.533,FINAL
2023-07-24,20.931,20.394,0.537,FINAL
2023-07-25,20.939,20.396,0.543,FINAL
2023-07-26,20.944,20.398,0.546,FINAL
2023-07-27,20.942,20.401,0.541,FINAL
2023-07-28,20.951,20.403,0.548,FINAL
2023-07-29,20.954,20.405,0.549,FINAL
2023-07-30,20.962,20.407,0.554,FINAL
2023-07-31,20.965,20.41,0.555,FINAL
2023-08-01,20.958,20.412,0.546,FINAL
2023-08-02,20.962,20.414,0.548,FINAL
2023-08-03,20.974,20.416,0.558,FINAL
2023-08-04,20.978,20.418,0.559,FINAL
2023-08-05,20.979,20.42,0.559,FINAL
2023-08-06,20.971,20.422,0.549,FINAL
2023-08-07,20.96,20.424,0.537,FINAL
2023-08-08,20.965,20.426,0.54,FINAL
2023-08-09,20.976,20.427,0.548,FINAL
2023-08-10,20.975,20.429,0.546,FINAL
2023-08-11,20.958,20.43,0.528,FINAL
2023-08-12,20.96,20.431,0.529,FINAL
2023-08-13,20.96,20.432,0.527,FINAL
2023-08-14,20.968,20.433,0.535,FINAL
2023-08-15,20.977,20.434,0.543,FINAL
2023-08-16,20.971,20.435,0.536,FINAL
2023-08-17,20.976,20.435,0.541,FINAL
2023-08-18,20.989,20.436,0.553,FINAL
2023-08-19,20.993,20.436,0.557,FINAL
2023-08-20,20.995,20.436,0.559,FINAL
2023-08-21,20.998,20.436,0.562,FINAL
2023-08-22,21.003,20.435,0.568,FINAL
2023-08-23,21.015,20.434,0.581,FINAL
2023-08-24,21.019,20.433,0.585,FINAL
2023-08-25,21.015,20.432,0.582,FINAL
2023-08-26,21.011,20.431,0.58,FINAL
2023-08-27,21.008,20.429,0.579,FINAL
2023-08-28,21.003,20.428,0.575,FINAL
2023-08-29,20.989,20.426,0.564,FINAL
2023-08-30,20.981,20.423,0.558,FINAL
2023-08-31,20.96,20.421,0.539,FINAL
2023-09-01,20.96,20.418,0.542,FINAL
2023-09-02,20.945,20.415,0.529,FINAL
2023-09-03,20.943,20.412,0.531,FINAL
2023-09-04,20.948,20.409,0.54,FINAL
2023-09-05,20.949,20.405,0.544,FINAL
2023-09-06,20.95,20.401,0.549,FINAL
2023-09-07,20.95,20.397,0.553,FINAL
2023-09-08,20.953,20.393,0.56,FINAL
2023-09-09,20.956,20.389,0.567,FINAL
2023-09-10,20.951,20.384,0.567,FINAL
2023-09-11,20.949,20.379,0.57,FINAL
2023-09-12,20.946,20.375,0.571,FINAL
2023-09-13,20.939,20.37,0.57,FINAL
2023-09-14,20.934,20.364,0.57,FINAL
2023-09-15,20.922,20.359,0.563,FINAL
2023-09-16,20.911,20.354,0.557,FINAL
2023-09-17,20.905,20.348,0.557,FINAL
2023-09-18,20.909,20.343,0.566,FINAL
2023-09-19,20.915,20.337,0.578,FINAL
2023-09-20,20.912,20.331,0.58,FINAL
2023-09-21,20.914,20.326,0.588,FINAL
2023-09-22,20.91,20.32,0.59,FINAL
2023-09-23,20.903,20.314,0.589,FINAL
2023-09-24,20.891,20.308,0.583,FINAL
2023-09-25,20.866,20.303,0.564,FINAL
2023-09-26,20.854,20.297,0.557,FINAL
2023-09-27,20.849,20.291,0.558,FINAL
2023-09-28,20.86,20.286,0.575,FINAL
2023-09-29,20.865,20.28,0.585,FINAL
2023-09-30,20.857,20.274,0.582,FINAL
2023-10-01,20.838,20.269,0.569,FINAL
2023-10-02,20.821,20.264,0.557,FINAL
2023-10-03,20.82,20.258,0.562,FINAL
2023-10-04,20.82,20.253,0.567,FINAL
2023-10-05,20.776,20.248,0.528,FINAL
2023-10-06,20.785,20.243,0.542,FINAL
2023-10-07,20.783,20.238,0.545,FINAL
2023-10-08,20.777,20.233,0.544,FINAL
2023-10-09,20.777,20.229,0.548,FINAL
2023-10-10,20.784,20.224,0.559,FINAL
2023-10-11,20.781,20.22,0.561,FINAL
2023-10-12,20.782,20.216,0.566,FINAL
2023-10-13,20.794,20.211,0.582,FINAL
2023-10-14,20.799,20.207,0.592,FINAL
2023-10-15,20.812,20.203,0.609,FINAL
2023-10-16,20.815,20.199,0.616,FINAL
2023-10-17,20.812,20.196,0.617,FINAL
2023-10-18,20.812,20.192,0.62,FINAL
2023-10-19,20.806,20.189,0.617,FINAL
2023-10-20,20.8,20.185,0.615,FINAL
2023-10-21,20.793,20.182,0.612,FINAL
2023-10-22,20.796,20.178,0.618,FINAL
2023-10-23,20.793,20.175,0.618,FINAL
2023-10-24,20.78,20.172,0.608,FINAL
2023-10-25,20.769,20.169,0.6,FINAL
2023-10-26,20.759,20.166,0.593,FINAL
2023-10-27,20.749,20.163,0.586,FINAL
2023-10-28,20.732,20.16,0.572,FINAL
2023-10-29,20.723,20.157,0.566,FINAL
2023-10-30,20.727,20.154,0.572,FINAL
2023-10-31,20.728,20.152,0.576,FINAL
2023-11-01,20.735,20.149,0.586,FINAL
2023-11-02,20.738,20.146,0.592,FINAL
2023-11-03,20.746,20.144,0.602,FINAL
2023-11-04,20.735,20.142,0.593,FINAL
2023-11-05,20.734,20.139,0.594,FINAL
2023-11-06,20.736,20.137,0.599,FINAL
2023-11-07,20.725,20.135,0.591,FINAL
2023-11-08,20.713,20.133,0.58,FINAL
2023-11-09,20.696,20.131,0.566,FINAL
2023-11-10,20.692,20.129,0.563,FINAL
2023-11-11,20.675,20.127,0.548,FINAL
2023-11-12,20.664,20.125,0.538,FINAL
2023-11-13,20.672,20.124,0.548,FINAL
2023-11-14,20.681,20.123,0.559,FINAL
2023-11-15,20.687,20.121,0.566,FINAL
2023-11-16,20.694,20.12,0.573,FINAL
2023-11-17,20.701,20.119,0.582,FINAL
2023-11-18,20.698,20.119,0.58,FINAL
2023-11-19,20.698,20.118,0.58,FINAL
2023-11-20,20.7,20.118,0.583,FINAL
2023-11-21,20.703,20.117,0.586,FINAL
2023-11-22,20.708,20.117,0.59,FINAL
2023-11-23,20.718,20.117,0.601,FINAL
2023-11-24,20.72,20.118,0.602,FINAL
2023-11-25,20.715,20.118,0.597,FINAL
2023-11-26,20.723,20.119,0.604,FINAL
2023-11-27,20.732,20.12,0.612,FINAL
2023-11-28,20.731,20.121,0.61,FINAL
2023-11-29,20.739,20.123,0.617,FINAL
2023-11-30,20.734,20.124,0.61,FINAL
2023-12-01,20.745,20.126,0.619,FINAL
2023-12-02,20.744,20.128,0.617,FINAL
2023-12-03,20.749,20.13,0.62,FINAL
2023-12-04,20.748,20.132,0.615,FINAL
2023-12-05,20.753,20.135,0.618,FINAL
2023-12-06,20.76,20.137,0.623,FINAL
2023-12-07,20.761,20.14,0.621,FINAL
2023-12-08,20.75,20.143,0.607,FINAL
2023-12-09,20.738,20.146,0.592,FINAL
2023-12-10,20.74,20.149,0.591,FINAL
2023-12-11,20.729,20.152,0.577,FINAL
2023-12-12,20.727,20.156,0.571,FINAL
2023-12-13,20.716,20.159,0.557,FINAL
2023-12-14,20.723,20.163,0.561,FINAL
2023-12-15,20.732,20.167,0.566,FINAL
2023-12-16,20.748,20.17,0.578,FINAL
2023-12-17,20.757,20.174,0.583,FINAL
2023-12-18,20.759,20.178,0.581,FINAL
2023-12-19,20.775,20.182,0.593,FINAL
2023-12-20,20.796,20.186,0.61,FINAL
2023-12-21,20.815,20.19,0.625,FINAL
2023-12-22,20.824,20.194,0.63,FINAL
2023-12-23,20.817,20.198,0.618,FINAL
2023-12-24,20.828,20.203,0.625,FINAL
2023-12-25,20.837,20.207,0.63,FINAL
2023-12-26,20.846,20.211,0.635,FINAL
2023-12-27,20.844,20.216,0.628,FINAL
2023-12-28,20.851,20.22,0.631,FINAL
2023-12-29,20.869,20.224,0.644,FINAL
2023-12-30,20.873,20.229,0.645,FINAL
2023-12-31,20.884,20.233,0.651,FINAL
2024-01-01,20.912,20.238,0.674,FINAL
2024-01-02,20.923,20.242,0.68,FINAL
2024-01-03,20.946,20.247,0.699,FINAL
2024-01-04,20.962,20.252,0.71,FINAL
2024-01-05,20.977,20.256,0.72,FINAL
2024-01-06,20.985,20.261,0.724,FINAL
2024-01-07,20.99,20.266,0.723,FINAL
2024-01-08,20.994,20.271,0.723,FINAL
2024-01-09,21.0,20.276,0.724,FINAL
2024-01-10,21.006,20.281,0.725,FINAL
2024-01-11,21.004,20.286,0.718,FINAL
2024-01-12,21.009,20.291,0.718,FINAL
2024-01-13,21.0,20.297,0.703,FINAL
2024-01-14,20.984,20.302,0.682,FINAL
2024-01-15,20.98,20.307,0.673,FINAL
2024-01-16,20.963,20.313,0.65,FINAL
2024-01-17,20.958,20.318,0.64,FINAL
2024-01-18,20.95,20.324,0.626,FINAL
2024-01-19,20.967,20.329,0.638,FINAL
2024-01-20,20.977,20.335,0.642,FINAL
2024-01-21,20.962,20.341,0.622,FINAL
2024-01-22,20.956,20.346,0.61,FINAL
2024-01-23,20.96,20.352,0.608,FINAL
2024-01-24,20.943,20.358,0.585,FINAL
2024-01-25,20.941,20.364,0.577,FINAL
2024-01-26,20.94,20.37,0.571,FINAL
2024-01-27,20.961,20.375,0.586,FINAL
2024-01-28,20.975,20.381,0.594,FINAL
2024-01-29,20.984,20.387,0.597,FINAL
2024-01-30,21.006,20.392,0.614,FINAL
2024-01-31,21.029,20.398,0.631,FINAL
2024-02-01,21.051,20.404,0.647,FINAL
2024-02-02,21.052,20.409,0.643,FINAL
2024-02-03,21.055,20.415,0.64,FINAL
2024-02-04,21.058,20.42,0.638,FINAL
2024-02-05,21.065,20.425,0.64,FINAL
2024-02-06,21.071,20.43,0.641,FINAL
2024-02-07,21.069,20.436,0.634,FINAL
2024-02-08,21.069,20.44,0.628,FINAL
2024-02-09,21.06,20.445,0.614,FINAL
2024-02-10,21.048,20.45,0.598,FINAL
2024-02-11,21.039,20.455,0.584,FINAL
2024-02-12,21.036,20.459,0.577,FINAL
2024-02-13,21.038,20.463,0.574,FINAL
2024-02-14,21.041,20.468,0.574,FINAL
2024-02-15,21.046,20.472,0.575,FINAL
2024-02-16,21.041,20.476,0.565,FINAL
2024-02-17,21.046,20.48,0.566,FINAL
2024-02-18,21.054,20.483,0.57,FINAL
2024-02-19,21.053,20.487,0.566,FINAL
2024-02-20,21.068,20.49,0.578,FINAL
2024-02-21,21.069,20.493,0.576,FINAL
2024-02-22,21.063,20.497,0.567,FINAL
2024-02-23,21.06,20.5,0.56,FINAL
2024-02-24,21.071,20.503,0.569,FINAL
2024-02-25,21.077,20.505,0.572,FINAL
2024-02-26,21.083,20.508,0.575,FINAL
2024-02-27,21.084,20.51,0.574,FINAL
2024-02-28,21.086,20.513,0.573,FINAL
2024-02-29,21.089,20.514,0.575,FINAL
2024-03-01,21.091,20.515,0.575,FINAL
2024-03-02,21.087,20.517,0.569,FINAL
2024-03-03,21.076,20.52,0.557,FINAL
2024-03-04,21.076,20.522,0.555,FINAL
2024-03-05,21.084,20.523,0.561,FINAL
2024-03-06,21.091,20.525,0.566,FINAL
2024-03-07,21.084,20.527,0.557,FINAL
2024-03-08,21.08,20.529,0.551,FINAL
2024-03-09,21.076,20.53,0.545,FINAL
2024-03-10,21.076,20.531,0.544,FINAL
2024-03-11,21.066,20.533,0.534,FINAL
2024-03-12,21.054,20.534,0.52,FINAL
2024-03-13,21.041,20.535,0.506,FINAL
2024-03-14,21.046,20.536,0.51,FINAL
2024-03-15,21.063,20.537,0.526,FINAL
2024-03-16,21.068,20.538,0.531,FINAL
2024-03-17,21.068,20.538,0.529,FINAL
2024-03-18,21.072,20.539,0.533,FINAL
2024-03-19,21.086,20.539,0.546,FINAL
2024-03-20,21.091,20.54,0.551,FINAL
2024-03-21,21.089,20.54,0.549,FINAL
2024-03-22,21.079,20.54,0.539,FINAL
2024-03-23,21.072,20.54,0.532,FINAL
2024-03-24,21.068,20.54,0.529,FINAL
2024-03-25,21.077,20.539,0.538,FINAL
2024-03-26,21.074,20.539,0.535,FINAL
2024-03-27,21.074,20.538,0.536,FINAL
2024-03-28,21.075,20.538,0.537,FINAL
2024-03-29,21.068,20.537,0.531,FINAL
2024-03-30,21.071,20.536,0.535,FINAL
2024-03-31,21.062,20.535,0.527,FINAL
2024-04-01,21.064,20.534,0.53,FINAL
2024-04-02,21.053,20.532,0.521,FINAL
2024-04-03,21.064,20.531,0.533,FINAL
2024-04-04,21.064,20.529,0.535,FINAL
2024-04-05,21.064,20.528,0.536,FINAL
2024-04-06,21.064,20.526,0.538,FINAL
2024-04-07,21.064,20.524,0.54,FINAL
2024-04-08,21.063,20.522,0.541,FINAL
2024-04-09,21.047,20.52,0.527,FINAL
2024-04-10,21.019,20.517,0.502,FINAL
2024-04-11,21.021,20.515,0.506,FINAL
2024-04-12,21.022,20.513,0.509,FINAL
2024-04-13,21.036,20.51,0.526,FINAL
2024-04-14,21.033,20.508,0.525,FINAL
2024-04-15,21.033,20.505,0.528,FINAL
2024-04-16,21.032,20.502,0.53,FINAL
2024-04-17,21.032,20.5,0.533,FINAL
2024-04-18,21.045,20.497,0.548,FINAL
2024-04-19,21.052,20.494,0.559,FINAL
2024-04-20,21.042,20.491,0.551,FINAL
2024-04-21,21.046,20.488,0.558,FINAL
2024-04-22,21.046,20.485,0.561,FINAL
2024-04-23,21.049,20.482,0.567,FINAL
2024-04-24,21.054,20.479,0.575,FINAL
2024-04-25,21.041,20.476,0.566,FINAL
2024-04-26,21.036,20.473,0.563,FINAL
2024-04-27,21.025,20.469,0.555,FINAL
2024-04-28,21.014,20.466,0.548,FINAL
2024-04-29,21.01,20.463,0.547,FINAL
2024-04-30,21.008,20.46,0.548,FINAL
2024-05-01,21.003,20.457,0.547,FINAL
2024-05-02,20.994,20.453,0.541,FINAL
2024-05-03,21.001,20.45,0.551,FINAL
2024-05-04,20.994,20.447,0.547,FINAL
2024-05-05,20.978,20.444,0.534,FINAL
2024-05-06,20.975,20.441,0.535,FINAL
2024-05-07,20.967,20.437,0.53,FINAL
2024-05-08,20.975,20.434,0.54,FINAL
2024-05-09,20.954,20.431,0.523,FINAL
2024-05-10,20.952,20.428,0.525,FINAL
2024-05-11,20.946,20.425,0.521,FINAL
2024-05-12,20.943,20.421,0.522,FINAL
2024-05-13,20.932,20.418,0.513,FINAL
2024-05-14,20.924,20.415,0.508,FINAL
2024-05-15,20.916,20.412,0.504,FINAL
2024-05-16,20.912,20.409,0.503,FINAL
2024-05-17,20.917,20.406,0.511,FINAL
2024-05-18,20.922,20.403,0.519,FINAL
2024-05-19,20.917,20.4,0.517,FINAL
2024-05-20,20.916,20.397,0.519,FINAL
2024-05-21,20.918,20.394,0.524,FINAL
2024-05-22,20.913,20.392,0.521,FINAL
2024-05-23,20.906,20.389,0.517,FINAL
2024-05-24,20.906,20.386,0.52,FINAL
2024-05-25,20.906,20.383,0.522,FINAL
2024-05-26,20.905,20.381,0.524,FINAL
2024-05-27,20.901,20.378,0.523,FINAL
2024-05-28,20.9,20.376,0.524,FINAL
2024-05-29,20.9,20.374,0.527,FINAL
2024-05-30,20.906,20.371,0.534,FINAL
2024-05-31,20.902,20.369,0.533,FINAL
2024-06-01,20.895,20.367,0.528,FINAL
2024-06-02,20.875,20.365,0.51,FINAL
2024-06-03,20.87,20.363,0.507,FINAL
2024-06-04,20.867,20.361,0.505,FINAL
2024-06-05,20.865,20.36,0.505,FINAL
2024-06-06,20.865,20.358,0.507,FINAL
2024-06-07,20.872,20.357,0.515,FINAL
2024-06-08,20.873,20.355,0.518,FINAL
2024-06-09,20.859,20.354,0.505,FINAL
2024-06-10,20.857,20.353,0.504,FINAL
2024-06-11,20.869,20.352,0.517,FINAL
2024-06-12,20.86,20.351,0.51,FINAL
2024-06-13,20.872,20.35,0.522,FINAL
2024-06-14,20.863,20.349,0.514,FINAL
2024-06-15,20.866,20.349,0.518,FINAL
2024-06-16,20.867,20.348,0.519,FINAL
2024-06-17,20.861,20.348,0.513,FINAL
2024-06-18,20.855,20.347,0.508,FINAL
2024-06-19,20.848,20.347,0.501,FINAL
2024-06-20,20.845,20.347,0.498,FINAL
2024-06-21,20.835,20.347,0.487,FINAL
2024-06-22,20.83,20.347,0.482,FINAL
2024-06-23,20.823,20.348,0.475,FINAL
2024-06-24,20.821,20.348,0.473,FINAL
2024-06-25,20.822,20.348,0.473,FINAL
2024-06-26,20.822,20.349,0.473,FINAL
2024-06-27,20.822,20.349,0.473,FINAL
2024-06-28,20.822,20.35,0.472,FINAL
2024-06-29,20.822,20.351,0.471,FINAL
2024-06-30,20.828,20.352,0.476,FINAL
2024-07-01,20.829,20.353,0.476,FINAL
2024-07-02,20.826,20.354,0.472,FINAL
2024-07-03,20.823,20.355,0.468,FINAL
2024-07-04,20.83,20.356,0.474,FINAL
2024-07-05,20.845,20.358,0.488,FINAL
2024-07-06,20.853,20.359,0.494,FINAL
2024-07-07,20.853,20.36,0.493,FINAL
2024-07-08,20.866,20.362,0.504,FINAL
2024-07-09,20.871,20.363,0.508,FINAL
2024-07-10,20.89,20.365,0.525,FINAL
2024-07-11,20.889,20.367,0.522,FINAL
2024-07-12,20.893,20.369,0.524,FINAL
2024-07-13,20.871,20.37,0.501,FINAL
2024-07-14,20.869,20.372,0.497,FINAL
2024-07-15,20.875,20.374,0.501,FINAL
2024-07-16,20.876,20.376,0.5,FINAL
2024-07-17,20.89,20.378,0.512,FINAL
2024-07-18,20.896,20.38,0.515,FINAL
2024-07-19,20.898,20.383,0.516,FINAL
2024-07-20,20.894,20.385,0.51,FINAL
2024-07-21,20.894,20.387,0.507,FINAL
2024-07-22,20.89,20.389,0.501,FINAL
2024-07-23,20.888,20.391,0.496,FINAL
2024-07-24,20.896,20.394,0.502,FINAL
2024-07-25,20.889,20.396,0.493,FINAL
2024-07-26,20.884,20.398,0.486,FINAL
2024-07-27,20.905,20.401,0.505,FINAL
2024-07-28,20.89,20.403,0.487,FINAL
2024-07-29,20.9,20.405,0.495,FINAL
2024-07-30,20.899,20.407,0.492,FINAL
2024-07-31,20.905,20.41,0.496,FINAL
2024-08-01,20.91,20.412,0.498,FINAL
2024-08-02,20.917,20.414,0.503,FINAL
2024-08-03,20.92,20.416,0.504,FINAL
2024-08-04,20.932,20.418,0.514,FINAL
2024-08-05,20.937,20.42,0.517,FINAL
2024-08-06,20.94,20.422,0.518,FINAL
2024-08-07,20.936,20.424,0.512,FINAL
2024-08-08,20.936,20.426,0.511,FINAL
2024-08-09,20.942,20.427,0.515,FINAL
2024-08-10,20.936,20.429,0.507,FINAL
2024-08-11,20.928,20.43,0.498,FINAL
2024-08-12,20.928,20.431,0.497,FINAL
2024-08-13,20.937,20.432,0.504,FINAL
2024-08-14,20.942,20.433,0.509,FINAL
2024-08-15,20.943,20.434,0.509,FINAL
2024-08-16,20.935,20.435,0.5,FINAL
2024-08-17,20.922,20.435,0.486,FINAL
2024-08-18,20.92,20.436,0.485,FINAL
2024-08-19,20.906,20.436,0.47,FINAL
2024-08-20,20.904,20.436,0.469,FINAL
2024-08-21,20.909,20.436,0.474,FINAL
2024-08-22,20.903,20.435,0.468,FINAL
2024-08-23,20.897,20.434,0.463,FINAL
2024-08-24,20.894,20.433,0.461,FINAL
2024-08-25,20.895,20.432,0.462,FINAL
2024-08-26,20.897,20.431,0.466,FINAL
2024-08-27,20.889,20.429,0.46,FINAL
2024-08-28,20.882,20.428,0.455,FINAL
2024-08-29,20.872,20.426,0.446,FINAL
2024-08-30,20.876,20.423,0.453,FINAL
2024-08-31,20.866,20.421,0.445,FINAL
2024-09-01,20.866,20.418,0.447,FINAL
2024-09-02,20.863,20.415,0.448,FINAL
2024-09-03,20.848,20.412,0.436,FINAL
2024-09-04,20.844,20.409,0.435,FINAL
2024-09-05,20.848,20.405,0.443,FINAL
2024-09-06,20.847,20.401,0.446,FINAL
2024-09-07,20.848,20.397,0.451,FINAL
2024-09-08,20.848,20.393,0.455,FINAL
2024-09-09,20.846,20.389,0.458,FINAL
2024-09-10,20.841,20.384,0.457,FINAL
2024-09-11,20.838,20.379,0.458,FINAL
2024-09-12,20.841,20.375,0.467,FINAL
2024-09-13,20.838,20.37,0.468,FINAL
2024-09-14,20.84,20.364,0.475,FINAL
2024-09-15,20.834,20.359,0.475,FINAL
2024-09-16,20.831,20.354,0.477,FINAL
2024-09-17,20.818,20.348,0.469,FINAL
2024-09-18,20.815,20.343,0.472,FINAL
2024-09-19,20.811,20.337,0.474,FINAL
2024-09-20,20.82,20.331,0.488,FINAL
2024-09-21,20.819,20.326,0.493,FINAL
2024-09-22,20.821,20.32,0.501,FINAL
2024-09-23,20.807,20.314,0.492,FINAL
2024-09-24,20.805,20.308,0.497,FINAL
2024-09-25,20.802,20.303,0.499,FINAL
2024-09-26,20.8,20.297,0.503,FINAL
2024-09-27,20.798,20.291,0.507,FINAL
2024-09-28,20.792,20.286,0.507,FINAL
2024-09-29,20.799,20.28,0.519,FINAL
2024-09-30,20.796,20.274,0.521,FINAL
2024-10-01,20.785,20.269,0.516,FINAL
2024-10-02,20.769,20.264,0.505,FINAL
2024-10-03,20.753,20.258,0.495,FINAL
2024-10-04,20.744,20.253,0.491,FINAL
2024-10-05,20.741,20.248,0.493,FINAL
2024-10-06,20.741,20.243,0.498,FINAL
2024-10-07,20.745,20.238,0.507,FINAL
2024-10-08,20.748,20.233,0.514,FINAL
2024-10-09,20.738,20.229,0.509,FINAL
2024-10-10,20.731,20.224,0.507,FINAL
2024-10-11,20.724,20.22,0.504,FINAL
2024-10-12,20.714,20.216,0.499,FINAL
2024-10-13,20.704,20.211,0.492,FINAL
2024-10-14,20.691,20.207,0.483,FINAL
2024-10-15,20.695,20.203,0.492,FINAL
2024-10-16,20.689,20.199,0.489,FINAL
2024-10-17,20.682,20.196,0.486,FINAL
2024-10-18,20.678,20.192,0.486,FINAL
2024-10-19,20.662,20.189,0.474,FINAL
2024-10-20,20.644,20.185,0.459,FINAL
2024-10-21,20.624,20.182,0.443,FINAL
2024-10-22,20.628,20.178,0.449,FINAL
2024-10-23,20.622,20.175,0.447,FINAL
2024-10-24,20.617,20.172,0.445,FINAL
2024-10-25,20.608,20.169,0.439,FINAL
2024-10-26,20.603,20.166,0.437,FINAL
2024-10-27,20.605,20.163,0.442,FINAL
2024-10-28,20.612,20.16,0.452,FINAL
2024-10-29,20.617,20.157,0.46,FINAL
2024-10-30,20.623,20.154,0.469,FINAL
2024-10-31,20.62,20.152,0.469,FINAL
2024-11-01,20.624,20.149,0.475,FINAL
2024-11-02,20.618,20.146,0.472,FINAL
2024-11-03,20.617,20.144,0.473,FINAL
2024-11-04,20.614,20.142,0.472,FINAL
2024-11-05,20.608,20.139,0.469,FINAL
2024-11-06,20.596,20.137,0.459,FINAL
2024-11-07,20.595,20.135,0.46,FINAL
2024-11-08,20.589,20.133,0.457,FINAL
2024-11-09,20.585,20.131,0.454,FINAL
2024-11-10,20.58,20.129,0.451,FINAL
2024-11-11,20.575,20.127,0.448,FINAL
2024-11-12,20.582,20.125,0.456,FINAL
2024-11-13,20.587,20.124,0.464,FINAL
2024-11-14,20.593,20.123,0.47,FINAL
2024-11-15,20.586,20.121,0.465,FINAL
2024-11-16,20.59,20.12,0.47,FINAL
2024-11-17,20.583,20.119,0.463,FINAL
2024-11-18,20.565,20.119,0.447,FINAL
2024-11-19,20.561,20.118,0.443,FINAL
2024-11-20,20.566,20.118,0.448,FINAL
2024-11-21,20.571,20.117,0.454,FINAL
2024-11-22,20.575,20.117,0.458,FINAL
2024-11-23,20.581,20.117,0.464,FINAL
2024-11-24,20.575,20.118,0.457,FINAL
2024-11-25,20.578,20.118,0.46,FINAL
2024-11-26,20.578,20.119,0.459,FINAL
2024-11-27,20.566,20.12,0.446,FINAL
2024-11-28,20.566,20.121,0.445,FINAL
2024-11-29,20.569,20.123,0.446,FINAL
2024-11-30,20.571,20.124,0.447,FINAL
2024-12-01,20.579,20.126,0.453,FINAL
2024-12-02,20.577,20.128,0.449,FINAL
2024-12-03,20.577,20.13,0.447,FINAL
2024-12-04,20.578,20.132,0.446,FINAL
2024-12-05,20.589,20.135,0.454,FINAL
2024-12-06,20.574,20.137,0.437,FINAL
2024-12-07,20.576,20.14,0.437,FINAL
2024-12-08,20.569,20.143,0.426,FINAL
2024-12-09,20.564,20.146,0.418,FINAL
2024-12-10,20.571,20.149,0.422,FINAL
2024-12-11,20.592,20.152,0.44,FINAL
2024-12-12,20.606,20.156,0.45,FINAL
2024-12-13,20.6,20.159,0.441,FINAL
2024-12-14,20.584,20.163,0.421,FINAL
2024-12-15,20.575,20.167,0.409,FINAL
2024-12-16,20.565,20.17,0.394,FINAL
2024-12-17,20.563,20.174,0.389,FINAL
2024-12-18,20.551,20.178,0.373,FINAL
2024-12-19,20.545,20.182,0.363,FINAL
2024-12-20,20.541,20.186,0.355,FINAL
2024-12-21,20.544,20.19,0.353,FINAL
2024-12-22,20.544,20.194,0.35,FINAL
2024-12-23,20.548,20.198,0.349,FINAL
2024-12-24,20.546,20.203,0.343,FINAL
2024-12-25,20.546,20.207,0.339,FINAL
2024-12-26,20.563,20.211,0.352,FINAL
2024-12-27,20.572,20.216,0.356,FINAL
2024-12-28,20.591,20.22,0.371,FINAL
2024-12-29,20.609,20.224,0.385,FINAL
2024-12-30,20.638,20.229,0.41,FINAL
2024-12-31,20.666,20.233,0.433,FINAL
2025-01-01,20.682,20.238,0.444,FINAL
2025-01-02,20.697,20.242,0.455,FINAL
2025-01-03,20.72,20.247,0.473,FINAL
2025-01-04,20.73,20.252,0.478,FINAL
2025-01-05,20.742,20.256,0.485,FINAL
2025-01-06,20.751,20.261,0.49,FINAL
2025-01-07,20.763,20.266,0.497,FINAL
2025-01-08,20.772,20.271,0.501,FINAL
2025-01-09,20.766,20.276,0.49,FINAL
2025-01-10,20.762,20.281,0.481,FINAL
2025-01-11,20.751,20.286,0.465,FINAL
2025-01-12,20.75,20.291,0.459,FINAL
2025-01-13,20.757,20.297,0.46,FINAL
2025-01-14,20.762,20.302,0.46,FINAL
2025-01-15,20.766,20.307,0.459,FINAL
2025-01-16,20.762,20.313,0.449,FINAL
2025-01-17,20.774,20.318,0.456,FINAL
2025-01-18,20.783,20.324,0.459,FINAL
2025-01-19,20.805,20.329,0.476,FINAL
2025-01-20,20.814,20.335,0.479,FINAL
2025-01-21,20.82,20.341,0.479,FINAL
2025-01-22,20.812,20.346,0.466,FINAL
2025-01-23,20.822,20.352,0.47,FINAL
2025-01-24,20.825,20.358,0.467,FINAL
2025-01-25,20.828,20.364,0.464,FINAL
2025-01-26,20.828,20.37,0.459,FINAL
2025-01-27,20.826,20.375,0.451,FINAL
2025-01-28,20.827,20.381,0.446,FINAL
2025-01-29,20.833,20.387,0.446,FINAL
2025-01-30,20.837,20.392,0.444,FINAL
2025-01-31,20.834,20.398,0.436,FINAL
2025-02-01,20.839,20.404,0.435,FINAL
2025-02-02,20.837,20.409,0.428,FINAL
2025-02-03,20.85,20.415,0.436,FINAL
2025-02-04,20.855,20.42,0.435,FINAL
2025-02-05,20.85,20.425,0.424,FINAL
2025-02-06,20.849,20.43,0.418,FINAL
2025-02-07,20.851,20.436,0.416,FINAL
2025-02-08,20.868,20.44,0.427,FINAL
2025-02-09,20.878,20.445,0.432,FINAL
2025-02-10,20.875,20.45,0.425,FINAL
2025-02-11,20.871,20.455,0.416,FINAL
2025-02-12,20.865,20.459,0.405,FINAL
2025-02-13,20.861,20.463,0.398,FINAL
2025-02-14,20.867,20.468,0.4,FINAL
2025-02-15,20.876,20.472,0.404,FINAL
2025-02-16,20.877,20.476,0.402,FINAL
2025-02-17,20.887,20.48,0.407,FINAL
2025-02-18,20.895,20.483,0.412,FINAL
2025-02-19,20.896,20.487,0.409,FINAL
2025-02-20,20.895,20.49,0.405,FINAL
2025-02-21,20.9,20.493,0.407,FINAL
2025-02-22,20.906,20.497,0.41,FINAL
2025-02-23,20.916,20.5,0.417,FINAL
2025-02-24,20.923,20.503,0.42,FINAL
2025-02-25,20.927,20.505,0.422,FINAL
2025-02-26,20.921,20.508,0.413,FINAL
2025-02-27,20.938,20.51,0.427,FINAL
2025-02-28,20.949,20.513,0.436,FINAL
2025-03-01,20.967,20.515,0.452,FINAL
2025-03-02,20.969,20.517,0.451,FINAL
2025-03-03,20.975,20.52,0.455,FINAL
2025-03-04,20.972,20.522,0.451,FINAL
2025-03-05,20.984,20.523,0.46,FINAL
2025-03-06,20.975,20.525,0.449,FINAL
2025-03-07,20.974,20.527,0.447,FINAL
2025-03-08,20.974,20.529,0.446,FINAL
2025-03-09,20.977,20.53,0.446,FINAL
2025-03-10,20.965,20.531,0.433,FINAL
2025-03-11,20.966,20.533,0.433,FINAL
2025-03-12,20.982,20.534,0.448,FINAL
2025-03-13,20.982,20.535,0.447,FINAL
2025-03-14,20.975,20.536,0.439,FINAL
2025-03-15,20.987,20.537,0.45,FINAL
2025-03-16,20.98,20.538,0.443,FINAL
2025-03-17,20.964,20.538,0.426,FINAL
2025-03-18,20.945,20.539,0.406,FINAL
2025-03-19,20.932,20.539,0.393,FINAL
2025-03-20,20.941,20.54,0.402,FINAL
2025-03-21,20.933,20.54,0.393,FINAL
2025-03-22,20.926,20.54,0.387,FINAL
2025-03-23,20.934,20.54,0.394,FINAL
2025-03-24,20.926,20.54,0.386,FINAL
2025-03-25,20.932,20.539,0.393,FINAL
2025-03-26,20.942,20.539,0.403,FINAL
2025-03-27,20.951,20.538,0.413,FINAL
2025-03-28,20.946,20.538,0.408,FINAL
2025-03-29,20.944,20.537,0.407,FINAL
2025-03-30,20.939,20.536,0.403,FINAL
2025-03-31,20.93,20.535,0.395,FINAL
2025-04-01,20.952,20.534,0.418,FINAL
2025-04-02,20.935,20.532,0.403,FINAL
2025-04-03,20.923,20.531,0.392,FINAL
2025-04-04,20.912,20.529,0.383,FINAL
2025-04-05,20.907,20.528,0.379,FINAL
2025-04-06,20.912,20.526,0.386,FINAL
2025-04-07,20.913,20.524,0.389,FINAL
2025-04-08,20.916,20.522,0.394,FINAL
2025-04-09,20.914,20.52,0.394,FINAL
2025-04-10,20.93,20.517,0.413,FINAL
2025-04-11,20.921,20.515,0.406,FINAL
2025-04-12,20.919,20.513,0.406,FINAL
2025-04-13,20.901,20.51,0.391,FINAL
2025-04-14,20.901,20.508,0.394,FINAL
2025-04-15,20.887,20.505,0.382,FINAL
2025-04-16,20.864,20.502,0.362,FINAL
2025-04-17,20.864,20.5,0.365,FINAL
2025-04-18,20.864,20.497,0.367,FINAL
2025-04-19,20.857,20.494,0.363,FINAL
2025-04-20,20.86,20.491,0.369,FINAL
2025-04-21,20.869,20.488,0.381,FINAL
2025-04-22,20.874,20.485,0.389,FINAL
2025-04-23,20.869,20.482,0.387,FINAL
2025-04-24,20.878,20.479,0.399,FINAL
2025-04-25,20.884,20.476,0.408,FINAL
2025-04-26,20.884,20.473,0.411,FINAL
2025-04-27,20.876,20.469,0.406,FINAL
2025-04-28,20.88,20.466,0.414,FINAL
2025-04-29,20.88,20.463,0.417,FINAL
2025-04-30,20.868,20.46,0.408,FINAL
2025-05-01,20.865,20.457,0.409,FINAL
2025-05-02,20.867,20.453,0.414,FINAL
2025-05-03,20.867,20.45,0.417,FINAL
2025-05-04,20.862,20.447,0.414,FINAL
2025-05-05,20.856,20.444,0.412,FINAL
2025-05-06,20.857,20.441,0.417,FINAL
2025-05-07,20.851,20.437,0.413,FINAL
2025-05-08,20.839,20.434,0.405,FINAL
2025-05-09,20.834,20.431,0.403,FINAL
2025-05-10,20.829,20.428,0.401,FINAL
2025-05-11,20.815,20.425,0.39,FINAL
2025-05-12,20.806,20.421,0.384,FINAL
2025-05-13,20.795,20.418,0.376,FINAL
2025-05-14,20.8,20.415,0.385,FINAL
2025-05-15,20.803,20.412,0.391,FINAL
2025-05-16,20.804,20.409,0.395,FINAL
2025-05-17,20.806,20.406,0.399,FINAL
2025-05-18,20.795,20.403,0.392,FINAL
2025-05-19,20.787,20.4,0.387,FINAL
2025-05-20,20.777,20.397,0.379,FINAL
2025-05-21,20.761,20.394,0.366,FINAL
2025-05-22,20.756,20.392,0.365,FINAL
2025-05-23,20.756,20.389,0.367,FINAL
2025-05-24,20.747,20.386,0.361,FINAL
2025-05-25,20.746,20.383,0.362,FINAL
2025-05-26,20.735,20.381,0.354,FINAL
2025-05-27,20.724,20.378,0.345,FINAL
2025-05-28,20.72,20.376,0.344,FINAL
2025-05-29,20.716,20.374,0.342,FINAL
2025-05-30,20.704,20.371,0.332,FINAL
2025-05-31,20.707,20.369,0.338,FINAL
2025-06-01,20.711,20.367,0.344,FINAL
2025-06-02,20.704,20.365,0.339,FINAL
2025-06-03,20.694,20.363,0.331,FINAL
2025-06-04,20.692,20.361,0.331,FINAL
2025-06-05,20.694,20.36,0.334,FINAL
2025-06-06,20.699,20.358,0.341,FINAL
2025-06-07,20.703,20.357,0.346,FINAL
2025-06-08,20.709,20.355,0.354,FINAL
2025-06-09,20.705,20.354,0.351,FINAL
2025-06-10,20.709,20.353,0.356,FINAL
2025-06-11,20.71,20.352,0.358,FINAL
2025-06-12,20.723,20.351,0.373,FINAL
2025-06-13,20.721,20.35,0.371,FINAL
2025-06-14,20.718,20.349,0.369,FINAL
2025-06-15,20.719,20.349,0.371,FINAL
2025-06-16,20.72,20.348,0.372,FINAL
2025-06-17,20.724,20.348,0.377,FINAL
2025-06-18,20.726,20.347,0.379,FINAL
2025-06-19,20.747,20.347,0.4,FINAL
2025-06-20,20.738,20.347,0.391,FINAL
2025-06-21,20.736,20.347,0.388,FINAL
2025-06-22,20.727,20.347,0.379,FINAL
2025-06-23,20.718,20.348,0.371,FINAL
2025-06-24,20.712,20.348,0.365,FINAL
2025-06-25,20.72,20.348,0.372,FINAL
2025-06-26,20.726,20.349,0.377,FINAL
2025-06-27,20.729,20.349,0.38,FINAL
2025-06-28,20.719,20.35,0.369,FINAL
2025-06-29,20.725,20.351,0.374,FINAL
2025-06-30,20.72,20.352,0.368,FINAL
2025-07-01,20.726,20.353,0.373,FINAL
2025-07-02,20.724,20.354,0.37,FINAL
2025-07-03,20.735,20.355,0.38,FINAL
2025-07-04,20.738,20.356,0.382,FINAL
2025-07-05,20.753,20.358,0.395,FINAL
2025-07-06,20.76,20.359,0.401,FINAL
2025-07-07,20.771,20.36,0.41,FINAL
2025-07-08,20.765,20.362,0.403,FINAL
2025-07-09,20.766,20.363,0.402,FINAL
2025-07-10,20.756,20.365,0.391,FINAL
2025-07-11,20.75,20.367,0.383,FINAL
2025-07-12,20.755,20.369,0.386,FINAL
2025-07-13,20.759,20.37,0.388,FINAL
2025-07-14,20.761,20.372,0.388,FINAL
2025-07-15,20.763,20.374,0.388,FINAL
2025-07-16,20.771,20.376,0.395,FINAL
2025-07-17,20.773,20.378,0.395,FINAL
2025-07-18,20.78,20.38,0.4,FINAL
2025-07-19,20.776,20.383,0.393,FINAL
2025-07-20,20.778,20.385,0.394,FINAL
2025-07-21,20.783,20.387,0.396,FINAL
2025-07-22,20.794,20.389,0.405,FINAL
2025-07-23,20.798,20.391,0.407,FINAL
2025-07-24,20.803,20.394,0.409,FINAL
2025-07-25,20.801,20.396,0.405,FINAL
2025-07-26,20.799,20.398,0.401,FINAL
2025-07-27,20.794,20.401,0.394,FINAL
2025-07-28,20.802,20.403,0.399,FINAL
2025-07-29,20.799,20.405,0.394,FINAL
2025-07-30,20.804,20.407,0.397,FINAL
2025-07-31,20.8,20.41,0.39,FINAL
2025-08-01,20.796,20.412,0.384,FINAL
2025-08-02,20.788,20.414,0.374,FINAL
2025-08-03,20.787,20.416,0.371,FINAL
2025-08-04,20.789,20.418,0.371,FINAL
2025-08-05,20.79,20.42,0.37,FINAL
2025-08-06,20.793,20.422,0.371,FINAL
2025-08-07,20.801,20.424,0.377,FINAL
2025-08-08,20.809,20.426,0.384,FINAL
2025-08-09,20.825,20.427,0.398,FINAL
2025-08-10,20.832,20.429,0.403,FINAL
2025-08-11,20.845,20.43,0.415,FINAL
2025-08-12,20.856,20.431,0.425,FINAL
2025-08-13,20.857,20.432,0.425,FINAL
2025-08-14,20.871,20.433,0.437,FINAL
2025-08-15,20.863,20.434,0.428,FINAL
2025-08-16,20.858,20.435,0.423,FINAL
2025-08-17,20.863,20.435,0.427,FINAL
2025-08-18,20.858,20.436,0.422,FINAL
2025-08-19,20.857,20.436,0.422,FINAL
2025-08-20,20.857,20.436,0.421,FINAL
2025-08-21,20.856,20.436,0.421,FINAL
2025-08-22,20.855,20.435,0.42,FINAL
2025-08-23,20.853,20.434,0.419,FINAL
2025-08-24,20.839,20.433,0.406,FINAL
2025-08-25,20.824,20.432,0.392,FINAL
2025-08-26,20.811,20.431,0.38,FINAL
2025-08-27,20.8,20.429,0.371,FINAL
2025-08-28,20.792,20.428,0.365,FINAL
2025-08-29,20.776,20.426,0.351,FINAL
2025-08-30,20.771,20.423,0.347,FINAL
2025-08-31,20.77,20.421,0.35,FINAL
2025-09-01,20.768,20.418,0.35,FINAL
2025-09-02,20.759,20.415,0.344,FINAL
2025-09-03,20.752,20.412,0.34,FINAL
2025-09-04,20.746,20.409,0.337,FINAL
2025-09-05,20.748,20.405,0.343,FINAL
2025-09-06,20.748,20.401,0.347,FINAL
2025-09-07,20.75,20.397,0.353,FINAL
2025-09-08,20.757,20.393,0.364,FINAL
2025-09-09,20.749,20.389,0.36,FINAL
2025-09-10,20.742,20.384,0.358,FINAL
2025-09-11,20.737,20.379,0.358,FINAL
2025-09-12,20.746,20.375,0.371,FINAL
2025-09-13,20.746,20.37,0.376,FINAL
2025-09-14,20.745,20.364,0.381,FINAL
2025-09-15,20.741,20.359,0.382,FINAL
2025-09-16,20.734,20.354,0.38,FINAL
2025-09-17,20.73,20.348,0.381,FINAL
2025-09-18,20.726,20.343,0.383,FINAL
2025-09-19,20.726,20.337,0.389,FINAL
2025-09-20,20.727,20.331,0.395,FINAL
2025-09-21,20.723,20.326,0.398,FINAL
2025-09-22,20.703,20.32,0.383,FINAL
2025-09-23,20.697,20.314,0.382,FINAL
2025-09-24,20.689,20.308,0.381,FINAL
2025-09-25,20.677,20.303,0.374,FINAL
2025-09-26,20.666,20.297,0.369,FINAL
2025-09-27,20.654,20.291,0.363,FINAL
2025-09-28,20.661,20.286,0.376,FINAL
2025-09-29,20.651,20.28,0.371,FINAL
2025-09-30,20.651,20.274,0.377,FINAL
2025-10-01,20.644,20.269,0.375,FINAL
2025-10-02,20.65,20.264,0.386,FINAL
2025-10-03,20.645,20.258,0.387,FINAL
2025-10-04,20.626,20.253,0.373,FINAL
2025-10-05,20.606,20.248,0.358,FINAL
2025-10-06,20.595,20.243,0.352,FINAL
2025-10-07,20.58,20.238,0.342,FINAL
2025-10-08,20.557,20.233,0.324,FINAL
2025-10-09,20.551,20.229,0.322,FINAL
2025-10-10,20.555,20.224,0.331,FINAL
2025-10-11,20.551,20.22,0.331,FINAL
2025-10-12,20.552,20.216,0.336,FINAL
2025-10-13,20.558,20.211,0.346,FINAL
2025-10-14,20.566,20.207,0.358,FINAL
2025-10-15,20.568,20.203,0.364,FINAL
2025-10-16,20.557,20.199,0.357,FINAL
2025-10-17,20.55,20.196,0.354,FINAL
2025-10-18,20.543,20.192,0.351,FINAL
2025-10-19,20.528,20.189,0.339,FINAL
2025-10-20,20.529,20.185,0.344,FINAL
2025-10-21,20.51,20.182,0.329,FINAL
2025-10-22,20.515,20.178,0.336,FINAL
2025-10-23,20.502,20.175,0.327,FINAL
2025-10-24,20.495,20.172,0.323,FINAL
2025-10-25,20.492,20.169,0.323,FINAL
2025-10-26,20.488,20.166,0.322,FINAL
2025-10-27,20.478,20.163,0.315,FINAL
2025-10-28,20.461,20.16,0.301,FINAL
2025-10-29,20.464,20.157,0.306,FINAL
2025-10-30,20.467,20.154,0.313,FINAL
2025-10-31,20.463,20.152,0.311,FINAL
2025-11-01,20.461,20.149,0.312,FINAL
2025-11-02,20.448,20.146,0.302,FINAL
2025-11-03,20.444,20.144,0.3,FINAL
2025-11-04,20.45,20.142,0.308,FINAL
2025-11-05,20.438,20.139,0.299,FINAL
2025-11-06,20.44,20.137,0.303,FINAL
2025-11-07,20.436,20.135,0.301,FINAL
2025-11-08,20.425,20.133,0.292,FINAL
2025-11-09,20.433,20.131,0.303,FINAL
2025-11-10,20.44,20.129,0.312,FINAL
2025-11-11,20.443,20.127,0.316,FINAL
2025-11-12,20.433,20.125,0.307,FINAL
2025-11-13,20.414,20.124,0.29,FINAL
2025-11-14,20.406,20.123,0.284,FINAL
2025-11-15,20.398,20.121,0.277,FINAL
2025-11-16,20.393,20.12,0.273,FINAL
2025-11-17,20.384,20.119,0.264,FINAL
2025-11-18,20.382,20.119,0.263,FINAL
2025-11-19,20.387,20.118,0.269,FINAL
2025-11-20,20.388,20.118,0.27,FINAL
2025-11-21,20.378,20.117,0.261,FINAL
2025-11-22,20.373,20.117,0.255,FINAL
2025-11-23,20.397,20.117,0.279,FINAL
2025-11-24,20.399,20.118,0.281,FINAL
2025-11-25,20.406,20.118,0.288,FINAL
2025-11-26,20.422,20.119,0.303,FINAL
2025-11-27,20.433,20.12,0.313,FINAL
2025-11-28,20.431,20.121,0.31,FINAL
2025-11-29,20.429,20.123,0.307,FINAL
2025-11-30,20.435,20.124,0.311,FINAL
2025-12-01,20.456,20.126,0.33,FINAL
2025-12-02,20.473,20.128,0.345,FINAL
2025-12-03,20.469,20.13,0.339,FINAL
2025-12-04,20.467,20.132,0.334,FINAL
2025-12-05,20.466,20.135,0.332,FINAL
2025-12-06,20.47,20.137,0.333,FINAL
2025-12-07,20.478,20.14,0.338,FINAL
2025-12-08,20.499,20.143,0.356,FINAL
2025-12-09,20.502,20.146,0.356,FINAL
2025-12-10,20.506,20.149,0.357,FINAL
2025-12-11,20.504,20.152,0.352,FINAL
2025-12-12,20.502,20.156,0.347,FINAL
2025-12-13,20.498,20.159,0.338,FINAL
2025-12-14,20.479,20.163,0.316,FINAL
2025-12-15,20.466,20.167,0.3,FINAL
2025-12-16,20.46,20.17,0.29,FINAL
2025-12-17,20.456,20.174,0.282,FINAL
2025-12-18,20.46,20.178,0.282,FINAL
2025-12-19,20.464,20.182,0.282,FINAL
2025-12-20,20.472,20.186,0.285,FINAL
2025-12-21,20.482,20.19,0.292,FINAL
2025-12-22,20.496,20.194,0.302,FINAL
2025-12-23,20.507,20.198,0.308,FINAL
2025-12-24,20.522,20.203,0.32,FINAL
2025-12-25,20.53,20.207,0.323,FINAL
2025-12-26,20.539,20.211,0.328,FINAL
2025-12-27,20.554,20.216,0.339,FINAL
2025-12-28,20.559,20.22,0.339,FINAL
2025-12-29,20.566,20.224,0.341,FINAL
2025-12-30,20.569,20.229,0.341,FINAL
2025-12-31,20.58,20.233,0.346,FINAL
2026-01-01,20.586,20.238,0.348,FINAL
2026-01-02,20.595,20.242,0.353,FINAL
2026-01-03,20.605,20.247,0.358,FINAL
2026-01-04,20.609,20.252,0.357,FINAL
2026-01-05,20.618,20.256,0.361,FINAL
2026-01-06,20.637,20.261,0.376,FINAL
2026-01-07,20.654,20.266,0.388,FINAL
2026-01-08,20.649,20.271,0.377,FINAL
2026-01-09,20.648,20.276,0.372,FINAL
2026-01-10,20.656,20.281,0.375,FINAL
2026-01-11,20.673,20.286,0.387,FINAL
2026-01-12,20.678,20.291,0.386,FINAL
2026-01-13,20.68,20.297,0.384,FINAL
2026-01-14,20.696,20.302,0.394,FINAL
2026-01-15,20.703,20.307,0.396,FINAL
2026-01-16,20.712,20.313,0.399,FINAL
2026-01-17,20.717,20.318,0.399,FINAL
2026-01-18,20.723,20.324,0.4,FINAL
2026-01-19,20.716,20.329,0.386,FINAL
2026-01-20,20.709,20.335,0.374,FINAL
2026-01-21,20.693,20.341,0.352,FINAL
2026-01-22,20.678,20.346,0.331,FINAL
2026-01-23,20.679,20.352,0.326,FINAL
2026-01-24,20.693,20.358,0.335,FINAL
2026-01-25,20.707,20.364,0.343,FINAL
2026-01-26,20.718,20.37,0.349,FINAL
2026-01-27,20.733,20.375,0.357,FINAL
2026-01-28,20.751,20.381,0.37,FINAL
2026-01-29,20.757,20.387,0.37,FINAL
2026-01-30,20.77,20.392,0.377,FINAL
2026-01-31,20.78,20.398,0.382,FINAL
2026-02-01,20.802,20.404,0.398,FINAL
2026-02-02,20.803,20.409,0.393,FINAL
2026-02-03,20.805,20.415,0.39,FINAL
2026-02-04,20.801,20.42,0.381,FINAL
2026-02-05,20.814,20.425,0.388,FINAL
2026-02-06,20.829,20.43,0.399,FINAL
2026-02-07,20.837,20.436,0.401,FINAL
2026-02-08,20.841,20.44,0.4,FINAL
2026-02-09,20.847,20.445,0.402,FINAL
2026-02-10,20.862,20.45,0.411,FINAL
2026-02-11,20.866,20.455,0.411,FINAL
2026-02-12,20.875,20.459,0.415,FINAL
2026-02-13,20.878,20.463,0.415,FINAL
2026-02-14,20.869,20.468,0.401,FINAL
2026-02-15,20.868,20.472,0.396,FINAL
2026-02-16,20.868,20.476,0.392,FINAL
2026-02-17,20.87,20.48,0.39,FINAL
2026-02-18,20.872,20.483,0.389,FINAL
2026-02-19,20.882,20.487,0.395,FINAL
2026-02-20,20.903,20.49,0.413,FINAL
2026-02-21,20.922,20.493,0.429,FINAL
2026-02-22,20.948,20.497,0.451,FINAL
2026-02-23,20.955,20.5,0.455,FINAL
2026-02-24,20.967,20.503,0.465,FINAL
2026-02-25,20.964,20.505,0.458,FINAL
2026-02-26,20.954,20.508,0.446,FINAL
2026-02-27,20.948,20.51,0.437,FINAL
2026-02-28,20.945,20.513,0.432,FINAL
2026-03-01,20.934,20.515,0.418,FINAL
2026-03-02,20.943,20.517,0.425,FINAL
2026-03-03,20.946,20.52,0.427,FINAL
2026-03-04,20.939,20.522,0.418,FINAL
2026-03-05,20.946,20.523,0.423,FINAL
2026-03-06,20.956,20.525,0.431,FINAL
2026-03-07,20.952,20.527,0.425,FINAL
2026-03-08,20.956,20.529,0.427,FINAL
2026-03-09,20.952,20.53,0.422,FINAL
2026-03-10,20.962,20.531,0.431,FINAL
2026-03-11,20.954,20.533,0.421,FINAL
2026-03-12,20.959,20.534,0.425,FINAL
2026-03-13,20.958,20.535,0.423,FINAL
2026-03-14,20.955,20.536,0.419,FINAL
2026-03-15,20.967,20.537,0.43,FINAL
2026-03-16,20.968,20.538,0.43,FINAL
2026-03-17,20.975,20.538,0.437,FINAL
2026-03-18,20.994,20.539,0.455,FINAL
2026-03-19,20.997,20.539,0.458,FINAL
2026-03-20,20.989,20.54,0.449,FINAL
2026-03-21,20.99,20.54,0.45,FINAL
2026-03-22,20.987,20.54,0.447,FINAL
2026-03-23,20.995,20.54,0.455,FINAL
2026-03-24,20.997,20.54,0.457,FINAL
2026-03-25,20.998,20.539,0.458,FINAL
2026-03-26,20.987,20.539,0.448,FINAL
2026-03-27,20.998,20.538,0.459,FINAL
2026-03-28,21.0,20.538,0.462,FINAL
2026-03-29,20.997,20.537,0.46,FINAL
2026-03-30,20.995,20.536,0.459,FINAL
2026-03-31,21.005,20.535,0.47,FINAL
2026-04-01,21.007,20.534,0.473,FINAL
2026-04-02,21.018,20.532,0.486,FINAL
2026-04-03,21.015,20.531,0.484,FINAL
2026-04-04,21.017,20.529,0.488,FINAL
2026-04-05,21.017,20.528,0.489,FINAL
2026-04-06,21.008,20.526,0.482,FINAL
2026-04-07,21.003,20.524,0.479,FINAL
2026-04-08,20.995,20.522,0.473,FINAL
2026-04-09,20.997,20.52,0.478,FINAL
2026-04-10,20.985,20.517,0.467,FINAL
2026-04-11,20.978,20.515,0.463,FINAL
2026-04-12,20.972,20.513,0.459,FINAL
2026-04-13,20.979,20.51,0.469,FINAL
2026-04-14,20.993,20.508,0.485,FINAL
2026-04-15,20.993,20.505,0.488,FINAL
2026-04-16,21.005,20.502,0.503,FINAL
2026-04-17,21.013,20.5,0.513,FINAL
2026-04-18,21.015,20.497,0.518,FINAL
2026-04-19,21.021,20.494,0.527,FINAL
2026-04-20,21.011,20.491,0.52,FINAL
2026-04-21,21.01,20.488,0.522,FINAL
2026-04-22,21.002,20.485,0.517,FINAL
2026-04-23,21.0,20.482,0.518,FINAL
2026-04-24,21.0,20.479,0.521,FINAL
2026-04-25,21.006,20.476,0.53,FINAL
2026-04-26,21.007,20.473,0.534,FINAL
2026-04-27,21.004,20.469,0.535,FINAL
2026-04-28,20.993,20.466,0.526,FINAL
2026-04-29,20.99,20.463,0.527,FINAL
2026-04-30,20.988,20.46,0.528,FINAL
2026-05-01,20.983,20.457,0.526,FINAL
2026-05-02,20.977,20.453,0.524,FINAL
2026-05-03,20.972,20.45,0.521,FINAL
2026-05-04,20.979,20.447,0.532,FINAL
2026-05-05,20.978,20.444,0.534,FINAL
2026-05-06,20.963,20.441,0.523,FINAL
2026-05-07,20.961,20.437,0.523,FINAL
2026-05-08,20.942,20.434,0.508,FINAL
2026-05-09,20.927,20.431,0.496,FINAL
2026-05-10,20.913,20.428,0.485,FINAL
2026-05-11,20.916,20.425,0.492,FINAL
2026-05-12,20.92,20.421,0.499,FINAL
2026-05-13,20.918,20.418,0.5,FINAL
2026-05-14,20.895,20.415,0.479,FINAL
2026-05-15,20.873,20.412,0.46,FINAL
2026-05-16,20.871,20.409,0.461,FINAL
2026-05-17,20.872,20.406,0.465,FINAL
2026-05-18,20.869,20.403,0.466,FINAL
2026-05-19,20.873,20.4,0.473,FINAL
2026-05-20,20.868,20.397,0.471,FINAL
2026-05-21,20.859,20.394,0.465,FINAL
2026-05-22,20.866,20.392,0.474,FINAL
2026-05-23,20.871,20.389,0.482,FINAL
2026-05-24,20.876,20.386,0.49,FINAL
2026-05-25,20.879,20.383,0.495,FINAL
2026-05-26,20.874,20.381,0.493,FINAL
2026-05-27,20.861,20.378,0.482,FINAL
2026-05-28,20.864,20.376,0.488,FINAL
2026-05-29,20.853,20.374,0.48,FINAL
2026-05-30,20.847,20.371,0.476,FINAL
2026-05-31,20.842,20.369,0.473,FINAL
2026-06-01,20.845,20.367,0.478,FINAL
2026-06-02,20.853,20.365,0.488,FINAL
2026-06-03,20.849,20.363,0.486,FINAL
2026-06-04,20.856,20.361,0.494,FINAL
2026-06-05,20.855,20.36,0.496,FINAL
2026-06-06,20.864,20.358,0.505,FINAL
2026-06-07,20.857,20.357,0.501,FINAL
2026-06-08,20.852,20.355,0.497,FINAL
2026-06-09,20.846,20.354,0.493,FINAL
2026-06-10,20.843,20.353,0.49,FINAL
2026-06-11,20.838,20.352,0.486,FINAL
2026-06-12,20.853,20.351,0.502,FINAL
2026-06-13,20.858,20.35,0.508,FINAL
2026-06-14,20.859,20.349,0.51,FINAL
2026-06-15,20.863,20.349,0.515,FINAL
2026-06-16,20.863,20.348,0.515,FINAL
2026-06-17,20.866,20.348,0.519,FINAL
2026-06-18,20.857,20.347,0.51,FINAL
2026-06-19,20.86,20.347,0.513,FINAL
2026-06-20,20.859,20.347,0.512,FINAL
2026-06-21,20.858,20.347,0.511,FINAL
2026-06-22,20.86,20.347,0.512,FINAL
2026-06-23,20.885,20.348,0.538,FINAL
2026-06-24,20.885,20.348,0.537,FINAL
2026-06-25,20.884,20.348,0.536,FINAL
2026-06-26,20.875,20.349,0.526,FINAL
2026-06-27,20.884,20.349,0.534,FINAL
2026-06-28,20.885,20.35,0.535,FINAL
2026-06-29,20.881,20.351,0.53,FINAL
2026-06-30,20.882,20.352,0.53,FINAL
2026-07-01,20.876,20.353,0.524,FINAL
2026-07-02,20.875,20.354,0.521,FINAL
2026-07-03,20.881,20.355,0.526,FINAL
2026-07-04,20.89,20.356,0.534,FINAL
2026-07-05,20.9,20.358,0.542,FINAL
2026-07-06,20.896,20.359,0.537,FINAL
2026-07-07,20.905,20.36,0.544,FINAL
2026-07-08,20.902,20.362,0.541,FINAL
2026-07-09,20.898,20.363,0.535,FINAL
2026-07-10,20.904,20.365,0.539,FINAL
2026-07-11,20.905,20.367,0.538,FINAL
2026-07-12,20.915,20.369,0.547,FINAL
2026-07-13,20.932,20.37,0.562,FINAL
2026-07-14,20.947,20.372,0.575,FINAL
2026-07-15,20.961,20.374,0.587,FINAL
2026-07-16,20.956,20.376,0.579,FINAL
2026-07-17,20.961,20.378,0.582,FINAL
2026-07-18,20.967,20.38,0.587,FINAL
2026-07-19,20.987,20.383,0.604,FINAL
2026-07-20,20.997,20.385,0.613,FINAL
2026-07-21,21.008,20.387,0.621,FINAL
2026-07-22,21.018,20.389,0.629,FINAL
2026-07-23,21.013,20.391,0.622,FINAL
2026-07-24,21.011,20.394,0.617,FINAL
2026-07-25,21.014,20.396,0.618,FINAL
2026-07-26,21.023,20.398,0.625,FINAL
2026-07-27,21.021,20.401,0.62,FINAL
2026-07-28,21.04,20.403,0.637,FINAL
2026-07-29,21.045,20.405,0.64,FINAL
2026-07-30,21.051,20.407,0.644,FINAL
2026-07-31,21.053,20.41,0.643,FINAL
2026-08-01,21.043,20.412,0.631,FINAL
2026-08-02,21.04,20.414,0.627,FINAL
2026-08-03,21.041,20.416,0.625,FINAL
2026-08-04,21.042,20.418,0.624,FINAL
2026-08-05,21.042,20.42,0.622,FINAL
2026-08-06,21.042,20.422,0.62,FINAL
2026-08-07,21.047,20.424,0.624,FINAL
2026-08-08,21.047,20.426,0.622,FINAL
2026-08-09,21.049,20.427,0.622,FINAL
2026-08-10,21.054,20.429,0.625,FINAL
2026-08-11,21.049,20.43,0.619,FINAL
2026-08-12,21.06,20.431,0.629,FINAL
2026-08-13,21.07,20.432,0.638,FINAL
2026-08-14,21.079,20.433,0.645,FINAL
